"","Ion","Sp_HL_rep1","Sp_HL_rep2","Sp_HL_rep3","Sp_HL_rep4","Sp_HL_rep5","Sp_LL_rep1","Sp_LL_rep2","Sp_LL_rep3","Sp_LL_rep4","Sp_LL_rep5","Wa_HL_rep1","Wa_HL_rep2","Wa_HL_rep3","Wa_HL_rep4","Wa_HL_rep5","Wa_LL_rep1","Wa_LL_rep2","Wa_LL_rep3","Wa_LL_rep4","Wa_LL_rep5","MS"
"T-021_G6P;T-022_F6P;T-206_M6P *","Anion",0.28255072,0.465744864,0.364795894,0.499572548,0.406642681,0.308141421,0.341754233,0.326545701,0.362961865,0.332075976,0.409537634,0.357214334,0.329375094,0.352137892,0.373683615,0.232669603,0.235917055,0.201157778,0.205908203,0.200912168,"CEMS"
"T-025_DHAP","Anion",0.018031559,0.019992498,0.021508084,0.02125447,0.016695303,0.014391381,0.01334443,0.01610364,0.014108,0.013383815,0.00469747,0.008362473,0.010327264,0.00805805,0.009497014,0.011499334,0.012127747,0.011490888,0.01109858,0.013278314,"CEMS"
"T-027_3PG;T-028_2PG *","Anion",0,0,0,0,0,0,0,0,0,0,0,0,0,0,0,0.05482266,0.05816996,0.048389689,0.046288678,0.049103689,"CEMS"
"T-029_PEP","Anion",0.009326361,0.011033329,0.010388901,0.008542703,0.009898467,0.023508996,0.020339514,0.024374364,0.016311316,0.016758844,0.021024309,0.018408405,0.015045354,0.018817883,0.016563968,0.040098754,0.046025108,0.032654874,0.028255121,0.039109643,"CEMS"
"T-030_Pyruvate","Anion",0.067616319,0.07515115,0.073204304,0.087800449,0.077871941,0.050125247,0.049724933,0.031890529,0.04435018,0.047777483,0.020809365,0.02181155,0.028597998,0.015537098,0.017301569,0.013394436,0.014811089,0.015198351,0.01268776,0.015595458,"CEMS"
"T-033_Citrate","Anion",3.926513082,4.050706167,3.907354765,4.001166939,3.905671014,2.599969771,3.045387742,2.492110522,3.178479917,4.046766486,5.02493192,5.160018934,5.156850372,5.72383775,5.475387394,0.978339032,0.838067894,0.836144647,0.97138283,0.906632866,"CEMS"
"T-034_cis-Aconitate;T-162_trans-Aconitate *","Anion",0,0,0,0,0,0.000555712,0.000673741,0.000558741,0.000619879,0,0.000859163,0.00139745,0.000880267,0,0.001718992,0.000609273,0,0,0,0,"CEMS"
"T-035_Isocitrate","Anion",0.019148878,0.02925262,0.021513436,0.026698681,0.020602903,0.027934492,0.026778999,0.021787247,0.031213588,0.034205117,0.064364043,0.065532071,0.047360538,0.055355452,0.061608015,0.016502521,0.010302663,0.007072667,0.0092885,0.010852885,"CEMS"
"T-038_Succinate","Anion",0.651425674,0.622670281,0.701891663,0.701811726,0.726856353,0.557422546,0.523420587,0.4368758,0.51952713,0.435454765,0.277464184,0.270634833,0.279398258,0.203880552,0.211340367,0.113125413,0.096189058,0.07405787,0.073216588,0.106771026,"CEMS"
"T-039_Fumarate","Anion",0.054209524,0.043544193,0.056117633,0.047297124,0.056727578,0.043516305,0.05168004,0.041594954,0.048234939,0.056069536,0.01293929,0.01271469,0.016490366,0.013215673,0.013582686,0.005631469,0.006339021,0.005846376,0.005370982,0.006018547,"CEMS"
"T-040_Malate","Anion",16.13092039,19.17108906,19.72927179,22.22844612,18.23214227,9.236156914,5.6621675,7.638635454,11.76950861,11.76002632,10.56857588,11.85800628,10.41281488,6.991221744,8.346042597,2.336189394,2.224934772,1.514979538,1.562157884,1.890888375,"CEMS"
"T-041_6P-gluconate","Anion",0.001833297,0.002406112,0.002407271,0.002792408,0.002822411,0.001520125,0.001495406,0.001305368,0.001788235,0.001275883,0.004246824,0.003920284,0.004598928,0.001663697,0.002363241,0.002341988,0.001431597,0.00229054,0.001964397,0.002782302,"CEMS"
"T-042_Ribu5P;T-043_Rib5P;T-354_X5P *","Anion",0.037110915,0.039064182,0.049452109,0.043686906,0.041323833,0.026723593,0.028285128,0.025806231,0.028409583,0.02717636,0.027119922,0.025582275,0.031421722,0.019494454,0.021602163,0.017113127,0.017264837,0.01308864,0.015891386,0.019067878,"CEMS"
"T-047_AMP","Anion",0.014301878,0.012671135,0.015445989,0.0169735,0.017303716,0.02563377,0.026895977,0.022383696,0.021754402,0.020076009,0.016275613,0.008356396,0.013288261,0.011588287,0.017004128,0.020138684,0.038771862,0.024587901,0.026194924,0.027978125,"CEMS"
"T-048_ADP","Anion",0.001171269,0.001373554,0.001388334,0.001354161,0.00131178,0.001152361,0.001327384,0.00097873,0.001336083,0.00121009,0.002665265,0.002175929,0.003235378,0.002112024,0.002160515,0.000946161,0.000748184,0.001102641,0.000748953,0.000804567,"CEMS"
"T-048+_ADP[M-2H]","Anion",0.002521788,0.002235254,0.003041269,0.002923676,0.002533404,0.002037367,0.002695517,0.001729145,0.002884441,0.002395253,0.004670016,0.004396845,0.005481818,0.004902831,0.00486797,0.001885772,0.001434818,0.001727937,0.001615352,0.001483814,"CEMS"
"T-049+_ATP[M-2H]","Anion",0.001292913,0.001098555,0.001106965,0.000816243,0.000817764,0.000729593,0.00076149,0.000427447,0.00087851,0.000751995,0.000817257,0.000940432,0.001306346,0.000980337,0.000654239,0,0,0,0,0,"CEMS"
"T-051_CMP","Anion",0.002194356,0.002052598,0.002558241,0.002859703,0.002625311,0.004064667,0.005304633,0.003976246,0.003102947,0.003037976,0.002286434,0.002068914,0.002881419,0.001762334,0.002811381,0.001652854,0.002241975,0.00232107,0.002667919,0.002744209,"CEMS"
"T-054_cCMP","Anion",0,0,0,0,0,0,0,0,0,0,0.009638678,0.011504456,0.007527389,0.008513014,0.009970259,0.004276558,0.0043353,0.003969466,0.003955954,0.005127266,"CEMS"
"T-060_NAD","Anion",0.001764067,0.001485887,0.001791717,0.001676723,0.001721537,0.001996497,0.001621085,0.001636149,0.001821569,0.002292437,0.002021827,0.001706875,0.002685058,0.002603222,0.002006183,0.001677601,0.001513687,0.001807988,0.001509922,0.001472001,"CEMS"
"T-062_NADP","Anion",0.000386573,0,0.00038107,0.000387351,0.000330489,0.000390499,0.000357061,0.000349724,0.000359441,0,0.00038469,0.000335107,0.000543601,0,0,0.000393741,0.000387117,0.000514511,0.000476038,0.000433143,"CEMS"
"T-077_GlcNAc;T-556_GalNAc *","Anion",0,0,0,0,0.000340341,0,0,0.00033901,0.000407853,0,0,0,0,0,0.000416287,0.000338569,0,0,0,0,"CEMS"
"T-091_G1P;T-205_Gal1P;T-505_Inositol1P;T-508_Man1P *","Anion",0.110607775,0.151720682,0.118540101,0.130737967,0.144243136,0.102131315,0.102716792,0.099494398,0.115676352,0.101942144,0.141745665,0.124491486,0.115701616,0.108580495,0.123676235,0.079057838,0.085227959,0.071948363,0.075826155,0.091649029,"CEMS"
"T-092_Gly3P","Anion",0.016709039,0.019142465,0.018418834,0.019854255,0.020493042,0.021355753,0.019557251,0.01662947,0.018565971,0.015856058,0.009981964,0.009273292,0.008655076,0.008748963,0.00923441,0.008642422,0.008522524,0.007483847,0.007202131,0.00911415,"CEMS"
"T-095_GlcN6P","Anion",0.005026031,0.006000699,0.0056413,0.005652361,0.005529907,0.002158577,0.001338536,0.001390076,0.000806672,0.001153125,0,0,0,0,0,0,0,0,0,0,"CEMS"
"T-096_Gluconate","Anion",0.209106275,0.224782794,0.222057781,0.219090682,0.211788315,0.095380961,0.096049908,0.08424133,0.092517455,0.09965036,0.065492389,0.067686609,0.068587514,0.066588251,0.068468999,0.040563952,0.040037849,0.04112976,0.036714588,0.041630518,"CEMS"
"T-099_Lactate","Anion",0.067102984,0.05237235,0.053649549,0.046534453,0.057032011,0.050375868,0.046787494,0.043741128,0.041563808,0.039547381,0.045472102,0.039119656,0.040107776,0.036960034,0.040953964,0.040209331,0.035249945,0.042593958,0.030504696,0.064519984,"CEMS"
"T-100_Galacturonate;T-183_Glucuronate *","Anion",0.039667062,0.041267191,0.040610573,0.038237807,0.037411307,0.024165717,0.022006434,0.019484029,0.025302461,0.02712013,0.013646284,0.014909746,0.012798012,0.013632264,0.013919374,0.00706062,0.006658935,0.007473228,0.00755455,0.008037113,"CEMS"
"T-106_Shikimate","Anion",0.112794236,0.102319582,0.104511853,0.09885855,0.104977357,0.038610969,0.043970281,0.033094436,0.039823112,0.039488781,0.064988118,0.06585955,0.07200188,0.062549881,0.063314876,0.029184584,0.027281509,0.02663063,0.029830145,0.026330813,"CEMS"
"T-111_Quinate","Anion",2.305364143,2.073697769,2.018785587,1.950467872,1.959043211,0.993584674,1.04205427,0.822813901,1.089901489,1.007395314,0.031362281,0.027443058,0.026304435,0.027408783,0.021367649,0.01965778,0.031359089,0.02172516,0.021888196,0.027768316,"CEMS"
"T-114_2-Hydroxyisobutyrate;T-470_2-Hydroxybutyrate *","Anion",0.000926371,0.00106926,0.000769297,0.000672193,0.001125115,0.000426235,0,0,0.000533274,0.000458994,0.000687186,0,0.000530652,0.000527129,0.000579052,0,0.000633101,0,0.000483363,0,"CEMS"
"T-116_Acrylate","Anion",0.009815937,0.010410714,0.005605121,0.009753691,0.010640982,0.002587946,0.008783333,0.006549156,0.007831575,0.005750422,0,0,0.001217672,0.000926633,0.001935731,0,0,0,0,0,"CEMS"
"T-118_Glutarate","Anion",0.007258401,0.006344448,0.006202231,0.005806875,0.007148259,0.006674748,0.006430048,0.005168788,0.006016486,0.00623606,0.006492746,0.005578597,0.005119172,0.004647124,0.005147506,0.005691799,0.007912469,0.005435502,0.005628671,0.005969669,"CEMS"
"T-119_Malonate","Anion",0.172642986,0.207363728,0.186635854,0.206829802,0.204207808,0.151472498,0.147820516,0.113739316,0.13350045,0.140403827,0.275660092,0.292742163,0.244671005,0.231943555,0.266225058,0.132510693,0.122608446,0.096711988,0.109266007,0.124984859,"CEMS"
"T-122_Phenylpyruvate","Anion",0.023214544,0.027263529,0.023939796,0.028367698,0.024118894,0.01271251,0.011422965,0.00897544,0.011013837,0.008410398,0.011877625,0.009831723,0.006986821,0.008199711,0.009137555,0.008604231,0.00470202,0.002582971,0.002858779,0.004968818,"CEMS"
"T-137_UDP-Glc;T-198_UDP-Gal *","Anion",0.011103806,0.011204057,0.011851334,0.011143566,0.010650056,0.01080402,0.011415305,0.011022994,0.011566115,0.011030898,0.017833848,0.016833332,0.02147497,0.017229708,0.015092854,0.011109128,0.010233313,0.010408668,0.010920971,0.010547716,"CEMS"
"T-138_Chlorogenate","Anion",2.298729098,1.808484907,1.877576266,1.952067526,1.844380562,1.592047054,1.803542648,1.772116593,1.888280931,2.025106392,0,0,0,0,0,0,0,0,0,0,"CEMS"
"T-139_Pantothenate","Anion",0.014413288,0.01587118,0.014978503,0.015152915,0.015508874,0.018944955,0.016548976,0.014770984,0.014628501,0.013960745,0.008430147,0.009527541,0.007727767,0.008641172,0.008691557,0.006051463,0.006419608,0.006526298,0.005549002,0.005958455,"CEMS"
"T-150_UMP","Anion",0,0,0,0,0,0,0,0,0,0,0.013038726,0.018088791,0.018103712,0.016759716,0.016430006,0.011602434,0.015514685,0.014464822,0.011959712,0.010036505,"CEMS"
"T-154_IAA","Anion",0.001829788,0,0.001129795,0.001185548,0.003068706,0.000669922,0,0,0,0.000601694,0,0,0,0,0,0,0,0,0,0,"CEMS"
"T-159_Mevalonolactone[Scission, +H2O];T-640_Mevalonate *","Anion",0.006785932,0.009331165,0.008782979,0.00686999,0.006258745,0.010251775,0.008595702,0.00813126,0.009700621,0.006395351,0.004234827,0.003561998,0.003270127,0.004156001,0.003438893,0.005173109,0.004778671,0.003964259,0.003995788,0.005287511,"CEMS"
"T-161_Citramalate","Anion",0.138906103,0.133186938,0.126525471,0.134435217,0.137756891,0.12278441,0.117284497,0.093202563,0.11614352,0.111770879,0.031033336,0.036058709,0.036257415,0.031266282,0.033901022,0.008019067,0.0080521,0.007979877,0.007414636,0.008496536,"CEMS"
"T-164_2,6-Diaminopimelate","Anion",0.002668361,0.002186624,0.002450544,0.002248413,0.003079725,0.004237614,0.002700297,0.00193757,0.002229173,0.002019623,0.000736011,0.000694226,0.000726768,0.000567026,0.000463709,0.000570154,0.000731365,0,0.000741875,0.00072239,"CEMS"
"T-184_Glycerate","Anion",1.46469961,1.680650034,1.478935412,1.686589198,1.691058603,0.774306545,0.965621174,0.696532707,1.056402217,1.188058388,0.118440167,0.150355538,0.121603449,0.090854249,0.138891828,0.060594147,0.065122687,0.054515732,0.056703982,0.060914625,"CEMS"
"T-192_N-AcetylGlu","Anion",0.02093144,0.014284625,0.030778669,0.018320956,0.032630656,0.029353009,0.022714613,0.022704355,0.020578445,0.017352938,0.004442126,0.002419215,0.006530747,0.003376675,0.002538592,0.006485656,0.005215601,0.004150194,0.003849784,0.00431294,"CEMS"
"T-200_Xanthine;T-428_Hydroxyphenylacetate *","Anion",0.000760499,0.001696856,0.000685074,0.001491945,0.001026921,0.000410967,0.000461845,0,0.0003486,0.000514816,0.00079795,0.001264337,0.000894282,0.000739353,0.000840229,0,0.000367651,0,0,0.00074379,"CEMS"
"T-202_XMP","Anion",0,0,0,0,0,0,0,0,0,0,0.008737385,0.009664706,0.02289851,0.016010904,0.012407261,0.005694813,0.007350794,0.012225233,0.010427897,0.005717316,"CEMS"
"T-209_Arginosuccinate","Anion",0.00137055,0.000837843,0.001791136,0.00099344,0.001567668,0.00113456,0.001113711,0.00141328,0.001476645,0.001605826,0.003950355,0.003490615,0.005825451,0.007217314,0.005418348,0.002205448,0.001499588,0.002374165,0.002916802,0.00191242,"CEMS"
"T-214_Shikimate3P_1 **","Anion",0.001185524,0.000972525,0.001493194,0.001056223,0.001098476,0.001054887,0.000849607,0.000637767,0.000834896,0.000540642,0.000591097,0.000995489,0.000816671,0.000470525,0.000549081,0.00071446,0.000472786,0,0.000727719,0.001029613,"CEMS"
"T-214_Shikimate3P_2 **","Anion",0.000941065,0.000833387,0.000863323,0.000791681,0.001032559,0.000536311,0.000639365,0.000593252,0.000747606,0.00084059,0,0,0,0,0,0,0,0,0,0,"CEMS"
"T-218_Homogentisate_1 **","Anion",0.001980528,0.002371836,0.001467592,0.002796606,0.00237558,0.001108691,0.000893971,0.000980743,0.001002187,0.001213033,0.002333753,0.002416296,0.001493857,0.001835796,0.00253204,0.00040058,0.000452675,0.000993286,0.000947467,0.001011466,"CEMS"
"T-218_Homogentisate_2 **","Anion",0.001950555,0.00196091,0.002160469,0.002147972,0.001998943,0.001622667,0.001791435,0.001178691,0.001633032,0.00161171,0.00161995,0.001211485,0.001002543,0.001356117,0.001209094,0.001635236,0.001790016,0.001347899,0.001520704,0.001931681,"CEMS"
"T-218_Homogentisate_3 **","Anion",0.005562467,0.004260064,0.003848809,0.004724211,0.006002599,0.002570344,0.002752934,0.001788932,0.002370233,0.002701004,0,0,0,0,0,0,0,0,0,0,"CEMS"
"T-218_Homogentisate_4 **","Anion",0.002299918,0.001902122,0.002757514,0.002183499,0.002573265,0.0020257,0.002062035,0.002031394,0.002156836,0.002383566,0.00223532,0.001693052,0.0021181,0.001674682,0.001327357,0.002220748,0.002049525,0.002458606,0.00204028,0.002142346,"CEMS"
"T-257_N-AcetylSer","Anion",0.008657827,0.00453041,0.009028878,0.004518944,0.007931542,0.009477778,0.012001727,0.008722499,0.008570209,0.007539976,0.002528999,0.001819551,0.002832575,0.001581005,0.002021233,0.001155781,0.001287028,0.000618966,0.000894876,0.001406687,"CEMS"
"T-267_5-OxoPro","Anion",0.050858812,0.041633944,0.055512333,0.042643967,0.092457532,0.026696124,0.03222506,0.030437706,0.032744003,0.025699749,0.010689015,0.01009217,0.013929633,0.007044453,0.007968942,0.010378557,0.00596314,0.009540258,0.005037903,0.014367592,"CEMS"
"T-268_Sinapate","Anion",0.015664678,0.023605632,0.022206507,0.021475025,0.01400777,0.002634616,0.002398568,0.002688814,0.002139203,0.002962621,0,0,0,0,0,0,0,0,0,0,"CEMS"
"T-269_Raffinose","Anion",0.003520166,0.00331323,0.002735652,0.002825617,0.002814893,0.001105157,0.001049063,0.001136011,0.001104555,0.002290476,0.002558964,0.002477192,0.003492796,0.00452194,0.003349563,0.000951956,0.000732224,0.000948869,0.001437332,0.000861407,"CEMS"
"T-270_S6P","Anion",0.001365067,0.002943396,0.002441837,0.003092288,0.002277451,0.001551794,0.002216085,0.00202506,0.001961383,0.002454589,0.002245253,0.001981324,0.001257829,0.001922761,0.001477537,0.001842133,0.001256253,0.001053222,0.000961047,0.001804477,"CEMS"
"T-271_b-CyanoAla","Anion",0.000954882,0.002099786,0.00183802,0.00176789,0,0,0,0,0,0,0,0,0,0,0,0,0,0,0,0,"CEMS"
"T-272_Allantoate","Anion",0.025121968,0.013181351,0.021132044,0.012350419,0.022319774,0.17473734,0.148603575,0.163920917,0.107790322,0.075078236,0.000809054,0.000567489,0.000523358,0.000583656,0.000766728,0.002553637,0.003383932,0.004310091,0.00558217,0.006401185,"CEMS"
"T-290_3-Dehydroshikimate","Anion",0.005434608,0.004608531,0.00481164,0.004142245,0.004854799,0.002973111,0.003015261,0.002250238,0.002295279,0.002314341,0.004141751,0.003888286,0.004196862,0.003718813,0.003402694,0.001381281,0.001347933,0.001105908,0.001474285,0.001661009,"CEMS"
"T-293_Riboflavin","Anion",0,0,0,0,0,0,0,0,0.00032399,0,0,0,0,0,0,0,0,0,0,0,"CEMS"
"T-318_4-Oxovalerate","Anion",0.002261685,0.002164276,0.001948233,0.001999223,0.002418941,0.002858635,0.002534726,0.002057795,0.002895843,0.00262712,0.002358082,0.00179232,0.002075484,0.001995613,0.001967389,0.001875746,0.001964215,0.001865167,0.00194341,0.002483724,"CEMS"
"T-319_Benzoate","Anion",0.008802061,0.003757449,0.002352519,0.005982818,0.003065855,0.237283606,0.233490395,0.215198395,0.249539982,0.232736597,0.24645434,0.169541947,0.231814806,0.176308442,0.145295201,0.229170212,0.223592135,0.228362958,0.211448234,0.220465064,"CEMS"
"T-322_3-Ureidopropionate","Anion",0.001333925,0.002189705,0.001186933,0.00183625,0.001291299,0.001944293,0.001071001,0.001081611,0.001051658,0.001021867,0.004900697,0.007429609,0.003878553,0.003737274,0.006996632,0.000597566,0.00106638,0.000936923,0.000754797,0.001302083,"CEMS"
"T-323_HMG","Anion",0.042636391,0.049001119,0.0442801,0.04177459,0.076467022,0.180804838,0.091577724,0.085043185,0.078241043,0.060670347,0.007479024,0.007175836,0.007554106,0.005790634,0.00690114,0.002494465,0.002487815,0.00196809,0.002309656,0.002184633,"CEMS"
"T-325_2-Isopropylmalate;T-656_3-Isopropylmalate *","Anion",1.026269551,0.893705315,1.021751855,0.980379333,1.078774936,0.516278103,0.566128499,0.416205266,0.543782544,0.47937109,0.079174219,0.068691512,0.098994154,0.05679594,0.063428598,0.008332947,0.007982177,0.004701259,0.006329642,0.006966154,"CEMS"
"T-326_Chelidonate","Anion",0.056669539,0.040302072,0.053313235,0.046800122,0.058117395,0.165773671,0.139339708,0.152593838,0.113874347,0.121076462,0,0.000361026,0,0,0,0,0,0,0.00046361,0,"CEMS"
"T-333_3-Hydroxypropionate","Anion",0.017071195,0.014299372,0.016572172,0.015304546,0.014942978,0.012431687,0.012730495,0.010745251,0.011170661,0.010918193,0.010519381,0.011253841,0.012674999,0.011113947,0.010495208,0,0,0,0,0,"CEMS"
"T-337_Mucic acid","Anion",0.002887015,0.002465359,0.003340953,0.002790152,0.004373163,0.004449298,0.004663982,0.002671588,0.004440277,0.001956528,0.000637356,0.000472331,0,0,0.000387743,0.000758853,0.000776239,0,0.000529535,0.001039629,"CEMS"
"T-339_PhenylacetylGly","Anion",0.173668998,0.153400104,0.151174138,0.147974943,0.148766927,0.077160132,0.081175145,0.063544455,0.08323989,0.075535187,0.002448033,0.002217579,0.002185056,0.001824353,0.001927168,0,0,0,0,0,"CEMS"
"T-346_5-Amino-4-oxovalerate;T-391_N-Acetyl-b-Ala *","Anion",0.002156415,0.002062822,0.002621119,0.002321472,0.002901291,0.003348942,0.002753485,0.002468431,0.002824316,0.002487689,0.001208308,0.000949787,0.001123097,0.000987203,0.00082946,0.000709533,0.000789121,0.000774269,0.000665992,0.000793268,"CEMS"
"T-347_GlcNAc6P;T-560_GalNAc6P *","Anion",0.004498807,0.004337399,0.004371111,0.004432351,0.004677013,0.00455404,0.004188655,0.004208704,0.004646321,0.0043933,0.00225273,0.002037156,0.002558521,0.001960522,0.00236162,0.002871747,0.003086347,0.00300814,0.00313334,0.003614689,"CEMS"
"T-348_S7P","Anion",0.03877695,0.061345676,0.059402996,0.082936448,0.070737552,0.037562816,0.038910572,0.034356,0.042068733,0.036580346,0.060790622,0.050926328,0.05852783,0.03367719,0.037259927,0.016617618,0.014408155,0.013089559,0.014058509,0.015198268,"CEMS"
"T-349_T6P;T-496_L1P;T-497_Suc6'P_1 *,**","Anion",0.001910567,0.002624028,0.001100839,0.002438078,0.001630408,0.000594249,0.000670065,0.00043165,0.000592589,0.000620656,0.00072753,0.000715915,0.000908869,0.000622637,0.00055985,0,0,0,0,0,"CEMS"
"T-349_T6P;T-496_L1P;T-497_Suc6'P_2 *,**","Anion",0.000713566,0.001025545,0.001049183,0.00104507,0.000998013,0.000365897,0.0005355,0.000479894,0.000522309,0.000508277,0.001142575,0.001112156,0.001105231,0.001159988,0.001133647,0,0,0,0,0,"CEMS"
"T-352_4-Oxohexanoate","Anion",0.008306783,0.007902559,0.008939044,0.00994674,0.009919727,0.008807656,0.00933501,0.008275163,0.008871706,0.007946908,0.008637502,0.006614067,0.007310047,0.005506549,0.005396681,0.007685077,0.007105598,0.007392462,0.007080899,0.008034203,"CEMS"
"T-380_Gentisate","Anion",0,0.002187083,0.002001566,0,0,0.001448119,0.001731751,0.001194792,0.001919264,0.001835568,0,0.000381821,0,0,0,0,0,0,0,0,"CEMS"
"T-383_Thiotomin","Anion",0.00587886,0.003451319,0.003515397,0.005572598,0.006714002,0.002170311,0.005407089,0.002420956,0,0,0.000432232,0.000567787,0,0.000644379,0.000794364,0.000512953,0.000382322,0,0,0.000491438,"CEMS"
"T-386_Cyclohexane-1-carboxylate","Anion",0.001381735,0.000568939,0.001401167,0.000869565,0.001515168,0.001441052,0.001202746,0.0006853,0.001210412,0.000833235,0.000661908,0,0.000742011,0.000578011,0.00036374,0.00081049,0.001427089,0.001363623,0.000922118,0.001308759,"CEMS"
"T-388_PEA","Anion",0.03568678,0.025204377,0.036867592,0.028507049,0.03496631,0.04695932,0.048502701,0.03940403,0.047849516,0.042516949,0.020137078,0.019506916,0.028909095,0.01813582,0.020181974,0.019892727,0.021579096,0.023728476,0.023970451,0.0276834,"CEMS"
"T-389_Hexanoate","Anion",0.016367937,0.005816077,0.020185658,0.010501387,0.018144879,0.020113251,0.017617403,0.005888658,0.013225627,0.008877238,0.010406942,0.003366857,0.009407249,0.005797729,0.002565125,0.009488612,0.017526493,0.021546985,0.011859549,0.023276812,"CEMS"
"T-393_N-BenzyloxycarbonylGly","Anion",0.004475048,0.004839554,0.00472819,0.00402589,0.003693907,0.002605881,0.002042732,0.00201109,0.001921009,0.001682897,0.001621289,0.001841776,0.001768321,0.001561399,0.001508092,0.001086178,0.000921381,0.000847172,0.00109915,0.000793439,"CEMS"
"T-395_Octanoate","Anion",0.018381946,0.00491571,0.016342266,0.00839527,0.016919237,0.021168471,0.018940926,0.007657641,0.015146075,0.00980626,0.009752512,0.00316969,0.010826446,0.007560673,0.002396067,0.008113764,0.015922844,0.018685571,0.010264608,0.018342663,"CEMS"
"T-398_Phthalate","Anion",0,0.000603937,0.000543003,0.00045076,0.000523571,0.000445703,0.000348054,0.000425316,0.000512651,0.000993997,0,0,0,0,0.000708732,0,0,0,0,0,"CEMS"
"T-400_CDP-choline","Anion",0,0,0,0,0,0.000807933,0.000610565,0.00055886,0.000322681,0.000431451,0,0,0,0,0,0,0,0,0,0,"CEMS"
"T-410_GA3","Anion",0.000407188,0.000343487,0,0.000361724,0.000405155,0,0,0,0,0,0.002213391,0.002314882,0.004323317,0.003491331,0.002663471,0.001625152,0.001732617,0.002170566,0.001559222,0.001522934,"CEMS"
"T-411_(S)-Dihydroorotate_1 **","Anion",0.004628785,0.008665098,0.008723133,0.010747632,0.004713568,0.0077203,0.00635002,0.004887789,0.005527511,0.006820182,0.002490385,0.0038461,0.003141459,0.003170172,0.002593344,0.003010664,0.002170978,0.002181491,0.00159206,0.002197387,"CEMS"
"T-411_(S)-Dihydroorotate_2 **","Anion",0.001260894,0.000717122,0.001323393,0.001139996,0.001424428,0.001057487,0.000795744,0.000932913,0.000948916,0.000910551,0.000411307,0,0,0,0,0,0,0,0,0,"CEMS"
"T-418_Methionine sulfoxide","Anion",0.033315513,0.008972211,0.028573186,0.021813565,0.02899735,0.021671045,0.01850733,0.015380396,0.017303907,0.016854468,0.008091325,0.007862137,0.010126559,0.007794181,0.006694975,0.006733121,0.006174555,0.00645411,0.00667095,0.006638729,"CEMS"
"T-420_Phenyllactate_1 **","Anion",0,0,0,0,0,0,0,0,0,0,0,0,0,0.013395552,0,0.04423796,0.033547816,0.034652575,0.038883918,0.038096893,"CEMS"
"T-420_Phenyllactate_2 **","Anion",0.09026716,0.088747032,0.090755752,0.083552061,0.08670259,0.081591363,0.078339548,0.0645294,0.070219499,0.072594715,0.053616773,0.049780983,0.043931666,0.03003123,0.048204442,0.019706868,0.027890777,0.024040103,0.022381271,0.030377703,"CEMS"
"T-421_Phenylpropanoate","Anion",0.187174117,0.156731161,0.189512094,0.190599737,0.200665437,0.164716451,0.153231281,0.162301816,0.160859435,0.155129971,0.160919232,0.128168007,0.157506331,0.122827311,0.102962242,0.146566734,0.132679726,0.133252091,0.146288818,0.13519796,"CEMS"
"T-422_Sulfanilic acid","Anion",0,0,0.000347148,0.000509095,0.000447285,0,0.000382001,0,0,0,0,0,0,0,0,0,0.000459975,0,0,0,"CEMS"
"T-424_Benzamide","Anion",0.005505957,0.004266355,0.002788921,0.005314072,0.004131145,0.003713905,0.003445794,0.002785361,0.004103203,0.002478454,0.002695341,0.003563428,0.004140642,0.004754685,0.003238372,0,0,0,0,0,"CEMS"
"T-425_Decanoate","Anion",0.017330786,0.006393077,0.016383733,0.009835334,0.017153736,0.02408791,0.01507753,0.012395548,0.018728776,0.016699672,0.01178455,0.004416091,0.013825879,0.008204289,0.00390604,0.010731266,0.017688454,0.015630973,0.011019734,0.017590569,"CEMS"
"T-429_Hippurate","Anion",0.004032916,0.003538748,0.004937072,0.003936602,0.003722555,0.003553558,0.003364908,0.002914643,0.003063508,0.003817187,0,0,0,0,0,0,0,0,0,0,"CEMS"
"T-431_Dihydrouracil","Anion",0.062684007,0.058843812,0.057089235,0.059588456,0.059983404,0.034303415,0.038378013,0.029625669,0.043209737,0.051663323,0.087819366,0.092705447,0.093632644,0.090299658,0.09329364,0.024766445,0.029680793,0.025470095,0.02624875,0.031800141,"CEMS"
"T-435_Melilotate","Anion",0.098293443,0.103029953,0.114641441,0.11376359,0.112449559,0.091087009,0.08905507,0.070374195,0.082323498,0.078592696,0.078838633,0.064792024,0.063676751,0.067900275,0.074989661,0.108758795,0.1107795,0.084327776,0.101003243,0.119186222,"CEMS"
"T-437_Barbiturate","Anion",0.006448485,0.006658115,0.005927505,0.007029204,0.007363962,0.005112086,0.00623966,0.00472595,0.006764652,0.007360252,0.001199659,0.001431592,0.00132495,0.000980185,0.001562779,0.000693538,0.000854034,0.00070453,0.000567229,0.0007687,"CEMS"
"T-440_Pimelate","Anion",0.001055692,0.000780628,0.001184933,0.001176526,0.001106189,0,0,0.000982578,0.000889476,0,0,0,0,0,0,0,0,0,0,0,"CEMS"
"T-441_4-Hydroxybenzoate","Anion",0.006326474,0.003856019,0.006698286,0,0,0,0,0,0,0,0.014740257,0.014118158,0.015235159,0.012432913,0.013990734,0.007446132,0.006383251,0.007553075,0.005606449,0.008743153,"CEMS"
"T-442_Laurate","Anion",0.044302938,0.018570315,0.045510693,0.022410882,0.033686484,0.077497693,0.040162708,0.036339091,0.059204104,0.04773719,0.026347696,0.017136084,0.039380762,0.025566198,0.01872059,0.029635062,0.029269271,0.047064764,0.029210654,0.0412002,"CEMS"
"T-445_Itaconate_1 **","Anion",0.00153167,0.001272035,0.001318169,0.001293007,0.001572529,0,0,0,0,0,0,0,0,0,0,0,0,0,0,0,"CEMS"
"T-445_Itaconate_2 **","Anion",0.000371513,0,0,0,0,0.001493123,0.001715758,0.001486327,0.00184269,0.00157248,0.001889468,0.002134637,0.001909527,0,0,0,0,0,0,0,"CEMS"
"T-452_Isethionate","Anion",0,0.000354956,0.000447687,0.000354455,0.007997848,0.000476839,0.000479187,0.000326756,0.000507791,0,0,0,0,0,0,0,0,0,0,0,"CEMS"
"T-465_cAMP","Anion",0.00041406,0.000448021,0.000562737,0.000648132,0.000526877,0.000638119,0.000796479,0.000613319,0.000603555,0.000744476,0.000861898,0.001105423,0.00071259,0.000491351,0.000494848,0.000543958,0.000731079,0.000678289,0.000485338,0.000572074,"CEMS"
"T-491_TDP-glucose","Anion",0.000789375,0.000789214,0.000939744,0.000946697,0.000912069,0,0,0,0,0,0,0,0,0,0,0,0,0,0,0,"CEMS"
"T-500_Porphobilinogen","Anion",0,0,0,0,0,0,0,0,0,0,0.000719271,0.000546753,0.000574087,0,0.000398188,0.00060452,0.000457112,0.000561888,0.000602372,0.00052602,"CEMS"
"T-515_N-AcetyGly","Anion",0.005223631,0.00453349,0.006640051,0.004611427,0.007017205,0.005800809,0.006334824,0.004014545,0.00581393,0.004290566,0.005842947,0.004993352,0.005177114,0.00336035,0.005761394,0.004741292,0.004941061,0.0053433,0.004003031,0.005529678,"CEMS"
"T-516_3-Hydroxybutyrate;T-667_3-Hydroxyisobutyrate *","Anion",0.016276557,0.01513479,0.017379389,0.015326414,0.01836985,0.022854876,0.016592115,0.013592116,0.015150436,0.01240126,0.011675794,0.009648678,0.010825544,0.009160367,0.010549571,0.008675978,0.009145032,0.008523386,0.007855119,0.009221836,"CEMS"
"T-549_Scopoletin","Anion",0.092089783,0.077914643,0.193178655,0.103459513,0.111959691,0.043837931,0.052853434,0.038397833,0.065227318,0.05638158,0.185236173,0.134058651,0.159311203,0.158965146,0.091939621,0.09795694,0.120106031,0.080154404,0.083583993,0.114056987,"CEMS"
"T-559_GlcNAc1P","Anion",0.00211672,0.002082287,0.001972352,0.001885436,0.001957851,0.001593131,0.001687203,0.001685636,0.001866678,0.001520091,0.001725971,0.001720163,0.001692267,0.00169711,0.001706926,0.002400695,0.002428985,0.002445537,0.002308257,0.002602624,"CEMS"
"T-579_Zidovudine","Anion",0.00098193,0.0010572,0.000932714,0.001037801,0.001003199,0.000776797,0.000623127,0.0007265,0.000792777,0.000858653,0,0.000878106,0.000524096,0,0.001516266,0,0,0,0,0,"CEMS"
"T-597_Theophylline;T-600_Acetylsalicylate *","Anion",0.018776852,0.018031982,0.019622147,0.019496166,0.020471135,0.024261791,0.023540935,0.020831011,0.022505559,0.021641787,0.021120621,0.019977401,0.018248196,0.022393509,0.019465651,0.032478412,0.03173268,0.033107407,0.032904639,0.034587921,"CEMS"
"T-600_Acetylsalicylate","Anion",0.225029887,0.206046209,0.225314187,0.225499824,0.22282674,0.1848105,0.210594095,0.17412193,0.203100007,0.196957529,0,0.000933043,0,0,0,0,0,0,0,0,"CEMS"
"T-643_DXP","Anion",0,0,0,0,0,0.001164629,0.000972406,0.00099933,0.001102935,0.000834542,0,0.000702806,0.000845847,0.000803661,0.000721253,0.000700666,0.000624441,0.000606202,0.000427232,0.000602719,"CEMS"
"T-644_MEP","Anion",0.002673625,0.002572318,0.002415977,0.002383378,0.003047966,0.001818216,0.00166931,0.001225336,0.001508794,0.001171923,0.000673738,0.000672418,0.000524014,0.00049364,0.000614083,0.000398725,0.000386616,0,0,0.000537662,"CEMS"
"T-648_dGMP","Anion",0.00046918,0,0.000403512,0.000405584,0.000394331,0.000356363,0.000435067,0.000335695,0.000467666,0.00049095,0.000654877,0.000558491,0.001157846,0.000753771,0.000619533,0,0,0,0.000415134,0,"CEMS"
"T-660_Hydantoin","Anion",0.005628187,0.005669468,0.002206966,0.005410126,0.007119547,0.001732476,0.004918527,0.004209178,0.004280587,0.003713063,0,0.000868691,0.000912066,0.000924878,0.001349803,0,0,0,0,0,"CEMS"
"T-683_3,5-Dihydroxycinnamate","Anion",0.001923872,0.000683304,0.001731226,0.001424212,0.002006267,0,0.000815965,0.000940312,0.00067826,0.000816153,0.001436924,0.001899514,0.001485907,0.001672089,0.002457047,0.00134477,0.001395884,0.001049648,0.000946808,0.00109176,"CEMS"
"T-684_2,4-Dihydroxycinnamate","Anion",0.003751394,0.004019144,0.003792961,0.004019687,0.004069118,0.004012196,0.003419444,0.003140116,0.00360968,0.002949136,0,0.000322177,0.003141705,0.003274835,0.00326471,0,0,0.00272061,0.002903058,0.003505291,"CEMS"
"T-686_Leucic acid","Anion",0.001111543,0.001582688,0.001263224,0.001625469,0.001620686,0.001790414,0.001030558,0.001408485,0.001202873,0.001240657,0,0.001007823,0.001118753,0.001053189,0.000850673,0,0.001086849,0.000869125,0,0.001057263,"CEMS"
"T-688_3-Methyl-2-oxobutanate","Anion",0.010113543,0.006813441,0.01234526,0.008641891,0.012766703,0.012478091,0.009437343,0.005862198,0.007317615,0.007869429,0.002110606,0.001770214,0.003684732,0.001677047,0.001349024,0.002229325,0.001341277,0.001429175,0.001408526,0.001279912,"CEMS"
"T-692_Mandelate","Anion",0.01564282,0.015335993,0.01012488,0.007149444,0.009404776,0.008367753,0.008739642,0.007459456,0.01633144,0.012323535,0.007131497,0.005095481,0.010172781,0.013645996,0.002184258,0.013238829,0.010320484,0.00503586,0.006786585,0.014915098,"CEMS"
"T-696_Threonate","Anion",2.853882648,2.792428909,2.572844323,2.949225493,2.942605027,0.747797836,0.861900234,0.629223333,0.888082799,0.802624423,0.213825494,0.206317762,0.182799208,0.190374386,0.206761664,0.11569632,0.103465277,0.081382635,0.087544802,0.099141119,"CEMS"
"T-697_2-Acetoxybutanoate","Anion",0.002545985,0.002361219,0.00246428,0.002898425,0.002596403,0.001963828,0.00208054,0.002300613,0.002250294,0.002095468,0.002013178,0.00179238,0.002342572,0.000894135,0.001385483,0.001610664,0.001498515,0.00134892,0.001189025,0.002145342,"CEMS"
"T-698_alpha-keto-beta-methylvaleric acid","Anion",0.008115836,0.015003516,0.00948553,0.014712242,0.010594964,0.009702596,0.009316627,0.006744736,0.007569143,0.007925577,0.004696522,0.006673652,0.006959612,0.004386916,0.005014257,0.004056563,0.003964572,0.002997521,0.003321648,0.004734698,"CEMS"
"T-001_Ala","Cation",4.958230654,2.626525806,5.356773209,3.386184337,5.060825036,2.353858959,2.787887636,2.102531504,2.552887108,2.520228775,2.435207506,1.806164723,4.580794752,1.527045106,1.486817634,1.187212461,1.060817803,1.019174595,1.143831459,1.28134984,"CEMS"
"T-002_Arg","Cation",0.029635369,0.042810498,0.023912836,0.040524315,0.030273634,0.064742943,0.0664226,0.063255077,0.067924074,0.061394792,0.04553195,0.074740023,0.037883733,0.046931641,0.066033029,0.069226603,0.076172644,0.080592402,0.075491156,0.100929144,"CEMS"
"T-003_Asn","Cation",5.059342554,3.467839525,5.895745626,3.594945472,6.084181913,6.890123291,4.142459662,5.514341793,4.315110398,4.039282669,0.531913581,0.205199519,1.039922492,0.259214048,0.210390405,2.184350284,2.546610888,2.332890839,2.280383528,3.030568382,"CEMS"
"T-004_Asp","Cation",2.159774107,1.254244409,2.273728374,1.405230433,2.205566814,2.974135601,3.100025162,3.064820176,3.209662926,3.018473024,1.550826136,1.321341963,1.352620481,1.559426373,1.696021164,2.22667873,2.395689296,2.178226437,2.094934257,2.252146798,"CEMS"
"T-005_Cys","Cation",0.005108785,0.005886957,0.005571864,0.007744433,0.004942676,0.001305358,0.001507674,0.001079938,0.001607326,0.00264862,0.021516451,0.016155937,0.031623278,0.019694409,0.010883597,0.003628165,0.005120965,0.004724136,0.005516174,0.004968684,"CEMS"
"T-006_Glu","Cation",7.915683509,5.640711364,7.822508098,6.423147272,7.76136871,6.491499278,6.885489143,5.973908094,6.499222493,6.160251274,3.338144553,3.245697172,3.976496349,3.379613924,3.57714878,4.04945306,4.186305719,3.985885042,3.978967032,3.785581421,"CEMS"
"T-007_Gln","Cation",11.44205723,3.850128741,14.46779615,5.4572483,14.76933732,7.315106923,10.09447451,9.170605832,9.96197801,9.733803084,0.514676272,0.415773701,1.031817382,0.286564073,0.377776756,1.527021543,1.512981718,1.442587115,1.441940954,1.65323589,"CEMS"
"T-008_Gly","Cation",0.255963673,0.18477705,0.224443397,0.176038653,0.252652522,0.065251401,0.071413784,0.060264425,0.066849644,0.068511233,1.222513193,0.874784619,1.865140683,0.840944276,0.657492385,0.037708805,0.029381357,0.03145027,0.037488579,0.044154466,"CEMS"
"T-009_His","Cation",0.160400638,0.191065369,0.174016032,0.197544953,0.199879098,0.192829592,0.248821659,0.156826457,0.213247591,0.202421759,0.055267975,0.0802488,0.042414111,0.048850351,0.074987983,0.036307483,0.040801148,0.046886,0.043962841,0.06487499,"CEMS"
"T-010_Ile","Cation",0.626524917,0.793194861,0.57846095,0.732580566,0.609811225,0.511288382,0.604460458,0.394640035,0.540699346,0.51803768,0.3385119,0.465633175,0.29509994,0.312672652,0.44283351,0.228838087,0.267274631,0.266198031,0.233760477,0.316305089,"CEMS"
"T-011_Leu","Cation",0.667733095,1.034625827,0.592008152,0.973997425,0.754953251,0.600030075,0.745734537,0.392538924,0.596759224,0.616171164,0.572872029,0.836763282,0.61159155,0.489568153,0.79394781,0.453333449,0.525691147,0.543102509,0.530317747,0.599529097,"CEMS"
"T-012_Lys","Cation",0.040561739,0.094927602,0.034841247,0.073376519,0.057865653,0.071501215,0.063077594,0.054004891,0.069042097,0.067093911,0.107628278,0.142946358,0.073032102,0.095577887,0.133774387,0.081746997,0.091804745,0.090592274,0.092366361,0.118903575,"CEMS"
"T-013_Met","Cation",0.126045475,0.111625448,0.137311204,0.115130053,0.11333686,0.100585472,0.080998868,0.074921588,0.073470025,0.072449269,0.070268208,0.078575905,0.062786827,0.061644322,0.066281044,0.056760517,0.056786786,0.048895699,0.044545103,0.063821579,"CEMS"
"T-014_Phe","Cation",1.010310112,0.768646842,0.81819732,0.784233552,0.879618167,0.369181673,0.420952311,0.301577714,0.348967485,0.331020438,0.165975583,0.201196088,0.184245501,0.185537705,0.210957243,0.142144693,0.162241438,0.156136197,0.154200958,0.188452334,"CEMS"
"T-015_Pro","Cation",0.554731848,0.450234144,0.505562158,0.472122203,0.546545494,0.287159284,0.31407365,0.270516432,0.319405265,0.291045453,0.258897084,0.282605995,0.292656617,0.223234272,0.276659307,0.205973017,0.229419426,0.216318163,0.208368539,0.233891507,"CEMS"
"T-016_Ser","Cation",2.477236191,1.863905902,2.489179157,1.911333921,2.544033736,1.30264645,1.623225125,1.411526651,1.56203834,1.558226511,1.986640439,1.629153204,2.801680903,1.358324473,1.494465348,0.630466789,0.693144347,0.725891305,0.679384556,0.796274572,"CEMS"
"T-017_Thr","Cation",0.698257624,0.633191346,0.646301681,0.619428478,0.669156241,0.552484072,0.675193197,0.553880545,0.587309359,0.591625582,0.469941535,0.481767489,0.491852897,0.466042005,0.500751862,0.311832269,0.347664856,0.344995914,0.320467936,0.380606029,"CEMS"
"T-018_Trp","Cation",0.286343569,0.266215704,0.279458653,0.281001598,0.285664547,0.118659675,0.13238184,0.092765912,0.119630418,0.125642853,0.081158097,0.104866768,0.064215161,0.079706408,0.108457345,0.044157488,0.048376385,0.053856432,0.052658525,0.063934268,"CEMS"
"T-019_Tyr","Cation",0.104640996,0.128338838,0.090957573,0.119175968,0.126137322,0.075827952,0.082078336,0.06243433,0.081214296,0.086344882,0.042290675,0.064825623,0.039163144,0.050832629,0.06238786,0.04671283,0.054756459,0.061951116,0.057399073,0.073804813,"CEMS"
"T-020_Val","Cation",1.899247,1.590237827,2.038706788,1.677974982,2.027196564,1.094649645,1.400766719,1.016949142,1.249274316,1.183857385,0.599341757,0.675713178,0.717264894,0.506502606,0.659897631,0.458412169,0.511101756,0.508699184,0.498446991,0.581238421,"CEMS"
"T-045_Adenine","Cation",0.013820845,0.00960854,0.01209404,0.010981907,0.015716417,0.024304719,0.020138556,0.019355829,0.01551152,0.014558946,0.003053495,0.001888889,0.001939547,0.002400462,0.00303697,0.002907471,0.003582707,0.004134756,0.00336929,0.005550871,"CEMS"
"T-046_Adenosine","Cation",0.091168233,0.091759954,0.101275566,0.108004468,0.141094318,0.118203331,0.143236244,0.149489335,0.122174224,0.119697041,0.008965552,0.005746243,0.006251249,0.007485153,0.010582989,0.007767066,0.010905347,0.009621077,0.011545898,0.015804608,"CEMS"
"T-050_Cytidine","Cation",0.00660393,0.016322796,0.005739896,0.013785533,0.008506288,0.007603464,0.009826205,0.005824363,0.007691389,0.007261195,0.002543261,0.003267625,0.0027081,0.002916657,0.002749871,0.001204768,0.001388192,0.001489718,0.001242198,0.000984737,"CEMS"
"T-055_Guanine","Cation",0.010523744,0.011639576,0.008928767,0.013381533,0.013712726,0.014248465,0.01515494,0.011992459,0.011890188,0.012285079,0.001237171,0.001319443,0.002614908,0.001360864,0.001281209,0.002882097,0.002995368,0.004119865,0.00297061,0.0034459,"CEMS"
"T-056_Guanosine","Cation",0.015812706,0.033791061,0.014006686,0.027828478,0.018075144,0.015789966,0.021282067,0.013382675,0.017253537,0.014379337,0.007304843,0.009230977,0.00917321,0.00946896,0.008265854,0.006272808,0.00607457,0.006730434,0.006120469,0.006657421,"CEMS"
"T-065_GSH","Cation",0.41233759,0.399290036,0.382601006,0.37300476,0.261057948,0.151411557,0.106382504,0.077233782,0.143628516,0.211851636,0.394461392,0.30299369,0.441584006,0.343010402,0.282305976,0.149295439,0.268643828,0.199234432,0.212146742,0.267852033,"CEMS"
"T-073_GalN;T-074_GlcN *","Cation",0.004691522,0.007710191,0.000871416,0.008092977,0.010353846,0,0.006198088,0.005610538,0.002885462,0.002907987,0,0.001478002,0.001824544,0.00102853,0.002218172,0,0,0,0,0,"CEMS"
"T-079_b-Ala","Cation",0.123008549,0.19826956,0.129970862,0.185388488,0.157087282,0.065985094,0.065956065,0.054484646,0.069341545,0.056274843,0.08964844,0.081200971,0.062809841,0.102124219,0.088794712,0.018110909,0.020229076,0.02182478,0.020340617,0.02518001,"CEMS"
"T-080_GABA","Cation",1.740664046,0.96891965,1.308047716,1.079347592,1.478065428,0.947719488,1.298154416,0.853445843,0.950235468,1.179611679,0.113915365,0.154922546,0.183545355,0.09733895,0.129071208,0.244182938,0.296007887,0.31117967,0.345744557,0.444763703,"CEMS"
"T-083_Citrulline","Cation",0.252713388,0.138372359,0.28110389,0.172798,0.30357256,0.139143037,0.143967255,0.160942883,0.140038147,0.136329378,0.16520722,0.119038041,0.21528654,0.120108683,0.104902791,0.022509532,0.022347115,0.020306292,0.020392749,0.020794129,"CEMS"
"T-085_HomoSer","Cation",0.138378629,0.046900358,0.154340332,0.069782025,0.159023012,0.057753843,0.048522729,0.055202436,0.047865742,0.047061903,0.040209893,0.02245305,0.073170828,0.021977783,0.017343069,0.010799134,0.008654545,0.009932037,0.011234751,0.011734849,"CEMS"
"T-086_HydroxyPro","Cation",0.005494139,0.006633149,0.005778187,0.006306282,0.005721273,0.004485222,0.004820292,0.003929711,0.004362172,0.004145545,0.034532768,0.033431892,0.037109656,0.038613979,0.037310333,0.060138504,0.059359003,0.065834384,0.061798001,0.068362439,"CEMS"
"T-087_Ornithine","Cation",0.007240914,0.004649179,0.006057261,0.005624825,0.029110674,0.007351565,0.005672473,0.012390022,0.007882058,0.006473047,0.009570316,0.005660351,0.007374301,0.005182118,0.006095646,0.007754265,0.00644571,0.011591895,0.007992803,0.02990211,"CEMS"
"T-088_Putrescine","Cation",0.025271293,0.022636731,0.031574638,0.026037368,0.025412643,0.028972106,0.035331011,0.032966433,0.035048282,0.034954037,0.063380274,0.060400755,0.071321641,0.077057569,0.073226074,0.044678372,0.048324175,0.04958242,0.047800719,0.047244421,"CEMS"
"T-089_Spermidine","Cation",0.005508593,0.008051983,0.005417812,0.006922481,0.004508775,0.002135261,0.002079267,0.002316817,0.00193179,0.001896023,0.084941241,0.077323407,0.091497491,0.074845992,0.079883245,0.007201493,0.006020769,0.006174145,0.006617885,0.006150935,"CEMS"
"T-090_Tyramine","Cation",0.118795197,0.096495709,0.188322808,0.223154302,0.364684107,0.203593995,0.167077947,0.149031754,0.157780335,0.180534457,0.003582033,0.003489191,0.002185912,0.002838234,0.003481394,0.00344411,0.003319866,0.003137536,0.00298831,0.003140998,"CEMS"
"T-128_Tryptamine","Cation",0.006433116,0.004424878,0.006525738,0.005714103,0.005053972,0.004983611,0.009132465,0.010291966,0.006949001,0.008548138,0,0,0,0,0,0,0,0,0,0,"CEMS"
"T-130_Agmatine","Cation",0.000773708,0.000632522,0.001369725,0.00110824,0.000723137,0.000841556,0.001062053,0.000864468,0.00093208,0.00098136,0.042689056,0.045296554,0.049222177,0.038585872,0.046728531,0.004464292,0.004548146,0.004368964,0.00473039,0.003877916,"CEMS"
"T-132_Betaine","Cation",0,0,0,0.009656346,0.009435284,0.009088562,0.007292447,0.006060205,0.014516943,0.007141095,0,0,0,0,0,0,0,0,0,0,"CEMS"
"T-134_SAM[M]+","Cation",0.001527145,0.001217719,0.001708193,0.001469676,0.001342969,0.001741751,0.001664894,0.001330746,0.001660697,0.001257188,0.001902494,0.001924182,0.002223019,0.001650309,0.001876809,0.001763297,0.001894978,0.001682563,0.001645808,0.001673941,"CEMS"
"T-135_Pyridoxamine","Cation",0.009197321,0.009497997,0.009779257,0.011052375,0.009690774,0.010515767,0.012919348,0.013112044,0.012935692,0.016991556,0.005574537,0.006656212,0.005902061,0.006145842,0.007356895,0.01173865,0.013769245,0.01218008,0.012420186,0.01348819,"CEMS"
"T-141_Nicotinate","Cation",0.003283193,0.003100784,0.002007392,0.002256482,0.002381851,0.001731869,0.001314891,0.001334507,0.001524458,0.00137667,0.000465719,0.000733503,0.000714946,0.000574448,0.000732965,0.001376781,0.002069509,0.002281501,0.00175515,0.002154412,"CEMS"
"T-142_Cytosine","Cation",0.00394154,0.003533147,0.003495995,0.003282598,0.00345147,0.003134836,0.003217976,0.00324569,0.003044191,0.002818028,0.00090417,0.000584677,0.000554905,0.000764353,0.000975212,0.000993142,0.00098145,0.00093444,0.000815211,0.001512551,"CEMS"
"T-165_O-AcetylSer","Cation",0.104005193,0.032710285,0.116963642,0.03730724,0.080971175,0.06738517,0.085898747,0.073497838,0.06572388,0.070769875,0.013804641,0.013605023,0.029425257,0.011549686,0.014123047,0.009584671,0.009568371,0.010960785,0.008730638,0.009312399,"CEMS"
"T-168_Cystathionine","Cation",0.00454898,0.002881086,0.006681037,0.003933678,0.005487027,0,0.004527415,0.00427846,0.004046427,0.003862142,0,0,0.00267765,0,0,0,0,0,0,0,"CEMS"
"T-174_Deoxycytidine","Cation",0.000517624,0.000569305,0,0,0,0,0,0.000599008,0,0,0,0.000437635,0,0,0.000819406,0,0,0,0,0,"CEMS"
"T-175_Deoxyguanosine","Cation",0.001314059,0.000683149,0.001261265,0.000601364,0.000860188,0.001975937,0.001438178,0.001697986,0.001948494,0.002058088,0.001062498,0.000463418,0.000899844,0.000961612,0.000833825,0.000928155,0.000888467,0.001256154,0.001072658,0.001557676,"CEMS"
"T-185_Histamine","Cation",0.001931589,0.001259314,0.001526181,0.001674369,0.001912888,0.002183925,0.003429964,0.001981937,0.002322662,0.002809835,0,0,0,0,0,0,0,0,0,0,"CEMS"
"T-186_Histidinol","Cation",0.006625384,0.005102469,0.007961447,0.005927626,0.007581897,0.003495156,0.005120166,0.004823483,0.004003974,0.005344538,0.008859649,0.009227039,0.009819891,0.008436498,0.00771465,0.004440736,0.004590312,0.00522077,0.004929581,0.004613232,"CEMS"
"T-188_Hypoxanthine","Cation",0.002849658,0.001586951,0.002863403,0.002261339,0.003766744,0.002205181,0.002300938,0.001640161,0.001928286,0.002314596,0,0,0,0,0,0,0,0,0,0,"CEMS"
"T-191_N-Acetylornithine","Cation",0.020487955,0.01021753,0.02892112,0.013878431,0.032686975,0.014982717,0.015974164,0.015831908,0.016823553,0.015401657,0.006071288,0.004543899,0.007368848,0.00466738,0.00453857,0.00350425,0.003162241,0.004203879,0.003675956,0.004303768,"CEMS"
"T-195_Pyridoxal","Cation",0.007979896,0.007883519,0.009359578,0.009208811,0.010175247,0.008550832,0.008349698,0.007040243,0.007788516,0.006665408,0.003368494,0.003443124,0.003002194,0.003195617,0.003200821,0.003967115,0.004146974,0.004752538,0.00424918,0.004776965,"CEMS"
"T-197_Pyridoxine;T-261_Dopamine;T-416_N-Acetylhistamine;T-553_4-Deoxypyridoxine *","Cation",0.014605644,0.016845643,0.015989946,0.015550239,0.014540015,0.007696783,0.010485766,0.009695074,0.010032547,0.008781383,0.002755445,0.00346066,0.002840241,0.002806341,0.004113347,0.001733454,0.002115354,0.002386288,0.00262182,0.002895029,"CEMS"
"T-203_Choline[M]+","Cation",2.560023719,2.336302472,2.331863312,2.634829039,3.464231443,2.767987106,3.173291089,2.800312471,2.789556389,2.560937113,2.632418844,2.776483787,2.20572484,2.369510952,1.874745629,2.130041644,2.329203564,1.888931202,1.561809316,2.114355072,"CEMS"
"T-212_Pyridoxamine5P","Cation",0.0055975,0.00541682,0.005757884,0.006073243,0.005275434,0.006419766,0.004926489,0.005940168,0.006781961,0.006315309,0.003398096,0.003184481,0.003645901,0.003344599,0.003040917,0.004909737,0.005513983,0.005275829,0.00483906,0.006062411,"CEMS"
"T-221_Cystine","Cation",0.000461261,0.001215634,0.000896171,0,0,0,0,0,0,0,0.006940132,0.007492994,0.006003751,0.003766788,0.007366534,0.001470702,0.001357463,0.001292186,0.000966826,0.001522291,"CEMS"
"T-227_HomoPhe","Cation",0.011987072,0.020137816,0.001822263,0.020481421,0.026990517,0.001503744,0.016049356,0.01482617,0.006757517,0.007459817,0,0,0,0,0,0,0,0,0,0,"CEMS"
"T-228_HomoPro","Cation",0.00863279,0.009520835,0.008666167,0.009086154,0.00905421,0.011508164,0.012754234,0.008974776,0.012502041,0.012893464,0.003204291,0.002236768,0.002870974,0.002653062,0.002135981,0.002197153,0.003835304,0.003504197,0.003633757,0.003489669,"CEMS"
"T-231_HomoTyr","Cation",0.005185328,0.005514425,0.004010777,0.005716752,0.006042187,0.002771718,0.004012298,0.003444472,0.003180593,0.003225781,0,0,0,0,0,0,0,0,0,0,"CEMS"
"T-256_IsoAsn","Cation",0.005504775,0.005299503,0.008489764,0.005790134,0.00682774,0.006384899,0.00456786,0.004919465,0.004953328,0.003289386,0,0,0.006208335,0,0,0,0,0,0.003779846,0,"CEMS"
"T-259_Serotonin","Cation",0.002541665,0.002562741,0.003006146,0.002698189,0.002849968,0.003087756,0.003561062,0.004979092,0.003114755,0.003846994,0,0,0,0,0,0,0,0,0,0,"CEMS"
"T-262_Noradrenaline","Cation",0,0.00174126,0.002135353,0.001485483,0.001778375,0,0,0,0,0,0,0,0,0,0,0,0,0,0,0,"CEMS"
"T-275_Saccharopine;T-509_Glu-Glu *","Cation",0.001140336,0.005854914,0.001065005,0.002421791,0.001026849,0.004028412,0.006723295,0.002298012,0.005231754,0.006329839,0.001586591,0.001207843,0.00127495,0.001981332,0.001805774,0.001180076,0.001430159,0.002014939,0.001689126,0.001600336,"CEMS"
"T-276_2-Aminoadipate","Cation",0.011129274,0.004633027,0.012428146,0.005198307,0.011049441,0.006229118,0.008510174,0.006908375,0.00734631,0.007434776,0.001431126,0.000778232,0.001751038,0.001104187,0.000740478,0.002296831,0.002701002,0.002320842,0.002013045,0.002050476,"CEMS"
"T-277_SAH","Cation",0.001682777,0.0014494,0.001778986,0.001510562,0.001538864,0.00127739,0.001147499,0.00100801,0.001073371,0.000992334,0.00058179,0.000639363,0.000645406,0.000558574,0.000472504,0.000428933,0,0,0,0,"CEMS"
"T-289_Stachydrine","Cation",0,0,0,0,0,0.003140243,0,0,0.001120712,0,0,0,0,0,0,0,0,0,0,0,"CEMS"
"T-291_Thiamine[M]+","Cation",0.001721776,0.001656768,0.001269725,0.001355143,0.001067551,0.004046498,0.002876762,0.002661099,0.002784098,0.003039448,0,0.000511862,0.000422623,0.000603866,0.000538378,0.000672598,0.000911439,0.001313695,0.001251011,0.003850545,"CEMS"
"T-295_Isobutylamine","Cation",0.046747588,0.057787403,0.046905813,0.052627178,0.055940076,0.056214299,0.055597085,0.053144028,0.05378138,0.039968956,0.059065731,0.066502976,0.057485417,0.076613389,0.072253745,0.073727101,0.068638478,0.053805694,0.062187644,0.057337508,"CEMS"
"T-297_2-Aminobutyrate;T-540_2-Aminoisobutyrate *","Cation",0.047312029,0.027312569,0.05074651,0.031536975,0.050398811,0.033332684,0.03871459,0.027781116,0.03696679,0.029574644,0.032798092,0.024551097,0.038045474,0.024260356,0.027116366,0.022551645,0.023646998,0.024464946,0.021247096,0.025798198,"CEMS"
"T-298_DimethylGly","Cation",0.00920123,0.009078312,0.008605793,0.010383457,0.008882003,0.005987568,0.005517693,0.005143084,0.005232325,0.005122963,0.001417191,0.00157556,0.0015296,0,0,0,0,0,0,0,"CEMS"
"T-299_Diethanolamine","Cation",0.012063797,0.009062855,0.009669462,0.009007739,0.011750583,0.009008481,0.009809929,0.008003983,0.007796094,0.009338373,0.003660669,0.004894973,0.004990108,0.005206075,0.004643528,0.005644217,0.005986559,0.00487001,0.005404965,0.006664572,"CEMS"
"T-302_Pipecolate","Cation",0.036378023,0.043062499,0.036350954,0.035042899,0.031426067,0.037470171,0.027893957,0.027930379,0.027066978,0.024251669,0.117347054,0.109481328,0.11290127,0.123230973,0.123584823,0.214276647,0.235311211,0.210882949,0.20822753,0.252243953,"CEMS"
"T-303_Urocanate","Cation",0.006295301,0,0,0,0.005374134,0,0,0.004198618,0,0,0,0,0,0,0,0,0,0,0,0.012204716,"CEMS"
"T-305_3-MethylHis","Cation",0.006947467,0.005845622,0.006332684,0.006195547,0.006739569,0.006976515,0.007513793,0.006328563,0.006513802,0.00680112,0.001704396,0.001639459,0.001508002,0.001623076,0.001628187,0.002701677,0.002502206,0.002347223,0.002512628,0.003410022,"CEMS"
"T-306_GSSG","Cation",0.009557767,0.006912244,0.006539362,0.012038223,0.010110857,0.002614352,0.005105763,0.002078859,0.005903416,0.003805261,0.004228902,0.005526088,0.004754436,0.006456841,0.007246321,0.003304591,0.001643574,0.001937268,0.001582921,0.001617227,"CEMS"
"T-306+_GSSG[M+2H]","Cation",0.146674699,0.116764736,0.110365242,0.211305937,0.18525063,0.062715546,0.143698954,0.052716299,0.155935324,0.089795561,0.103621954,0.140167339,0.117825804,0.143170482,0.167185237,0.088380266,0.045696366,0.051499098,0.056115199,0.041811664,"CEMS"
"T-307_3-Aminopropanediol","Cation",0.002120676,0.002695688,0.002331079,0.002353354,0.002916895,0.001833486,0.002004888,0.001746329,0.001933583,0.001763402,0.001553826,0.001483278,0.001124964,0.001220547,0.001628111,0.001434118,0.001707618,0.001201463,0.001223974,0.00229891,"CEMS"
"T-310_Nicotinamide;T-311_Isonicotinamide *","Cation",0.015961975,0.016834441,0.015588788,0.015931191,0.017712025,0.016518811,0.018656028,0.016904873,0.020557087,0.019249888,0.012830044,0.008535739,0.014823879,0.010617492,0.009462823,0.017949728,0.019418775,0.01721784,0.017428936,0.015009002,"CEMS"
"T-313_Octylamine_1 **","Cation",0,0,0,0,0,0,0,0,0,0,0.000785839,0.00082898,0.000817415,0.000874815,0.000984851,0.001641654,0.00133807,0.001894342,0.002309926,0.002247004,"CEMS"
"T-313_Octylamine_2 **","Cation",0.005094785,0.009082741,0.008654769,0.008995287,0.006008254,0.004036336,0.009662881,0.009385972,0.005245851,0.00617442,0.004971129,0.008853823,0.007513382,0.005988268,0.006891829,0.007730255,0.009768857,0.008691784,0.006893631,0.005361001,"CEMS"
"T-314_Triethanolamine","Cation",0.001742321,0.002140017,0.00220196,0.001569727,0.018345487,0.005014935,0.001417671,0.001562749,0.001556807,0.002299525,0.001401826,0.001308967,0.001626475,0.001305669,0.001372128,0.001045556,0.001325938,0.00171216,0.000995133,0.002935962,"CEMS"
"T-316_Methylthioadenosine","Cation",0,0,0.000500624,0,0,0,0,0.000416289,0,0,0.000459241,0.000493658,0,0,0,0.000423934,0,0,0,0,"CEMS"
"T-332_g-Guanidinobutyrate","Cation",0.010852099,0.010528407,0.011491369,0.011459377,0.011662693,0.009154567,0.010473641,0.008896188,0.010041103,0.010430481,0.00956316,0.008348574,0.009728823,0.008501741,0.007835319,0.004917842,0.005191872,0.005343113,0.00562701,0.006610446,"CEMS"
"T-351_N8-Acetylspermidine","Cation",0.000758891,0.000824433,0.000730633,0.000739562,0.00069898,0.000843048,0.000748018,0.000703217,0.000810752,0.000670444,0.008914483,0.008623043,0.009627275,0.008428269,0.009068184,0.009186035,0.008997739,0.00902894,0.008876875,0.009284782,"CEMS"
"T-355_1-Methyladenosine","Cation",0.003469915,0.007318208,0.003965185,0.005967099,0.003986608,0.002762116,0.003822201,0.002678807,0.003010212,0.003123611,0.002877919,0.00331332,0.002903478,0.002992386,0.004018634,0.001501529,0.002046238,0.001929455,0.002040007,0.001986611,"CEMS"
"T-359_Dimethylbenzimidazole","Cation",0.001561326,0.001668317,0.001581924,0.001641961,0.00152796,0.0014493,0.001378691,0.001368277,0.001325885,0.001340346,0.001446718,0.001046386,0.001600415,0.001218144,0.001350498,0,0,0,0,0,"CEMS"
"T-360_5-Aminopentanoate","Cation",0.025743191,0.015885049,0.026457806,0.014615079,0.028292409,0.019352711,0.029112579,0.010121314,0.024586076,0.014489622,0.021723964,0.01544413,0.018272206,0.011726848,0.023371172,0.020823645,0.019352742,0.025913761,0.015262558,0.027495442,"CEMS"
"T-362_5-MethylTHF","Cation",0.000856161,0.001233957,0.000955477,0.001122104,0.001154219,0,0,0,0,0,0,0,0,0,0,0,0,0,0,0,"CEMS"
"T-364_Castanospermine","Cation",0.004533162,0.003511264,0.00392075,0.00342009,0.004866819,0.003458611,0.003878677,0.002429253,0.00423017,0.002975224,0.003689141,0.002640076,0.003442096,0.002609882,0.004006794,0.00364286,0.003952653,0.004154794,0.003322984,0.004198353,"CEMS"
"T-365_CysSG","Cation",0.002332489,0.004180345,0.003400358,0.003445257,0.003398548,0.001461046,0.001222121,0.001039273,0.001461472,0.00147459,0.012829291,0.015370868,0.012177387,0.010108069,0.017129889,0.003742765,0.003442784,0.003359334,0.003214762,0.003644894,"CEMS"
"T-366_GPC[M]+","Cation",0.015359989,0.020843889,0.014450319,0.01959633,0.015692448,0.015699909,0.016891202,0.016143988,0.015492779,0.015776487,0.020128485,0.021420261,0.018977734,0.019296759,0.02633263,0.01489221,0.016547021,0.021923592,0.018916556,0.022294844,"CEMS"
"T-367_Gly-Leu","Cation",0.011642625,0.011931697,0.009887539,0.010743392,0.013440974,0.013887585,0.012408788,0.010260704,0.010778358,0.012218074,0.005964858,0.005713774,0.00552391,0.006238756,0.007106376,0.005277166,0.006158106,0.006080113,0.006589131,0.008645387,"CEMS"
"T-371_Isopropanolamine","Cation",0.001224243,0.001383404,0.001150847,0.001366005,0.001246338,0.000882669,0.001029665,0.00076018,0.001139779,0.001083143,0.001030637,0.00086888,0.000824568,0.001199066,0.001312173,0.001390566,0.001563916,0.001443024,0.001123445,0.001166839,"CEMS"
"T-372_N6-AcetylLys","Cation",0.006231848,0.007718788,0.006695462,0.006035625,0.007912775,0.00733609,0.00626262,0.006649262,0.006623233,0.005215395,0.005330567,0.005012666,0.003774572,0.005048573,0.005598174,0.003395786,0.003836398,0.003640788,0.003055156,0.003956577,"CEMS"
"T-373_N6-Methyl-2'-deoxyadenosine","Cation",0.00050726,0.000460672,0.000520659,0.000460869,0.000515493,0.000633101,0,0.00066028,0,0.000410999,0.000723698,0,0.00044932,0.000439155,0,0,0,0,0,0,"CEMS"
"T-374_N-Acetylputrescine","Cation",0.021217847,0.020285613,0.023043467,0.022389448,0.026077031,0.016436305,0.017840792,0.016002796,0.018247788,0.020246086,0.021852916,0.020728219,0.021677762,0.023149688,0.024238845,0.040610898,0.041882543,0.041894383,0.039677513,0.039235839,"CEMS"
"T-375_Ophthalmate","Cation",0.004149263,0.001222668,0.003523332,0.001512593,0.00273369,0.002548254,0.002217201,0.002371821,0.001846967,0.001910552,0.001581168,0.001346563,0.002201137,0.001797252,0.000942047,0.002021126,0.002138625,0.00158375,0.002192817,0.001804631,"CEMS"
"T-378_TMANO","Cation",0.006212485,0.006609269,0.006956905,0.007509981,0.00649517,0.007495507,0.007876083,0.007092269,0.008695418,0.007738041,0.001998906,0.002103694,0.002294188,0.002101916,0.002200109,0.002232222,0.003278794,0.004059567,0.002674475,0.003083173,"CEMS"
"T-379_Trimethylsulfonium[M]+","Cation",0.010694649,0.011059851,0.012878725,0.011530993,0.01308904,0.006370636,0.007568722,0.007294341,0.006771369,0.006314846,0.009471794,0.007845851,0.005508614,0.008158995,0.007671544,0.003305955,0.003625071,0.002244275,0.002574469,0.003379692,"CEMS"
"T-401_Hypotaurine","Cation",0.007036283,0.006753592,0.007449247,0.00710916,0.00723974,0.003956628,0.00368028,0.003252742,0.003717889,0.003571011,0.001567761,0.00115442,0.001558705,0.001409651,0.001234763,0,0,0,0,0,"CEMS"
"T-403_3-Methyladenine","Cation",0.001994679,0.001927787,0.001604364,0.001754816,0.00182998,0.001673044,0.001380644,0.001341167,0.001766788,0.001204248,0.001281234,0.001235854,0.000970588,0.001153993,0.001251232,0.000940955,0.000834964,0.00111414,0.000749038,0.001251171,"CEMS"
"T-416_N-Acetylhistamine","Cation",0.00525369,0.004358882,0.007636602,0.00569388,0.006647825,0.002788313,0.00383628,0.003403258,0.003753415,0.004410554,0.003290535,0.00441833,0.004690915,0.003572951,0.00529491,0.001971515,0.002126393,0.002362298,0.001630721,0.002054915,"CEMS"
"T-436_1,3-Diaminopropane","Cation",0.043577484,0.035172121,0.045124601,0.038303773,0.049036854,0.050009421,0.060282453,0.053797412,0.053939619,0.048428835,0.014337246,0.014019698,0.017482621,0.018671631,0.025004747,0.032749986,0.029829668,0.037064909,0.032835565,0.03204937,"CEMS"
"T-446_Piperidine","Cation",0.002472122,0.002784002,0.002676226,0.001910323,0.002854104,0.002357513,0.001879486,0.002520613,0.002139245,0.002184062,0.001747329,0.001527933,0.00210582,0.001533803,0.001600411,0.002615633,0.00296802,0.003570286,0.002480587,0.003981975,"CEMS"
"T-467_Tropinone","Cation",0.008173165,0.004796889,0.006489407,0.005776623,0.004558407,0.003338442,0.007468466,0.006183062,0.006633907,0.006020391,0,0,0,0,0,0,0,0,0,0,"CEMS"
"T-476_g-Glu-Cys","Cation",0.017771931,0.017050665,0.02421622,0.023393575,0.026644693,0.011728924,0.011643355,0.011481833,0.016436674,0.018305162,0.016031699,0.013013138,0.020180666,0.023063328,0.013162179,0.023302031,0.029350031,0.028279643,0.028229231,0.032534156,"CEMS"
"T-482_Ala-Ala","Cation",0.005782132,0.006624987,0.005467234,0.005248465,0.008245345,0.010365766,0.006495765,0.004536319,0.007348591,0.00929463,0.003652911,0.002615185,0.002590477,0.002802845,0.004052406,0.003633165,0.004209626,0.004534233,0.004919274,0.006021602,"CEMS"
"T-489_Psychosine","Cation",0.192633125,0.19389991,0.202503314,0.187633668,0.198598262,0.152105722,0.137771934,0.142258303,0.12003506,0.12759027,0,0,0,0,0,0,0,0,0,0,"CEMS"
"T-495_Pyrrolidine","Cation",0.001306968,0.001074871,0.001228941,0.000831931,0.000957572,0,0.001056926,0.0009476,0.001376649,0.001173334,0,0,0,0,0,0,0,0,0.000853974,0.000927159,"CEMS"
"T-513_L-Theanin","Cation",0,0,0,0,0,0,0,0,0,0,0,0,0,0,0,0.002871796,0.002315941,0.002447046,0.00225055,0.003406323,"CEMS"
"T-517_S-MethylMet","Cation",0.004096627,0.003479655,0.003395995,0.004988492,0.00440171,0.003968747,0.004330483,0.002573187,0.004040071,0.004900383,0.004001503,0.005200128,0.00306444,0.004112956,0.004764424,0.003584386,0.005070446,0.006152636,0.003741158,0.005159541,"CEMS"
"T-519_beta-NMN","Cation",0.003089652,0.003137343,0.004636334,0.003511045,0.008319511,0.003461408,0.005880798,0.003481454,0.00403339,0.002725209,0.001333282,0.001479191,0.001305188,0.001393704,0.001745744,0.002730687,0.005563508,0.00431225,0.00289062,0.003449722,"CEMS"
"T-538_3-Aminoisobutyrate;T-539_3-Aminobutyrate *","Cation",0.017797657,0.013056413,0.0152204,0.018098573,0.017254436,0.011157819,0.011990347,0.009638738,0.010357745,0.011964271,0.00543971,0.0053494,0.00522408,0.005884577,0.005473104,0.005095838,0.004834456,0.005556087,0.00424918,0.005348672,"CEMS"
"T-547_Lupinine","Cation",0,0,0,0,0,0,0,0,0,0,0.001677656,0.001700461,0.001177013,0.002642285,0.001646629,0.000883769,0.001115108,0.001222144,0.001474699,0.001450042,"CEMS"
"T-552_3-[(2-aminoethyl)sulfanyl]propanoate","Cation",0.002227218,0.001734661,0.001784151,0.001740422,0.001658995,0.001844301,0.001798515,0.001725566,0.001312441,0.000821149,0,0.000833067,0,0,0.001164866,0,0,0.001882209,0,0.001644967,"CEMS"
"T-553_4-Deoxypyridoxine","Cation",0.302663808,0.238649136,0.410274217,0.393946167,0.476072171,0.284847918,0.322327405,0.29885926,0.340820608,0.434354634,0.007665713,0.007926245,0.007540858,0.008934998,0.008693809,0.003485011,0.004191526,0.004317765,0.003965443,0.00411735,"CEMS"
"T-555_Hypusine","Cation",0.000472079,0.000585978,0,0,0,0,0,0,0,0.000477,0.001341116,0.00097045,0.001450217,0.000988409,0.001273771,0.000878543,0.001096313,0.001022498,0.001044576,0.000986586,"CEMS"
"T-581_Isocytosine","Cation",0.001017248,0.001198875,0.000936955,0.001352318,0.001186554,0.000550503,0.000722059,0.000570409,0.000625868,0,0.001004952,0.000908854,0.000810263,0.000710469,0.000653582,0.000622077,0,0,0,0,"CEMS"
"T-603_CML","Cation",0.000726164,0.000941837,0.000763847,0.00075846,0.001433303,0.000823656,0.001098021,0.000660828,0.000793722,0.0007383,0.0009694,0,0,0,0.001000029,0,0.001117296,0.001034815,0.001045995,0.001737807,"CEMS"
"T-606_Fructose-Ala","Cation",0.001205152,0,0,0.000804114,0,0,0,0,0,0,0,0.002735256,0.002493461,0.001041783,0.004244716,0,0,0,0,0,"CEMS"
"T-608_Fructose-Glu","Cation",0.001418784,0.002081402,0.000861443,0.001577586,0.002324323,0.000491677,0.001390084,0.000779376,0.001038007,0.000816125,0.00052108,0.004220614,0.001288901,0.001291252,0.006954061,0.000383411,0,0,0.000462165,0,"CEMS"
"T-609_Fructose-Leu","Cation",0.000478534,0.001017819,0,0,0.000618986,0,0,0,0,0,0,0.001815256,0.000717283,0.000830106,0.005159215,0,0,0,0,0,"CEMS"
"T-613_Fructose-Val","Cation",0.001719594,0.00223658,0,0.001163608,0,0,0,0,0,0,0,0.002569489,0.00116802,0.000964088,0.004448106,0,0,0,0,0,"CEMS"
"T-676_1-Amino-2-methyl-2-propanol_1 **","Cation",0.007601997,0.0081284,0.007343726,0.008533712,0.008509202,0.009469859,0.010247494,0.009130776,0.010965116,0.011599333,0.003134015,0.003012548,0.002036351,0.002493449,0.002595431,0.004340528,0.005592845,0.005846365,0.004891714,0.005400208,"CEMS"
"T-676_1-Amino-2-methyl-2-propanol_2 **","Cation",0.006456297,0.007254643,0.008365899,0.006821194,0.007437702,0.008456859,0.005936053,0.006209467,0.005350638,0.006458595,0.007126706,0.006396009,0.007622366,0.007425225,0.006767442,0.009910896,0.011191657,0.009061939,0.008532268,0.010427826,"CEMS"
"T-677_2-Dimethylaminoethanol","Cation",0.041019273,0.051360926,0.124647974,0.04047036,0.06993762,0.067088057,0.090656785,0.05117259,0.044667223,0.117216206,0.026489087,0.03033516,0.042438967,0.04572624,0.030270135,0.045132528,0.05399101,0.072146682,0.039173224,0.054970786,"CEMS"
"T-687_3-HydroxyVal","Cation",0.00946186,0.008148546,0.008643727,0.008983454,0.009169265,0.007104422,0.007448691,0.006923184,0.007575765,0.007106935,0.005008263,0.005843875,0.005803345,0.005394451,0.005827823,0.004942004,0.005197441,0.006066417,0.005086872,0.005467279,"CEMS"
"T-690_Valinol_1 **","Cation",0.00613176,0.006810818,0.006679879,0.006288533,0.007035479,0.00633782,0.006867821,0.005570578,0.00589869,0.004702689,0.003551075,0.004194608,0.004028372,0.00507537,0.004130726,0.007034328,0.007455304,0.006069726,0.00606886,0.005491691,"CEMS"
"T-690_Valinol_2 **","Cation",0.011262271,0.009072494,0.010234734,0.009612105,0.010778629,0.008644058,0.010185566,0.009810409,0.00999148,0.010817522,0.007767172,0.008197148,0.006718698,0.007632751,0.009350427,0.007395016,0.009251132,0.006094912,0.008834976,0.011176088,"CEMS"
"T-695_beta-ODAP","Cation",0.005540138,0.005029613,0.005107216,0.007322861,0.00379015,0.007359863,0.004885149,0.006348073,0.005282437,0.005526388,0.005776777,0.006752432,0.005060994,0.004146889,0.005838676,0.005209755,0.00704001,0.005835243,0.006017923,0.010106279,"CEMS"
