"","Sp_HL_rep1","Sp_HL_rep2","Sp_HL_rep3","Sp_HL_rep4","Sp_HL_rep5","Sp_LL_rep1","Sp_LL_rep2","Sp_LL_rep3","Sp_LL_rep4","Sp_LL_rep5","Wa_HL_rep1","Wa_HL_rep2","Wa_HL_rep3","Wa_HL_rep4","Wa_HL_rep5","Wa_LL_rep1","Wa_LL_rep2","Wa_LL_rep3","Wa_LL_rep4","Wa_LL_rep5","MS"
"Lactic acid-2TMS",0.64465346,0.675660335,0.615830196,0.883770779,0.647273735,1.117660533,1.163908022,1.077077973,1.193803038,1.237126352,0.885747915,1.060130164,0.795035015,0.662682785,0.803983466,1.004506776,1.352512377,1.451753995,1.516183161,1.391370162,"GCMS"
"Alanine-2TMS",2.972716909,1.392128299,2.901466003,1.328005273,1.832766057,0.810853491,0.685887843,0.306943975,0.591803014,1.337752446,2.096507767,0.689291044,4.118959603,1.51394997,1.188357806,0.150316112,0.224875792,0.263755004,0.380829827,0.215494681,"GCMS"
"Hydroxylamine-3TMS",1.342103532,0.788822794,1.832845265,0.697908714,0.62422716,0.738926449,0.716952285,0.761173749,0.819330431,0.666290251,0.818473101,1.26543938,0.530716194,1.110621703,0.916314222,0.692908815,0.935954222,0.995080245,1.443715432,1.25423303,"GCMS"
"Glyoxylic acid-oxime-2TMS",1.429175548,0.903955854,2.350726154,0.709748389,0.682470775,0.760316749,0.768294874,1.0115938,0.775881734,0.694190799,0.774132686,1.499370548,0.542810382,0.974310308,0.862162565,0.637855324,0.782945475,0.918897185,1.313336181,1.026763205,"GCMS"
"Oxalic acid-2TMS",0.978821837,0.877061577,1.969660311,0.819616336,0.858645556,0.872542539,0.820438496,1.705393384,0.83881861,0.796801008,0.863769811,1.504298057,0.963647696,1.054971979,1.188947522,0.479520511,0.579855188,0.596009036,0.614802825,0.840569391,"GCMS"
"Sarcosine-2TMS",0.977515622,0.897451297,1.989405138,0.821715713,0.872288991,0.863568529,0.816536778,1.688086008,0.839059577,0.801549171,0.860530053,1.511066953,0.974693115,1.048908036,1.183139991,0.799923282,0.836610363,0.897476797,0.917083638,0.817718552,"GCMS"
"Valproic acid-TMS",1.09988261,0.933384747,2.29465389,0.798488667,0.810155798,0.661207966,0.787437232,1.731053653,0.760510294,0.828230821,1.00395096,1.59685853,0.900384468,0.993473513,1.122599484,0.708393316,0.881515666,0.974494027,0.907829142,0.847747961,"GCMS"
"3-Hydroxybutyric acid-2TMS",0.982791127,0.8636607,2.047867386,0.851667872,0.853706011,0.880721457,0.826761136,1.645701381,0.85352481,0.81241696,0.858040587,1.487361428,0.966268603,1.051583767,1.194172897,0.789641012,0.853016485,0.939093084,0.945215137,0.84704563,"GCMS"
"Malonic acid-2TMS",0.467676297,0.639234828,0.496367579,0.547249059,0.570679992,0.514385931,0.524213365,0.678639799,0.481489315,0.595632839,1.544274188,1.778812262,1.873767868,1.722245648,1.843950458,1.038782692,1.060685156,1.067088381,1.173703272,0.836100663,"GCMS"
"3-Hydroxyisovaleric acid-2TMS",0.959478802,0.948236281,0.991972273,1.018949367,0.947988923,0.983069229,0.226302217,0.971150589,0.981536397,0.937299666,0.955912632,1.054705432,0.910783004,0.935926281,0.953955588,0.899818618,1.049294004,1.005045979,0.943653821,0.997010531,"GCMS"
"Valine-2TMS",1.212286346,1.134709133,1.380747648,1.182295885,1.291694152,0.902276254,1.268531644,0.946336769,0.804267116,1.42370032,0.962132953,0.753425271,1.166478678,0.752319441,1.013251837,0.421936656,0.50603174,0.719386555,0.630319031,0.539323357,"GCMS"
"2-Aminoethanol-3TMS",0.924971683,0.845078381,1.037425023,1.108385521,0.99006543,1.005704213,1.239931191,1.229203793,0.896778438,1.132685135,0.932088244,0.84855853,1.266636914,1.313931598,1.146846195,0.492604586,0.508489857,0.565381318,0.517364464,0.442063584,"GCMS"
"Glycerol-3TMS",0.308047694,0.372171281,0.277396078,0.322775977,0.154806544,0.752562195,0.843553692,0.881531328,0.592077694,0.668679348,0.874773172,0.795823304,0.953072969,1.012487473,0.975799498,1.926587482,2.14151165,2.068038593,2.293829911,1.776639039,"GCMS"
"Leucine-2TMS",0.831571965,1.196872935,0.689172383,0.998655982,0.773446547,0.610850731,0.979788957,0.630749844,0.539811148,1.438154258,1.718610476,1.708317787,1.810461777,1.179328654,1.918461921,0.462917126,0.680444107,0.963959829,0.827885435,0.776788822,"GCMS"
"Phosphoric acid-3TMS",0.363777564,0.444515483,0.336225019,0.412448532,0.370282847,0.833092198,0.87503863,0.922636233,0.636259083,0.778363282,0.884847911,0.782657121,1.012562899,0.997618572,0.971389485,1.240163261,1.214063047,1.328747348,1.302346601,1.109071176,"GCMS"
"Isoleucine-2TMS",0.969887038,1.209333094,0.861004887,1.087886126,0.897201122,0.850682136,1.237576356,0.927558577,0.766803739,1.500550164,1.371999051,1.332939231,1.394327179,1.174304769,1.617474776,0.4615219,0.581655153,0.855516869,0.758890492,0.689794296,"GCMS"
"Proline-2TMS",1.066720047,0.830461113,1.13877883,1.009170287,1.367991816,0.76059209,1.19021907,1.108529661,0.429877157,1.538854116,1.550596136,0.869129086,1.978392167,1.061835744,1.631298516,0.505608549,0.539648729,1.041148978,0.704064128,0.543684704,"GCMS"
"Glycine-3TMS",0.473144425,0.439521006,0.452103016,0.409868253,0.454773415,0.279565224,0.314162325,0.278456013,0.267744729,0.325440359,3.439432011,2.151245781,6.02782214,2.89939766,2.194744137,0.246098444,0.23786587,0.261647181,0.297726081,0.224029083,"GCMS"
"Succinic acid-2TMS",1.210362606,1.122614154,1.186957248,1.163197001,1.17097455,1.274925339,1.408626375,1.445780639,1.326695842,1.518466362,0.912192643,0.869900111,1.186900908,0.96511042,0.90273195,0.698872462,0.638451972,0.493345888,0.59411436,0.487102374,"GCMS"
"Glyceric acid-3TMS",1.701470534,1.890763098,1.626635894,1.914162532,1.653862492,1.557890386,1.773398465,1.390896141,1.716571185,2.098414036,0.265785462,0.36091163,0.342356068,0.245962548,0.346945859,0.267814281,0.243346736,0.144174739,0.212231461,0.141614835,"GCMS"
"Serine-3TMS",1.585715024,0.977512443,1.548483202,0.882535929,1.493548865,0.75592346,1.186883392,1.019527246,0.64539545,1.379576694,2.723649939,1.475788578,4.33319719,1.580220092,1.844539147,0.210423952,0.284356087,0.50733691,0.335407208,0.378997787,"GCMS"
"Fumaric acid-2TMS",0.49700616,0.698726916,0.732759464,0.763357736,0.553616108,0.656664794,1.246878048,0.744127534,0.657790544,0.946830472,1.426988742,1.094298105,1.54188323,1.401410945,1.87839376,0.930928911,0.841630719,1.081944978,0.708852123,0.733225157,"GCMS"
"Acetylglycine-2TMS",1.200054104,0.880824746,1.43861308,0.907953584,1.323077152,0.703777886,1.318005119,1.171339122,0.581852883,1.250879831,2.613695303,1.481740159,4.209838537,1.755479117,1.879528971,0.348375219,0.380212188,0.523752589,0.362850715,0.444765845,"GCMS"
"Threonine-3TMS",1.188190114,0.963470881,1.144690561,0.761713312,0.984370164,1.031026948,1.342646612,1.324341398,0.768304445,1.543260246,1.734128169,1.246147857,1.85617071,1.422327721,1.599716624,0.513928228,0.648733166,0.842341172,0.781898807,0.623131069,"GCMS"
"O-Acetylserine-2TMS",1.641468301,1.623075967,1.675491737,1.750986105,1.514989828,1.37002341,1.694308033,1.527089963,1.095989535,1.753014113,0.741600139,0.652732113,1.194564189,1.042382082,0.98232019,0.527960963,0.302432178,0.752132564,0.308992398,0.318001763,"GCMS"
"3-Aminopropanoic acid-3TMS",1.175453886,1.951841377,1.239817084,1.420641023,1.229643023,0.769384484,0.757892129,0.70637746,0.586415945,0.914573939,1.625617511,1.213868433,1.34972182,2.079338151,1.7230613,0.225653911,0.286037428,0.276528162,0.399338323,0.248671713,"GCMS"
"Glutaconic acid-2TMS",1.430758876,1.643959484,1.333552534,1.437353085,1.217852922,0.764804435,0.966407134,0.750022689,0.931977258,1.129774144,1.229543362,1.322918384,1.669340861,1.084498397,1.326762785,0.351536992,0.358294306,0.245230213,0.304050931,0.204443501,"GCMS"
"Erythrulose-meto-3TMS(1)",1.364810473,1.525467377,1.212583296,1.403563123,1.135567881,0.771231961,0.904111047,0.715553102,0.893848818,1.194401955,1.192860375,1.204529242,1.668647512,1.082927553,1.339432782,0.360303844,0.361014205,0.228847731,0.295274946,0.198816681,"GCMS"
"Citramalic acid-3TMS",1.417091266,1.668361061,1.391958701,1.44948463,1.237811479,0.812599896,0.941861323,0.714613526,0.872582906,1.133988471,1.294495016,1.312486648,1.645848507,1.090227482,1.316095413,0.369835995,0.356760497,0.236647576,0.309330738,0.184230684,"GCMS"
"2-Propyl-5-hydroxy-pentanoic acid-2TMS",0.817437901,0.851000457,0.972343033,0.959652972,0.953497086,0.842644753,0.98356829,1.135700758,0.887320768,1.033962945,0.968467273,1.00069324,1.074591092,1.181972698,0.981417456,1.308092178,1.19081108,0.834053418,0.848582528,1.144700483,"GCMS"
"Threitol-4TMS",0.615003498,0.725036912,0.594139165,0.712738537,0.638554175,0.379210343,0.457234408,0.515044639,0.504406403,0.445117124,1.020180006,1.31944935,1.170215553,1.181962479,1.100784686,1.901212223,2.381126437,1.679331982,1.706284211,1.784243548,"GCMS"
"Malic acid-3TMS",1.492278815,1.657700527,1.362784592,1.428319708,1.23902798,0.772810791,0.95197417,0.769605624,0.967455918,1.142559832,1.256159585,1.349246888,1.709744829,1.084583223,1.35949957,0.365829851,0.386229613,0.247722264,0.315242194,0.211298632,"GCMS"
"meso-Erythritol-4TMS",1.262636603,1.523700708,1.192688801,1.468178102,1.173456742,0.787539351,0.986458284,0.777820214,0.901811226,1.106677568,1.219834257,1.30135289,1.726029933,1.084616429,1.443111964,0.362683034,0.402920015,0.275012989,0.300069215,0.241341038,"GCMS"
"Glutamic acid 5-methylester-2TMS",1.213751018,0.623706204,1.06217064,0.56774386,0.876604303,1.165137783,1.290651715,1.2697952,1.565524737,1.548176153,1.188777253,1.286897051,1.084452208,1.025144882,1.099440994,0.735886757,1.298035139,0.999665406,1.018365028,0.975259084,"GCMS"
"Aspartic acid-3TMS",0.992815983,0.485567568,0.87776424,0.513633772,0.908974885,1.15878027,1.365591425,1.295027809,1.546752631,1.569985349,1.154547866,1.315775537,1.089265085,1.020682443,1.109765228,0.807040981,1.391122098,1.045265019,0.892543121,0.918425722,"GCMS"
"3-Aminoglutaric acid-2TMS",1.007167997,0.499427854,0.863475562,0.516677638,0.922796382,1.18598269,1.391512513,1.319063331,1.477645586,1.579490702,1.145508028,1.267767926,1.084147813,1.033348445,1.111346318,0.789555617,1.320401347,1.033538626,0.911268791,0.894924515,"GCMS"
"4-Hydroxyproline-3TMS",1.527575091,0.53931176,2.074507306,1.224709114,1.888984341,1.327441393,1.852615217,1.784028912,1.73816515,1.82347832,0.221297343,0.390764267,0.452727294,0.249772666,0.24947389,0.565006737,0.665909463,0.414803248,0.554634413,0.486706462,"GCMS"
"4-Aminobutyric acid-3TMS",1.366301064,1.281651454,1.354692088,1.665335417,1.378738058,1.460316751,1.991877284,1.884136146,0.83863472,2.048729636,0.206980982,0.184827514,0.465279155,0.476726023,0.315651455,0.523108976,0.354573073,0.464042875,0.435974664,0.336826086,"GCMS"
"5-Oxoproline-2TMS",1.530116244,0.547488948,2.134097132,1.234029916,1.823980408,1.315694876,1.91331233,1.897993269,1.64370674,1.748572691,0.22091436,0.272569752,0.43567077,0.23578957,0.231810183,0.542128678,0.644263593,0.464612429,0.462993628,0.430412912,"GCMS"
"Threonic acid-4TMS",2.43024836,2.601372003,2.295516653,2.496150111,2.2080606,0.785166645,0.968982321,0.894958543,0.886628046,1.103380544,0.392516078,0.414765452,0.426340949,0.446343704,0.430314927,0.311268647,0.292410943,0.20726915,0.273075181,0.20569541,"GCMS"
"Phenylpyruvic acid-meto-TMS(1)",1.104225936,1.032847929,1.013271279,1.042085618,1.103268621,0.965650868,0.93539802,1.015673704,1.024381463,0.968158714,1.063526582,1.006493492,1.019509021,1.021155785,0.922949532,1.082761866,1.145382582,1.033402334,0.961694686,1.191779653,"GCMS"
"Oxalacetic acid-3TMS",2.250053905,0.530975326,2.094075296,3.86024903,3.877334613,1.057956652,1.429974305,0.5201971,0.522131912,1.125080507,2.120183975,0.694683697,0.275269734,1.098612575,0.545143318,0.017096194,0.188756291,0.025842731,0.656365238,0.359703024,"GCMS"
"Cysteine-3TMS",2.321407222,2.559845006,2.204134904,2.427012539,2.170157936,0.761764032,0.951178616,0.873217584,0.922201774,1.104783822,0.376037895,0.411813619,0.401647662,0.419223374,0.41406372,0.284432003,0.294997294,0.201728109,0.274653139,0.188731587,"GCMS"
"2-Hydroxyglutaric acid-3TMS",0.808154461,1.35965482,1.474119803,0.694276388,0.739767832,1.229254944,0.98306534,0.891433383,0.991938219,0.933436642,0.647398775,0.689545879,0.717842365,0.39882718,0.601043927,0.481277501,0.515424575,0.718862864,0.317517228,0.51585445,"GCMS"
"3-Hydroxyglutaric acid-3TMS",2.474953118,2.539730105,2.241413002,2.045292846,2.100183793,1.41236176,1.950333133,1.559731916,1.757948676,2.16332522,0.210398959,0.23562181,0.285398579,0.249565219,0.289842441,0.00283868,0.245496661,0.099415591,0.064844732,0.120136732,"GCMS"
"2-Isopropylmalic acid-3TMS",1.701215666,1.921553023,1.842522708,1.686567389,2.233249788,1.255360675,2.087865694,1.736757602,1.376460086,2.2877901,0.126912032,0.177109579,0.255101405,0.155586177,0.268224975,0.044001597,0.025783024,0.002460339,0.002190907,0.002012014,"GCMS"
"2-Ketoglutaric acid-meto-2TMS",0.953513121,1.311284734,0.971491362,1.183363082,0.948426741,0.798684419,0.748759657,0.855377162,0.628999961,0.738599587,1.209879495,1.267889786,1.349278485,1.219466246,1.296471684,0.388454782,0.554889832,0.496721108,0.417312607,0.276274013,"GCMS"
"3-Hydroxy-3-methylglutaric acid-3TMS",0.52119008,0.428159891,0.007476644,0.368765919,1.208876454,2.868734596,1.625182768,2.728672208,1.906602498,2.466641289,0.169188434,0.007086938,0.008285618,0.132887409,0.008300581,0.007680636,0.1898752,0.008230206,0.006959911,0.007277018,"GCMS"
"Hypotaurine-3TMS",1.115521705,0.67065123,1.227282483,0.701084715,2.210450308,2.22864042,1.582408991,2.6541999,0.801618425,1.033223277,0.34592899,0.468254789,0.804537805,0.283245896,0.189302047,0.470372148,0.598362647,0.676874407,0.668607172,0.366099532,"GCMS"
"Glutamic acid-3TMS",1.132194035,0.813190499,1.078347352,0.901590325,1.137847808,1.136343821,1.23870133,1.211491203,1.286515871,1.241368768,0.882649003,1.025281296,1.090437426,0.835695642,0.911423765,1.043256567,1.376724564,0.905422702,1.05199602,0.75414058,"GCMS"
"Cadaverine-3TMS",1.354047022,1.179237196,1.330345313,1.312463204,1.277920803,1.276574074,1.325074906,1.309649505,1.020694326,1.30860094,0.541116556,0.409397616,0.677330399,0.721307292,0.509530556,0.686763728,0.511249303,0.84558971,0.491074154,0.420946032,"GCMS"
"5-Aminovaleric acid-3TMS",1.295065354,1.103899811,1.234468795,1.206023737,1.078252,1.225721836,1.206608447,1.282348981,1.017096606,1.273408469,0.427107902,0.390213398,0.683124629,0.73722206,0.57007188,0.65644328,0.504361538,0.740227877,0.376832623,0.416426527,"GCMS"
"Xylose-meto-4TMS(1)",1.844196714,1.99401945,1.961689212,2.015151625,1.774808146,1.320797717,1.704789813,1.653730147,1.526847263,1.741091036,0.280282194,0.25622656,0.234766668,0.335443944,0.266943982,0.085593884,0.127441761,0.097709176,0.130595074,0.101700927,"GCMS"
"2-Ketoadipic acid-meto-2TMS(1)",1.487513519,0.918725859,1.260363358,1.000163889,1.189186407,1.125075695,1.218280741,0.99464258,1.311341849,1.473145586,0.764604679,1.017680329,1.012867264,0.843609425,0.867582671,0.992420551,1.239273128,0.839341791,1.291288131,0.625719075,"GCMS"
"Phenylalanine-2TMS",1.37918282,1.364604783,1.419411148,1.514289773,1.884396564,1.016231546,1.262708162,1.234774064,1.267474636,1.141971499,0.58264553,1.503028884,1.570071031,1.059835651,0.989167494,0.789335051,1.277927465,0.60108452,0.720409334,0.836830896,"GCMS"
"Ureidopropionic acid-3TMS",1.280007465,0.77455418,1.495881491,0.893374868,2.001649394,2.096560736,1.271750973,2.247002563,1.173628077,1.044447288,0.155791424,0.103653931,0.467727709,0.104555208,0.09897163,0.727412546,0.843115247,1.020850564,0.910381433,0.610895831,"GCMS"
"4-Hydroxybenzoic acid-2TMS",0.449289068,0.574990351,0.609724696,0.520838236,0.48236426,0.327773222,0.633086489,0.185940531,0.627132171,0.549115671,1.290282173,1.507287719,1.53174673,1.264659118,1.598481384,0.95602647,1.585971844,1.224810526,1.046892428,1.204333209,"GCMS"
"Lyxose-meto-4TMS(2)",2.077573153,1.987576719,1.887950136,1.793690305,1.582046079,1.24954109,1.609317626,1.509509727,1.532712105,1.726362253,0.223194905,0.249111355,0.228180795,0.236819876,0.23759066,0.138731794,0.15790516,0.081092662,0.153688253,0.092314274,"GCMS"
"Arabinose-meto-4TMS",1.877153387,1.727141326,1.821753612,1.835469083,1.708169835,1.246771974,1.557917545,1.52719343,1.424050961,1.769864188,0.228570884,0.257777906,0.280169894,0.275358559,0.251223696,0.138415488,0.121333629,0.094776937,0.097148579,0.080506567,"GCMS"
"Threo-b-hydroxyaspartic acid-4TMS",0.309235404,0.842230954,0.224556118,1.319763409,1.132194053,0.323449363,1.568981609,1.524128073,0.840547815,0.282301611,0.282669825,0.313009776,0.605062989,0.472839676,1.029769013,2.126973746,1.466781996,0.823241458,0.786716322,0.783791351,"GCMS"
"Xylulose-meto-4TMS",2.511691562,1.681892718,1.844168516,1.219194992,1.030636006,0.833590319,0.928751737,0.852113974,0.805094552,1.17516218,1.188232133,1.201175532,1.388647252,1.162828116,0.988534369,0.796205608,0.94357982,0.532491517,0.685929572,0.635578983,"GCMS"
"Ribulose-meto-4TMS",2.17940715,2.581357706,2.282048929,1.59903618,1.714182197,0.871325921,1.480065679,1.108862159,1.377817385,0.508407581,1.237295061,1.234975206,1.064232334,0.759811857,1.335555215,0.829188201,0.964111838,0.631795672,0.905497143,0.796874197,"GCMS"
"Lauric acid-TMS",0.862931687,1.012219393,1.028426892,1.128289033,0.976777176,0.877259861,0.966815902,1.073041415,1.137842854,1.173869609,0.880251836,0.953433993,0.958270081,1.018869665,0.991324759,0.959019808,1.059822427,0.973958336,0.859107644,0.938287786,"GCMS"
"Ribose-meto-4TMS",0.669817904,0.502218893,0.597742851,0.554183186,0.526054986,0.64910819,0.602767602,0.793852029,1.175620493,0.658939198,1.03445757,1.698437453,1.097484079,1.188279931,1.509963439,1.808537068,2.363956445,1.387448796,2.224850628,1.4935556,"GCMS"
"Asparagine-3TMS",1.218247161,0.730643364,1.456182868,0.826153871,2.074590652,2.094966368,1.241752632,2.281848544,1.057357121,1.065897351,0.125464835,0.071769334,0.481233581,0.092642619,0.059866007,0.710553232,0.762462657,0.919568649,0.903025729,0.551686347,"GCMS"
"Ribonolactone-3TMS",1.045097618,1.062123039,1.115438483,1.020276759,0.990367238,0.992039767,0.983408123,1.004126985,1.101318278,0.943025168,1.007724711,1.023250095,1.03955327,0.868746789,1.19639221,0.987300732,1.042332945,0.984045503,0.828883286,1.17993951,"GCMS"
"Xylitol-5TMS",0.995332748,0.992044147,1.06399157,1.036490024,0.95602537,0.935269629,0.969798078,1.003995975,0.985002245,0.937263959,0.988520972,0.993588778,1.002583595,0.86918903,1.186042256,0.978345404,0.963927028,0.975651633,0.84453206,1.093855983,"GCMS"
"Arabitol-5TMS",0.994653781,0.952430979,1.050247636,0.985496759,0.95094796,0.991150442,0.955703739,1.001598329,0.966821573,0.939412582,0.973158478,0.93741715,0.99853375,0.819057993,1.151126582,0.929163301,0.932785515,0.932743354,0.80820426,1.036146521,"GCMS"
"Rhamnose-meto-4TMS(1)",0.954249094,0.955083054,1.001495705,1.056056853,0.997510456,0.968969431,0.990366893,0.979813824,1.038279559,0.938610602,0.947941158,1.023066563,0.97418422,0.860910701,1.135621051,0.991095127,0.98587002,0.948888487,0.814695787,1.131513336,"GCMS"
"Ribitol-5TMS",0.982317582,0.963352943,1.0490945,1.007918607,0.989027696,0.97069867,0.982769154,0.973993371,1.003577727,0.947339702,0.98829933,0.966950913,1.001254431,0.85963295,1.156917678,0.95267467,0.96062483,0.956809869,0.806645234,1.072575471,"GCMS"
"1,6-Anhydroglucose-3TMS",1.035634186,1.00622523,1.087254435,1.026790554,0.960965897,0.974299237,0.936052235,0.99711697,1.04621124,0.946780292,0.986831213,1.040141673,0.994191224,0.851383019,1.144950587,0.951488066,1.010873093,0.941758161,0.835363872,1.098919913,"GCMS"
"Fucose-meto-4TMS(1)",1.098604926,1.065837162,1.112862971,1.023078093,1.012530925,1.015560479,0.993992275,0.972761038,1.017164061,0.968864534,0.999050149,1.047130612,1.025377392,0.835501106,1.185949622,1.011185905,0.977628658,0.933351543,0.867878946,1.128422879,"GCMS"
"2-Deoxy-glucose-4TMS(1)",1.047974034,1.033881853,1.06176357,1.046095609,0.991546973,0.966113465,0.961907279,0.995183277,0.986104767,0.946005966,0.996085119,1.015808155,1.022903837,0.843077785,1.158157014,0.938470875,0.952354767,0.955490275,0.833840667,1.077029975,"GCMS"
"Glutamine-4TMS",0.945725508,1.021118047,1.031343768,0.99583839,0.959611306,0.989180587,1.015629117,1.044110886,1.035895653,0.923700314,0.977360893,1.064881632,0.971655611,0.835461752,1.193503893,0.985808832,0.987060415,0.923423061,0.828292327,1.151912305,"GCMS"
"2,3-diaminopropionic acid-3TMS",0.98774704,0.917811472,0.928830676,0.878891966,0.83026783,0.891621601,0.971600635,0.948449261,0.869549363,0.976308067,1.144860944,0.977601558,1.044730976,1.07478654,1.139534389,0.952314747,0.940071984,1.0833077,1.041294951,0.88930279,"GCMS"
"Putrescine-4TMS",0.964225656,0.929562943,0.921017477,0.857985454,0.832315422,0.910923633,0.974167451,0.95611483,0.907341927,0.969224224,1.105283384,1.025106315,1.085841296,1.10232261,1.127968372,0.979025274,1.011378136,1.061571871,1.055700456,0.950738524,"GCMS"
"Ribonic acid-5TMS",0.629948435,0.577343234,0.710288115,0.669803038,0.662957222,0.762668239,0.925486421,0.963682084,0.782941398,0.865851129,0.837360051,0.686286982,0.759171099,0.964316261,0.825435179,1.929047943,1.900405793,1.253929464,1.766312112,1.308968426,"GCMS"
"Aconitic acid-3TMS",0.43804661,0.339413668,0.548085874,0.476701335,0.434658372,0.482229727,0.533009157,0.452096434,0.254458789,0.528777637,2.129609495,2.122751931,2.673614253,2.386618314,2.112238053,0.858714472,0.788914565,0.673391088,0.755198774,0.492954959,"GCMS"
"Orotic acid-3TMS",0.963729747,0.992831507,1.003939733,0.967270386,1.068962011,1.053914162,1.143646521,1.063558428,1.215237216,1.064249775,0.924284646,1.185186366,1.061735382,1.082412403,1.132432889,1.018607855,1.392908944,0.987352069,0.814758335,1.231455763,"GCMS"
"Glycerol 3-phosphate-4TMS",0.95203744,0.960989677,0.935702322,1.143712564,1.034130599,1.102634143,1.172910417,1.127576704,1.445186462,0.994763501,0.954906211,1.228304164,1.108982563,1.112973911,1.222560396,1.098850256,1.526569473,1.081410622,0.856215195,1.260415698,"GCMS"
"O-Phosphoethanolamine-4TMS",1.06506636,0.672491287,0.956673589,0.697918184,1.028566402,0.936400411,2.057084117,1.210217744,1.305325574,1.113131122,0.465581398,0.737055728,0.925660893,0.570648766,0.414348523,0.606131672,0.775650798,0.746291003,0.668302754,0.972299208,"GCMS"
"Dihydroorotic acid-3TMS",0.710877527,0.847550248,0.71533238,0.771847507,0.724440248,0.702974075,0.855642008,0.761403256,0.806167574,0.884819645,1.905925706,1.934228335,2.028045821,2.133471309,2.2028481,0.453344858,0.499241427,0.354888828,0.444340516,0.331230053,"GCMS"
"3-Dehydroshikimic acid-meto-3TMS(2)",0.69886487,0.550966688,0.660875473,1.049583342,0.902221124,0.766498218,1.286271436,0.989938114,0.884117886,0.978856387,1.941169742,2.008799362,1.936923006,2.03916404,2.505627584,0.527722659,0.648967985,0.522062447,0.474087926,0.367692642,"GCMS"
"Shikimic acid-4TMS",1.484758508,1.52623272,1.551703701,1.168397868,0.815700668,0.609957176,0.583271489,0.922333996,0.496692386,0.654178665,1.686967716,0.969856751,1.391544896,1.519330271,1.334718835,0.973206503,0.880783003,0.692403942,0.936939855,0.702977034,"GCMS"
"Isocitric acid-4TMS",0.671393049,0.657836042,0.52746852,0.557503897,0.584554316,0.60570765,0.681915774,0.585738016,0.893548696,0.939317857,1.917942931,2.25717756,1.96845251,2.124458842,2.459588353,0.448741925,0.805758219,0.508388964,0.672104853,0.48043387,"GCMS"
"2-Aminopimelic acid-3TMS",0.719595483,0.838553339,0.693350827,0.776080179,0.723058348,0.718618493,0.855757795,0.735811335,0.785403635,0.909673228,1.841237479,1.913478968,2.074621397,2.137990946,2.238425689,0.43812112,0.5100025,0.349867698,0.434819409,0.329382662,"GCMS"
"Citric acid-4TMS",0.736889875,0.861801259,0.717273434,0.77929048,0.71019958,0.72383544,0.837435484,0.746857739,0.776090807,0.922725571,1.867861351,1.91326639,2.080076351,2.170174228,2.239654363,0.440031381,0.496278083,0.347559668,0.448773983,0.325515203,"GCMS"
"Arginine-3TMS",0.708323871,0.397646896,0.737119858,0.58729055,0.506685917,0.358110817,0.594788887,0.339849958,0.509529564,0.72562004,2.700912924,2.728741351,2.195938276,2.464609673,2.546917961,0.546873774,0.675456695,0.157873835,0.464450992,0.245862755,"GCMS"
"Histidinol-2TMS",0.590710381,0.668730086,0.622904491,0.644469555,0.623926373,0.460814545,0.729555268,0.442777138,0.576339679,0.909179274,2.339638196,2.193641029,2.275056666,2.503196418,2.658179218,0.551151864,0.591837749,0.28793069,0.392111886,0.279480029,"GCMS"
"Hypoxanthine-2TMS",0.921535652,0.907481912,0.722671382,0.686425182,0.680321219,0.359787096,0.564088554,0.366533878,0.541225316,0.716300639,2.608685265,2.167085091,2.374654459,2.399749351,2.484646078,0.681110278,0.6624591,0.238983459,0.477710972,0.232055453,"GCMS"
"Glycyl-Glycine-3TMS",0.607526184,0.723776605,0.621694684,0.762735363,0.593290973,0.428079044,0.652734485,0.439384779,0.631691488,0.769770542,2.116447066,2.211113501,2.16955416,2.134247144,2.428293363,0.541719197,0.642520044,0.275282117,0.383664976,0.278874344,"GCMS"
"Psicose-meto-5TMS(2)",0.758023824,0.778370695,0.790742575,0.699739377,0.643867038,0.387403423,0.626846045,0.436239044,0.566583758,0.762751756,1.980794438,1.92329523,1.945585694,1.949731981,2.02947144,0.532971274,0.591769605,0.244566059,0.381667919,0.24140648,"GCMS"
"Tagatose-meto-5TMS(2)",0.767222914,0.780506238,0.791719756,0.697265908,0.630946696,0.386753073,0.62419875,0.429303373,0.576035548,0.759122054,1.738180103,1.733958193,1.685368963,1.697351605,1.772138991,0.528536304,0.598724415,0.239624594,0.383601306,0.246196348,"GCMS"
"Sorbose-meto-5TMS(1)",0.778701246,0.782096299,0.796913338,0.698870289,0.636326881,0.387193401,0.624362969,0.434611214,0.563465668,0.761238659,1.853221363,1.756858358,1.782316516,1.799637829,1.867853983,0.531179756,0.590549927,0.240926353,0.392174247,0.239736633,"GCMS"
"Pyridoxal-meto-2TMS(1)",0.746868284,0.76968726,0.773711669,0.705190842,0.627076173,0.381539637,0.625682557,0.427517907,0.557245855,0.767111847,2.247406307,2.162759821,2.247210082,2.316555425,2.455521802,0.516230836,0.566818554,0.241322735,0.374163737,0.242028177,"GCMS"
"Galactosamine-5TMS(1)",0.79453305,0.810215118,0.888397279,0.729273169,0.652170207,0.394046944,0.637355951,0.430411673,0.568923073,0.776730094,2.384078499,2.089656586,2.26237733,2.348720143,2.435462363,0.510593326,0.602329783,0.210510766,0.429328222,0.261183825,"GCMS"
"Myristic acid-TMS",1.019985715,0.83961894,0.895984177,1.081031856,0.891622405,0.851120965,0.84892617,0.777716926,0.914246678,0.872050075,1.033395188,1.112316328,0.951266337,0.827521391,0.806897129,0.891714921,1.148662061,0.86569952,0.772188359,1.115917939,"GCMS"
"Fructose-meto-5TMS(2)",0.763127263,0.775731586,0.794465393,0.697290679,0.637721348,0.385086143,0.618923645,0.433729829,0.578530044,0.757705267,1.764455179,1.72632933,1.696495097,1.704825755,1.782113816,0.536241499,0.603030257,0.23939938,0.382668159,0.243982924,"GCMS"
"Mannose-meto-5TMS(1)",0.336590994,0.399128871,0.376937609,0.361554637,0.304207505,0.146017223,0.249326415,0.189969526,0.202980119,0.263724686,2.311881155,2.202663002,2.222398028,2.287400925,2.368779203,0.493577188,0.529819817,0.205471829,0.325171084,0.19945106,"GCMS"
"Glucono-1,5-lactone-4TMS",0.34994146,0.413785719,0.384662637,0.356642794,0.301374041,0.142507665,0.245157565,0.189809545,0.188548583,0.262717914,2.174993605,2.072559524,2.100248004,2.120141694,2.198727888,0.490317781,0.541238074,0.203172816,0.338102244,0.206851306,"GCMS"
"Hippuric acid-TMS",0.374458908,0.414788614,0.389939195,0.37254312,0.300871254,0.137320251,0.249156544,0.182962551,0.197145215,0.262885154,3.213416521,2.861069102,2.937225093,3.115165289,3.409299771,0.464250674,0.514034102,0.205857769,0.339120333,0.204382343,"GCMS"
"Allose-meto-5TMS(2)",0.349390866,0.410815876,0.384418084,0.383543344,0.302183359,0.14419421,0.248305812,0.187962918,0.189258822,0.264534215,2.175096888,2.068202958,2.078423616,2.101545034,2.178516335,0.490583579,0.537987299,0.203136741,0.335710562,0.202874869,"GCMS"
"Erythrose 4-phosphate-meto-4TMS(2)",0.805654256,0.644974888,0.678427101,0.854824774,0.97553316,0.716183147,1.345459589,0.849597021,1.453917818,1.113207685,1.028781226,1.902970392,1.10039587,0.651362643,0.964470805,0.945874174,2.060180982,0.489003494,0.244388575,2.821124066,"GCMS"
"Galactose-meto-5TMS(2)",0.375908248,0.415753068,0.386204491,0.355299879,0.307197162,0.147089451,0.248882647,0.186779346,0.205495254,0.260774718,2.156583223,2.042906398,2.078668576,2.118020873,2.191826265,0.492901278,0.529392547,0.201560024,0.339675233,0.201675495,"GCMS"
"Adenine-2TMS",1.012452225,1.030614481,1.083915935,1.50509558,0.725441426,0.571593868,0.6536676,0.671224502,0.717357919,0.768411012,1.33485804,1.510169581,1.536182204,1.47330977,1.659635417,0.690260396,0.501001924,0.669230152,0.339503461,0.5683359,"GCMS"
"N-Acetyl-Lysine-2TMS",0.40241873,0.376860265,0.368811802,0.415638684,0.31260893,0.165876705,0.22087126,0.21077553,0.207139128,0.256145051,3.207489974,2.877175647,3.210431963,3.01571932,3.414801119,0.507116255,0.524471755,0.220220839,0.327972596,0.177743116,"GCMS"
"Glucose-meto-5TMS(2)",0.348700421,0.410817311,0.384406364,0.383347462,0.302148911,0.134071173,0.248185946,0.187880425,0.189279331,0.264484366,2.174375901,2.068819082,2.079900646,2.101159545,2.177477438,0.490614993,0.538047242,0.203045265,0.336080087,0.202894372,"GCMS"
"Glucosamine-5TMS(1)",0.413995479,0.567004832,0.583452115,0.273314294,0.361180488,0.150744238,0.348879954,0.044782561,0.212992709,0.471121357,3.424038062,3.282063465,3.349892171,3.20264021,3.423280132,0.46117954,0.546780301,0.225121566,0.215143989,0.281028674,"GCMS"
"Mannitol-6TMS",0.37338171,0.416626439,0.403998054,0.381296529,0.301545726,0.144218966,0.254992152,0.199172412,0.196480438,0.260953292,3.404372186,3.183907884,3.142916008,3.339468227,3.572022478,0.470848141,0.546994976,0.21432116,0.327144602,0.194191473,"GCMS"
"N-Acetylglutamine-3TMS",0.337723158,0.30151233,0.285921363,0.337102218,0.325901037,0.102994486,0.19117899,0.164453451,0.093823469,0.353328313,2.465468631,3.980852543,2.83027829,3.30249704,3.605131136,0.434097971,0.811720418,0.343433619,0.284500421,0.243766293,"GCMS"
"Sorbitol-6TMS",0.368148143,0.432488932,0.403763389,0.372312401,0.295446326,0.1408096,0.24480845,0.182035847,0.195725112,0.271445449,3.410328307,3.121918623,3.130257616,3.257301096,3.560768401,0.48704561,0.535077992,0.192888614,0.330354889,0.195203105,"GCMS"
"Galactitol-6TMS",0.386696209,0.426210128,0.402366383,0.371002701,0.314367076,0.141160224,0.258894453,0.178249876,0.19783115,0.262712067,3.38510844,3.087899552,3.128757601,3.245928109,3.588692273,0.487539841,0.546696757,0.203017348,0.309935276,0.197499477,"GCMS"
"Lysine-4TMS",0.300064908,0.96835179,0.27391103,0.894854447,0.26675775,0.96859267,0.703231541,0.863916903,0.845939073,1.081736288,1.16767361,2.151267355,0.960047944,1.245467215,2.214437809,1.072692784,1.456970762,1.142166101,0.848497507,1.022781962,"GCMS"
"4-Hydroxyphenylpyruvic acid-meto-2TMS",0.42358075,0.439046368,0.505370179,0.398798785,0.385852601,0.233533198,0.281530587,0.260950136,0.207935189,0.311477451,3.238728363,2.778086562,3.089527385,3.071809274,3.344488408,0.500161273,0.454398769,0.230136803,0.330575195,0.221050101,"GCMS"
"2-Methylhippuric acid-TMS",0.377403108,0.370718264,0.402668684,0.378252522,0.341563025,0.157995938,0.250281897,0.225545564,0.209968941,0.315498189,3.485990268,2.944747489,3.125383568,3.489043812,3.660442002,0.488661178,0.601164428,0.193727496,0.306403934,0.19510195,"GCMS"
"Tyramine-3TMS",3.389659017,1.144101053,1.057311203,1.948191967,0.664514829,1.12293812,1.655563911,1.351117734,1.631161137,1.678234276,0.051713787,0.087230026,0.147011876,0.118343052,0.070101388,0.229914562,0.443232845,0.200159928,0.296245901,0.238287138,"GCMS"
"Galacturonic acid-meto-5TMS(1)",0.492365933,0.686975869,0.390739439,0.782106407,0.402838859,0.560416159,0.763293628,0.505879599,0.429334263,0.07393067,1.572362889,1.494710365,1.74254783,1.619663803,1.930089114,1.540890565,1.293166893,0.950723484,1.201472375,0.842886655,"GCMS"
"Ascorbic acid-4TMS",1.981672953,2.040122323,2.409025515,1.779156102,1.245084778,0.411756225,0.597361471,0.612687738,0.890181014,0.569591171,1.692616638,2.081862447,1.734579652,1.876067208,1.961100756,0.431400588,0.386185852,0.318055832,0.211388388,0.363774616,"GCMS"
"Tyrosine-3TMS",0.787699496,0.915333077,0.672216461,0.859159068,0.522703974,0.7448538,0.910789428,0.864402296,0.944672913,0.819238459,1.250909405,1.420399818,1.219900714,1.168254185,1.565565832,0.985752481,1.030767024,0.918452912,0.980737922,0.877838447,"GCMS"
"1-Hexadecanol-TMS",1.761080961,1.271876359,1.351745963,0.884073178,0.785065033,1.078890079,0.915133284,0.811993896,0.870772478,0.900938116,1.169380946,0.841613756,0.957274381,0.929866216,0.967144795,1.005462936,0.936924628,1.061626204,1.24906075,0.992705205,"GCMS"
"Gluconic acid-6TMS",1.837187011,1.930421542,1.734424491,1.624775631,1.208111721,0.804939101,0.810499237,0.77297859,0.808041136,0.702278056,0.876742938,1.004602032,0.997891747,1.043696032,1.007228714,0.785183652,0.801003177,0.559383025,0.759668997,0.56120875,"GCMS"
"Pantothenic acid-3TMS",0.657866533,0.772383832,0.490066886,0.867728748,0.319311089,0.868983995,1.059272066,1.959321137,1.230021812,1.232257051,0.664078396,0.909574649,0.759729154,0.937494499,0.796282077,0.829933006,0.843263916,0.556730332,0.909907298,0.655472812,"GCMS"
"S-Benzyl-Cysteine-4TMS",0.028404174,0.590354204,0.269179105,0.304245002,0.485108185,0.197902992,0.309661291,0.315084478,0.116712286,0.947383269,4.377548039,1.411920804,2.901913162,3.706973099,4.15427997,0.294057475,0.64513533,0.031459667,0.015269642,0.159289434,"GCMS"
"Palmitoleic acid-TMS",1.327278134,1.271687019,1.143827646,1.246707202,1.139407756,1.081489192,1.174917209,0.902764225,0.963216613,1.229724635,1.127235035,0.946646045,1.02979136,1.080782774,1.278598592,0.955269358,1.043525097,0.842664855,1.271731497,1.033778446,"GCMS"
"Palmitic acid-TMS",1.0263102,1.005026327,1.003521979,1.141565192,1.072577262,1.029707675,0.977627083,0.983373849,0.998566954,1.038244931,1.028987046,1.038532957,1.030909515,1.035021702,1.034783307,0.932559304,1.020515475,0.989993853,1.004253007,1.048663004,"GCMS"
"Inositol-6TMS(2)",1.313029025,1.298454332,1.287718049,1.287794881,1.156224302,1.306603815,1.621998108,1.358975853,1.41557125,1.614409264,0.462730877,0.545751679,0.45763764,0.586728565,0.552599407,0.718413891,0.811648268,0.652345496,0.708006561,0.6323858,"GCMS"
"Dopamine-4TMS",3.88399527,1.617705415,1.469424524,1.569430623,0.909859379,1.772444254,2.135576164,1.277910632,1.850691603,1.483782466,0.058234194,0.062738878,0.067548568,0.06966691,0.062501972,0.023366105,0.03773686,0.02539711,0.028485296,0.023872966,"GCMS"
"N-Acetylmannosamine-meto-4TMS(2)",1.559831109,1.54198037,1.457480692,1.496193595,1.275157185,0.907406636,1.099516973,1.122064819,0.940857169,1.056171776,0.961572142,0.994180606,0.949638914,0.92569456,1.042667733,0.681267146,0.654165845,0.488178546,0.619503188,0.525209461,"GCMS"
"Ribose 5-phosphate-meto-5TMS(2)",0.796057727,0.804905885,0.807245092,1.449007536,1.039225961,0.529753695,0.55080232,0.891164782,0.769261913,0.783916357,1.292482721,1.412721528,1.829591817,1.56799978,1.768154108,0.682513384,0.690531655,0.531867993,0.404477203,0.551358481,"GCMS"
"Ribulose 5-phosphate-meto-5TMS(2)",0.756141734,1.040180898,0.957414231,1.549775629,0.857493276,0.900513634,0.886893699,0.939423617,1.014353874,1.096260278,0.976165569,1.747578393,1.691128954,1.232936663,1.374914276,0.690548152,0.854358723,0.869814104,0.493153024,0.728724361,"GCMS"
"Kynurenic acid-2TMS",1.417621204,1.294839428,1.409893477,1.290145001,1.151454251,1.379880703,1.564526526,1.394939879,1.421673649,1.707356381,0.494972679,0.50253062,0.447512614,0.63832197,0.562453761,0.711253673,0.744956625,0.670458517,0.722100357,0.568261898,"GCMS"
"Margaric acid-TMS",0.872226106,0.839799334,0.74261156,1.234218426,1.095114863,1.138246764,1.025563943,1.035105658,0.995805055,1.047790018,1.080764895,0.956304262,1.167898783,0.967316378,1.026528656,0.933967056,0.912224617,0.839899914,0.832454153,1.066740828,"GCMS"
"Octadecanol-TMS",1.076639752,0.914920644,0.806717063,1.260028474,1.12561697,0.952246875,0.966438302,1.112449281,1.16706716,1.033063685,1.140378984,1.021685985,1.139820708,0.968208862,0.93040377,0.980577061,1.205021258,1.004107189,0.852065576,1.186631255,"GCMS"
"Cystamine-nTMS",1.129483738,0.998793169,1.126581164,1.146446444,1.046809346,0.966788449,0.997657652,1.095777281,0.95553485,1.083281326,1.034558797,0.961341796,0.978009579,0.970486505,0.980996987,0.916910412,0.957412689,2.191780681,1.028551363,0.961707458,"GCMS"
"Oleic acid-TMS",0.887334173,0.90887249,0.858194495,1.179649617,1.199235106,1.021284373,0.960112221,1.048608836,1.236860608,1.000395119,1.027292845,1.048930976,1.178235897,1.066086536,0.978898819,1.020456293,1.177032207,1.045057332,0.982847373,0.508704686,"GCMS"
"Tryptophan-3TMS",1.032645713,0.996174228,0.982238588,1.104581255,1.069488854,1.039620836,0.961376774,0.945944985,1.050903433,1.00857182,1.022658002,1.095418515,1.043163724,1.020104903,1.008723771,1.021303763,1.11689904,0.980975443,0.967834998,1.02727516,"GCMS"
"Elaidic acid-TMS",1.225934526,1.068286813,1.089279407,1.098717548,0.987142906,1.073225629,0.949499953,1.12385988,1.112686841,1.072012728,1.074776713,1.187098711,1.074185873,1.113008186,1.01896075,1.018528296,1.099143964,1.131995229,0.968011754,1.055470157,"GCMS"
"Spermidine-5TMS",0.117993828,0.122823127,0.06821629,0.080970467,0.128650766,0.125088319,1.943985799,0.039459128,0.00056474,2.177998244,1.433087068,1.11990359,1.311261179,1.074039975,1.751611719,0.403428173,1.034409355,4.923972668,1.000737064,1.665675132,"GCMS"
"Tryptamine-3TMS",1.144653131,1.133692434,1.053703315,1.134790977,1.102294858,1.013769741,1.012501264,1.018160159,1.01620164,1.020670458,1.054848116,1.034964087,0.978468425,1.019043885,1.016405471,0.904474048,0.964353718,0.924014158,0.997780914,0.930764934,"GCMS"
"Stearic acid-TMS",1.020485486,0.97904369,0.977136774,1.117944499,1.079390883,1.015927564,0.976364752,0.974441178,1.009855352,1.035934851,1.043656357,1.02497003,1.029649794,1.013851564,1.029349496,0.956056601,1.043413883,0.991526277,0.978851987,1.02758868,"GCMS"
"Fructose 1-phosphate-meto-6TMS(1)",0.701082795,0.956237847,0.795126094,0.872483656,0.771656436,0.757552124,0.996406434,1.009843325,0.923778684,0.997294587,1.228622454,1.264413867,1.470877469,1.251852332,1.306536867,0.943631632,1.120810365,0.784404328,0.851417854,0.659736648,"GCMS"
"Fructose 6-phosphate-meto-6TMS",0.854572784,1.093211722,0.898764867,0.988617562,0.672743917,0.669756239,0.889652651,0.910850255,0.90228109,0.796644352,1.382557387,1.402146437,1.564173256,1.256159515,1.360685438,0.886335808,1.123508468,0.818380986,1.044921273,0.663125124,"GCMS"
"Suberylglycine-2TMS",0.626359644,0.829201845,0.452308573,1.004948454,0.834696392,0.861157481,1.396238736,1.252055765,2.044237045,1.118869351,0.846973817,2.474017616,1.289817233,1.343087253,1.599704704,0.987127575,1.979227805,0.653391104,0.531375681,0.750094053,"GCMS"
"Glucose 6-phosphate-meto-6TMS(1)",0.715618155,0.951446108,0.803463844,0.888836741,0.759190452,0.776072655,0.956054592,1.03113665,0.937357629,0.962035927,1.244353299,1.194455551,1.485722834,1.26045504,1.313889566,0.918141939,1.100775293,0.753544958,0.874393185,0.630651712,"GCMS"
"Mannose 6-phosphate-meto-6TMS(2)",0.705414362,0.910721831,0.77489877,0.913234444,0.76817826,0.787566068,0.990269283,1.035189564,0.9453393,1.030261573,1.247393112,1.234125197,1.486497799,1.279351232,1.367845113,0.943200971,1.161283927,0.766946545,0.866702578,0.648139072,"GCMS"
"Inositol phosphate-7TMS",0.904670235,1.026080302,0.942805698,1.046889201,0.914156671,0.924514537,1.264282251,1.024510533,1.18648334,1.136286361,0.90305585,1.227596678,0.988429823,0.874416357,1.001757073,1.067454661,1.308623186,1.118494163,0.959105763,1.085482241,"GCMS"
"Oleamide-TMS",1.124699485,0.008140232,0.465295552,0.608853141,0.115887637,0.535916612,0.410607955,0.152710274,0.866022761,0.02302094,1.148962145,0.3467308,0.831214419,0.015493838,0.050638333,0.538256238,0.358655181,0.280434841,0.041122254,0.043209526,"GCMS"
"Saccharopine-4TMS",0.999913761,1.126400148,1.347129484,1.865513313,0.864350555,0.838427797,0.629270601,0.686545099,0.58686693,0.716908262,0.553706594,0.90757932,1.207868767,0.399860771,0.70455929,0.158664218,0.490757033,0.675822167,0.314789832,1.2038697,"GCMS"
"Uridine-3TMS",2.158913811,2.107813709,2.025953214,1.686721077,1.660685136,1.767599471,2.070400232,2.1972256,1.740290953,2.23869492,0.000349474,0.000283244,0.000326076,0.00032474,0.000314153,0.000305999,0.000283212,0.000320973,0.000388859,0.000293126,"GCMS"
"5-Methoxytryptamine-2TMS",1.731501726,0.303289545,1.350473565,0.735428897,0.812047852,0.695555177,1.008768738,0.321257832,0.702748971,1.005404958,1.382251181,0.930589221,0.91160574,0.835716524,1.207359063,0.46442164,0.702692554,2.588485731,1.585388034,1.501582025,"GCMS"
"Biotin-3TMS",1.589359035,2.383703952,0.92850481,2.201028978,0.020434298,1.636854574,0.321519964,1.401772608,3.595435466,1.11614342,1.611011481,2.448834353,1.380074239,1.485976283,1.550910446,1.033099069,1.267623646,0.86391968,1.132287594,0.759479953,"GCMS"
"Melatonin-TMS",1.944895653,1.78500546,2.093932293,1.478989265,1.536125407,1.526652275,1.973588956,1.975838993,2.13680118,2.022242311,3.411173103,3.650290895,3.558323503,2.592450322,3.257245164,1.791793903,2.236988137,1.296386326,1.38636074,1.166687111,"GCMS"
"Sedoheptulose 7-phosphate-meto-7TMS",0.887991739,1.019705798,0.954373937,1.133987128,1.049923386,0.62985109,1.105111551,1.021258114,0.867827862,0.893810954,1.672912932,1.425342923,2.009304726,1.067630097,1.313695696,0.551813849,0.556337447,0.367726743,0.431206593,0.376559474,"GCMS"
"Inosine-4TMS",1.417546965,1.521401627,1.284230479,1.339226706,1.20163167,0.854144625,0.985966935,0.913905808,0.845116021,0.890685817,1.138604479,1.12081146,1.34326612,1.17295392,1.185117761,0.533109334,0.610154399,0.389943977,0.553736888,0.366847476,"GCMS"
"Docosahexaenoic acid-TMS",1.262459821,1.396533029,1.019394631,1.394851587,1.252598127,0.84622137,1.017167752,1.030620457,0.805955119,0.983758182,0.980198578,0.996859538,1.397970162,1.247561286,1.122609339,0.561080525,0.561021833,0.506367124,0.466172206,0.337720393,"GCMS"
"Sucrose-8TMS",1.369556175,1.449057917,1.27102954,1.297413602,1.231314149,0.832254541,0.961442222,0.927879682,0.87463282,0.898505089,1.147477549,1.182944978,1.31022188,1.161902458,1.182378058,0.534288414,0.608072162,0.381840066,0.546221704,0.368546918,"GCMS"
"N-Acetylneuraminic acid-6TMS",1.428612461,1.526599348,1.28221582,1.324612173,1.247274551,0.832284916,0.967675018,0.930632495,0.872793688,0.892340457,1.149146143,1.188755803,1.340277499,1.163349242,1.181351604,0.530429808,0.6051749,0.384473963,0.546962166,0.362497602,"GCMS"
"Docosapentaenoic acid-TMS",1.47086586,1.59216283,1.068457275,1.475410839,1.28673467,0.668656093,0.87539448,0.920774357,1.281586565,0.881949945,1.184034253,1.612254956,1.354564146,1.167752143,1.182226546,0.661494731,0.697363004,0.313546975,0.444903411,0.48212948,"GCMS"
"Lactose-meto-8TMS(2)",0.878800141,1.448234055,0.913591833,1.703364833,1.188340033,0.195293134,0.226869553,0.277255513,0.185442241,0.167002352,2.508051427,2.737096715,2.975402657,1.766743602,2.72107898,0.109791817,0.095566201,0.046301806,0.084021024,0.043283911,"GCMS"
"Batyl alcohol-2TMS",0.867883175,1.368634804,0.851691135,1.745680988,1.153522533,0.197498874,0.252933764,0.308446723,0.227956174,0.201255052,2.451034827,2.899531,2.97493289,1.940387239,2.756995626,0.106642428,0.143935733,0.056765085,0.131385938,0.085705541,"GCMS"
"Maltose-meto-8TMS(1)",0.492206308,0.589694157,0.47167047,0.522208005,0.434344716,0.179582134,0.281843905,0.193460754,0.229461378,0.290973688,2.916936531,2.301713405,3.164193804,3.014289823,3.099554656,0.488476446,0.561483854,0.330570464,0.422846676,0.321151308,"GCMS"
"Trehalose-8TMS",0.579665915,0.635447836,0.51204951,0.550758494,0.402961926,0.178981353,0.266288816,0.202498306,0.250415655,0.280790213,2.952973906,2.279102172,3.114828442,2.912095193,2.852268679,0.46376888,0.561884322,0.344243033,0.434190106,0.319245192,"GCMS"
"Lactitol-9TMS",0.512934171,0.610916603,0.473340934,0.527101896,0.415616205,0.174203038,0.268594792,0.204734602,0.238612666,0.278743226,2.798099704,2.359803628,3.033577275,3.029545432,3.036436055,0.474725405,0.560560228,0.34377434,0.403337879,0.328751319,"GCMS"
"5'-Methylthioadenosine-3TMS",1.037203884,0.946788441,0.880355882,0.818432917,0.907533117,0.724368698,0.784432502,0.800451596,0.860213317,0.872801705,1.021901708,1.06405446,0.989655213,0.90010147,1.157062567,0.97378618,1.069145246,1.318255617,1.127263157,0.839366061,"GCMS"
"Norspermidine-nTMS",1.390026343,1.172390332,1.293364445,0.97839332,1.160067533,0.928408266,0.953183866,0.67974897,0.985532863,0.88989408,0.768599441,0.940717722,0.692591546,0.748032701,1.197024739,0.672924512,1.571960956,0.629756495,1.453040224,0.976706998,"GCMS"
"Xanthosine monophosphate-6TMS",2.450159131,2.332001054,1.96362623,3.269162305,2.148718095,1.410652516,2.296122332,1.47749135,1.762767729,1.664602752,0.018276629,0.018113881,0.017390519,0.018002112,0.020645209,0.017577555,0.018022137,0.020333289,0.016411563,0.017802656,"GCMS"
"S-Adenosylmethionine -nTMS",0.934401865,1.03535001,0.841122812,1.083967673,1.314995633,1.027825472,0.931259147,1.361910991,1.073568695,1.380197282,0.999940236,0.924693465,0.900121908,1.716862745,1.321699117,0.852404309,1.066368925,1.060346605,1.346982111,0.946572897,"GCMS"
