"spName","genus","antho","n_records","median_abs_latitude","mean_abs_latitude","min_latitude","max_latitude"
"Landoltia punctata","Landoltia","Antho",480,33.598122,32.58439065375,-55.523149,60.170408
"Lemna disperma","Lemna","Antho",250,36.8029595,36.7244369316,-46.555382,-26.45167
"Lemna gibba","Lemna","Antho",1514,48.614795,45.4982606321004,-37.921879,61.031426
"Lemna japonica","Lemna","Antho",39,55.57991,49.8179651692308,25.719725,65.8374
"Lemna minor","Lemna","Antho",4924,47.736584,46.9323252029245,-60.57546,70.798
"Lemna trisulca","Lemna","Antho",2813,51.632398,51.1064997817988,-42.85,72.61767
"Lemna turionifera","Lemna","Antho",1051,48.77,48.6364390501427,-35.7241,68.3179526
"Spirodela intermedia","Spirodela","Antho",60,17.5333315,15.7424067333333,-33.92,18.49222
"Spirodela polyrhiza","Spirodela","Antho",3317,47.86015,45.7651732646066,-38.29417,82.233333
"Lemna aequinoctialis","Lemna","NonAntho",741,20.435556,21.6394604520918,-43.830814,59.455342
"Lemna minuta","Lemna","NonAntho",902,46.796755,43.8011211735033,-38.58,60.23627
"Lemna perpusilla","Lemna","NonAntho",284,35.189542,30.694822528169,-27.33,45.596785
"Lemna tenera","Lemna","NonAntho",5,12.580557,10.7679954,-14.22439,1.3667
"Lemna valdiviana","Lemna","NonAntho",280,32.350972,29.5097525403571,-39.21,52.20742
"Wolffia angusta","Wolffia","NonAntho",35,34.598665,28.4359867428571,-38.2333,10.71573
"Wolffia arrhiza","Wolffia","NonAntho",482,49.450255,46.906216246888,-33.875,59.917614
"Wolffia australiana","Wolffia","NonAntho",125,37.8167,39.08411236,-45.986238,52.95
"Wolffia borealis","Wolffia","NonAntho",132,43.185638,43.0694218295455,0,53.265732
"Wolffia columbiana","Wolffia","NonAntho",436,40.895833,38.279852346789,-56.28,56.975408
"Wolffia elongata","Wolffia","NonAntho",1,10.99512,10.99512,10.99512,10.99512
"Wolffia globosa","Wolffia","NonAntho",65,33.77,31.8671548153846,-36.5,55.671521
"Wolffia microscopica","Wolffia","NonAntho",1,33.27689,33.27689,33.27689,33.27689
"Wolffiella denticulata","Wolffiella","NonAntho",5,27.8,28.0276668,-28.991667,-27.043333
"Wolffiella gladiata","Wolffiella","NonAntho",99,32.985552,32.870620989899,19.175,47.047951
"Wolffiella hyalina","Wolffiella","NonAntho",10,12.8916665,14.2465837,-19.375,30.183056
"Wolffiella lingulata","Wolffiella","NonAntho",80,19.8397746,22.57397837625,-39.21,39.997194
"Wolffiella oblonga","Wolffiella","NonAntho",50,19.377778,19.81964034,-34.83333,39.3478
"Wolffiella repanda","Wolffiella","NonAntho",1,19.869167,19.869167,-19.869167,-19.869167
"Wolffiella welwitschii","Wolffiella","NonAntho",45,16.233889,14.3861736222222,-29.116667,19.391028
