"sample","rep","SpID","pfd","sample_rep","Setting","PPFD","F","Fo.","Fm.","X.Fo.","Y.II.","Y.NPQ.","Y.NO.","NPQ","qN","qP","qL","ETR","ETR2"
"Sp_pfd50","rep1","Sp7498","PFD_50","Sp_pfd50_rep1",0,0,0.557,0,1.965,0.557,0.717,0,0.283,0,0,1,1,0,0
"Sp_pfd50","rep1","Sp7498","PFD_50","Sp_pfd50_rep1",1,9,0.62,0,1.869,0.549,0.668,0.016,0.316,0.051,0.063,0.946,0.838,1.4,1.4028
"Sp_pfd50","rep1","Sp7498","PFD_50","Sp_pfd50_rep1",2,61.885,0.703,0,1.759,0.539,0.6,0.042,0.358,0.117,0.134,0.866,0.664,7.6,7.56
"Sp_pfd50","rep1","Sp7498","PFD_50","Sp_pfd50_rep1",3,107.05,0.78,0,1.712,0.535,0.544,0.059,0.397,0.148,0.164,0.792,0.543,14.4,14.39424
"Sp_pfd50","rep1","Sp7498","PFD_50","Sp_pfd50_rep1",4,157.5,0.86,0,1.643,0.528,0.477,0.086,0.438,0.196,0.208,0.702,0.431,20,20.034
"Sp_pfd50","rep1","Sp7498","PFD_50","Sp_pfd50_rep1",5,208.45,0.887,0,1.526,0.515,0.419,0.13,0.451,0.288,0.282,0.632,0.367,24.6,24.6372
"Sp_pfd50","rep1","Sp7498","PFD_50","Sp_pfd50_rep1",6,289.5,0.876,0,1.333,0.491,0.343,0.211,0.446,0.474,0.402,0.543,0.304,28.4,28.37982
"Sp_pfd50","rep1","Sp7498","PFD_50","Sp_pfd50_rep1",7,373.85,0.841,0,1.173,0.468,0.283,0.289,0.428,0.675,0.499,0.471,0.262,32.1,32.0922
"Sp_pfd50","rep1","Sp7498","PFD_50","Sp_pfd50_rep1",8,488.4,0.802,0,1.038,0.444,0.227,0.364,0.408,0.893,0.578,0.398,0.22,34.6,34.51308
"Sp_pfd50","rep1","Sp7498","PFD_50","Sp_pfd50_rep1",9,575,0.762,0,0.949,0.427,0.197,0.415,0.388,1.071,0.629,0.358,0.201,39.1,39.13602
"Sp_pfd50","rep1","Sp7498","PFD_50","Sp_pfd50_rep1",10,687.2,0.732,0,0.874,0.411,0.162,0.465,0.373,1.248,0.671,0.307,0.173,42.2,42.04872
"Sp_pfd50","rep1","Sp7498","PFD_50","Sp_pfd50_rep1",11,795.8,0.703,0,0.821,0.399,0.144,0.499,0.358,1.393,0.7,0.28,0.159,47.3,47.41632
"Sp_pfd50","rep1","Sp7498","PFD_50","Sp_pfd50_rep1",12,1012.5,0.685,0,0.768,0.386,0.108,0.543,0.349,1.559,0.729,0.217,0.123,44.5,44.4528
"Sp_pfd50","rep1","Sp7498","PFD_50","Sp_pfd50_rep1",14,1454,0.669,0,0.72,0.374,0.071,0.589,0.34,1.729,0.754,0.147,0.082,41.2,41.3007
"Sp_pfd50","rep1","Sp7498","PFD_50","Sp_pfd50_rep1",16,1994,0.65,0,0.678,0.362,0.041,0.628,0.331,1.898,0.776,0.089,0.049,34.9,34.68108
"Sp_pfd50","rep1","Sp7498","PFD_50","Sp_pfd50_rep1",18,2549,0.623,0,0.645,0.353,0.034,0.649,0.317,2.047,0.792,0.075,0.043,42.5,42.39732
"Sp_pfd50","rep1","Sp7498","PFD_50","Sp_pfd50_rep1",20,3005.5,0.598,0,0.614,0.343,0.026,0.67,0.304,2.2,0.808,0.059,0.034,47,46.85772
"Sp_pfd50","rep2","Sp7498","PFD_50","Sp_pfd50_rep2",0,0,0.392,0,1.584,0.392,0.753,0,0.247,0,0,1,1,0,0
"Sp_pfd50","rep2","Sp7498","PFD_50","Sp_pfd50_rep2",1,9,0.463,0,1.495,0.386,0.69,0.017,0.292,0.06,0.07,0.931,0.777,1.4,1.449
"Sp_pfd50","rep2","Sp7498","PFD_50","Sp_pfd50_rep2",2,61.885,0.528,0,1.425,0.381,0.629,0.037,0.333,0.112,0.125,0.86,0.621,7.9,7.9254
"Sp_pfd50","rep2","Sp7498","PFD_50","Sp_pfd50_rep2",3,107.05,0.565,0,1.331,0.374,0.576,0.068,0.357,0.19,0.197,0.801,0.531,15.2,15.24096
"Sp_pfd50","rep2","Sp7498","PFD_50","Sp_pfd50_rep2",4,157.5,0.608,0,1.238,0.367,0.509,0.107,0.384,0.279,0.269,0.723,0.436,21.4,21.378
"Sp_pfd50","rep2","Sp7498","PFD_50","Sp_pfd50_rep2",5,208.45,0.629,0,1.142,0.358,0.449,0.154,0.397,0.387,0.342,0.654,0.372,26.4,26.4012
"Sp_pfd50","rep2","Sp7498","PFD_50","Sp_pfd50_rep2",6,289.5,0.644,0,1.019,0.345,0.368,0.225,0.407,0.554,0.434,0.556,0.298,30.4,30.44832
"Sp_pfd50","rep2","Sp7498","PFD_50","Sp_pfd50_rep2",7,373.85,0.638,0,0.924,0.333,0.31,0.288,0.403,0.714,0.504,0.484,0.253,35.1,35.154
"Sp_pfd50","rep2","Sp7498","PFD_50","Sp_pfd50_rep2",8,488.4,0.627,0,0.831,0.32,0.245,0.359,0.396,0.906,0.571,0.399,0.204,37.3,37.2498
"Sp_pfd50","rep2","Sp7498","PFD_50","Sp_pfd50_rep2",9,575,0.607,0,0.772,0.311,0.214,0.403,0.383,1.052,0.613,0.358,0.183,42.5,42.51324
"Sp_pfd50","rep2","Sp7498","PFD_50","Sp_pfd50_rep2",10,687.2,0.592,0,0.723,0.303,0.181,0.445,0.374,1.191,0.647,0.312,0.159,47,46.98036
"Sp_pfd50","rep2","Sp7498","PFD_50","Sp_pfd50_rep2",11,795.8,0.576,0,0.686,0.296,0.16,0.476,0.364,1.309,0.673,0.282,0.145,52.8,52.6848
"Sp_pfd50","rep2","Sp7498","PFD_50","Sp_pfd50_rep2",12,1012.5,0.564,0,0.644,0.288,0.124,0.52,0.356,1.46,0.701,0.225,0.115,51.1,51.0384
"Sp_pfd50","rep2","Sp7498","PFD_50","Sp_pfd50_rep2",14,1454,0.55,0,0.6,0.279,0.083,0.569,0.347,1.64,0.731,0.156,0.079,48.5,48.2811
"Sp_pfd50","rep2","Sp7498","PFD_50","Sp_pfd50_rep2",16,1994,0.527,0,0.554,0.268,0.049,0.619,0.333,1.859,0.76,0.095,0.048,41.2,41.44812
"Sp_pfd50","rep2","Sp7498","PFD_50","Sp_pfd50_rep2",18,2549,0.504,0,0.522,0.261,0.034,0.647,0.318,2.034,0.781,0.069,0.036,43,42.39732
"Sp_pfd50","rep2","Sp7498","PFD_50","Sp_pfd50_rep2",20,3005.5,0.483,0,0.497,0.254,0.028,0.667,0.305,2.187,0.796,0.058,0.03,50.8,50.46216
"Sp_pfd50","rep3","Sp7498","PFD_50","Sp_pfd50_rep3",0,0,0.542,0,2.04,0.542,0.734,0,0.266,0,0,1,1,0,0
"Sp_pfd50","rep3","Sp7498","PFD_50","Sp_pfd50_rep3",1,9,0.625,0,1.94,0.535,0.678,0.016,0.306,0.052,0.062,0.936,0.801,1.4,1.4238
"Sp_pfd50","rep3","Sp7498","PFD_50","Sp_pfd50_rep3",2,61.885,0.71,0,1.827,0.526,0.611,0.041,0.348,0.117,0.131,0.858,0.636,7.7,7.6986
"Sp_pfd50","rep3","Sp7498","PFD_50","Sp_pfd50_rep3",3,107.05,0.771,0,1.733,0.518,0.555,0.067,0.378,0.177,0.189,0.792,0.531,14.7,14.6853
"Sp_pfd50","rep3","Sp7498","PFD_50","Sp_pfd50_rep3",4,157.5,0.815,0,1.592,0.504,0.488,0.112,0.4,0.281,0.274,0.714,0.442,20.5,20.496
"Sp_pfd50","rep3","Sp7498","PFD_50","Sp_pfd50_rep3",5,208.45,0.816,0,1.432,0.487,0.43,0.17,0.4,0.425,0.369,0.652,0.389,25.3,25.284
"Sp_pfd50","rep3","Sp7498","PFD_50","Sp_pfd50_rep3",6,289.5,0.789,0,1.215,0.459,0.351,0.263,0.387,0.679,0.495,0.564,0.328,29,29.04174
"Sp_pfd50","rep3","Sp7498","PFD_50","Sp_pfd50_rep3",7,373.85,0.753,0,1.061,0.435,0.29,0.341,0.369,0.923,0.582,0.492,0.285,32.9,32.886
"Sp_pfd50","rep3","Sp7498","PFD_50","Sp_pfd50_rep3",8,488.4,0.723,0,0.937,0.413,0.228,0.417,0.354,1.177,0.65,0.408,0.233,34.7,34.66512
"Sp_pfd50","rep3","Sp7498","PFD_50","Sp_pfd50_rep3",9,575,0.697,0,0.868,0.399,0.197,0.461,0.342,1.35,0.687,0.365,0.209,39.1,39.13602
"Sp_pfd50","rep3","Sp7498","PFD_50","Sp_pfd50_rep3",10,687.2,0.682,0,0.812,0.387,0.16,0.506,0.334,1.512,0.716,0.306,0.173,41.6,41.5296
"Sp_pfd50","rep3","Sp7498","PFD_50","Sp_pfd50_rep3",11,795.8,0.668,0,0.778,0.379,0.141,0.531,0.327,1.622,0.733,0.276,0.156,46.6,46.42848
"Sp_pfd50","rep3","Sp7498","PFD_50","Sp_pfd50_rep3",12,1012.5,0.66,0,0.739,0.369,0.107,0.57,0.324,1.76,0.753,0.214,0.12,44,44.0412
"Sp_pfd50","rep3","Sp7498","PFD_50","Sp_pfd50_rep3",14,1454,0.656,0,0.708,0.361,0.073,0.605,0.322,1.881,0.769,0.15,0.083,42.7,42.4641
"Sp_pfd50","rep3","Sp7498","PFD_50","Sp_pfd50_rep3",16,1994,0.648,0,0.679,0.354,0.046,0.637,0.318,2.004,0.783,0.095,0.052,38.6,38.91048
"Sp_pfd50","rep3","Sp7498","PFD_50","Sp_pfd50_rep3",18,2549,0.633,0,0.655,0.347,0.034,0.656,0.31,2.115,0.794,0.071,0.039,41.9,42.39732
"Sp_pfd50","rep3","Sp7498","PFD_50","Sp_pfd50_rep3",20,3005.5,0.615,0,0.631,0.34,0.025,0.673,0.301,2.233,0.806,0.055,0.03,45.7,45.0555
"Wa_pfd50","rep1","Wa8730","PFD_50","Wa_pfd50_rep1",0,0,0.358,0,1.599,0.358,0.776,0,0.224,0,0,1,1,0,0
"Wa_pfd50","rep1","Wa8730","PFD_50","Wa_pfd50_rep1",1,9,0.416,0,1.525,0.354,0.727,0.013,0.26,0.049,0.057,0.947,0.806,1.5,1.5267
"Wa_pfd50","rep1","Wa8730","PFD_50","Wa_pfd50_rep1",2,61.885,0.463,0,1.436,0.349,0.678,0.033,0.29,0.114,0.124,0.895,0.675,8.5,8.5428
"Wa_pfd50","rep1","Wa8730","PFD_50","Wa_pfd50_rep1",3,107.05,0.504,0,1.389,0.346,0.637,0.048,0.315,0.151,0.16,0.849,0.583,16.9,16.85502
"Wa_pfd50","rep1","Wa8730","PFD_50","Wa_pfd50_rep1",4,157.5,0.54,0,1.337,0.343,0.596,0.066,0.338,0.196,0.199,0.802,0.509,25,25.032
"Wa_pfd50","rep1","Wa8730","PFD_50","Wa_pfd50_rep1",5,208.45,0.563,0,1.261,0.338,0.554,0.094,0.352,0.268,0.256,0.756,0.454,32.5,32.5752
"Wa_pfd50","rep1","Wa8730","PFD_50","Wa_pfd50_rep1",6,289.5,0.586,0,1.148,0.329,0.49,0.144,0.366,0.393,0.34,0.686,0.385,40.5,40.5426
"Wa_pfd50","rep1","Wa8730","PFD_50","Wa_pfd50_rep1",7,373.85,0.581,0,1.019,0.318,0.43,0.207,0.363,0.569,0.435,0.624,0.341,48.7,48.762
"Wa_pfd50","rep1","Wa8730","PFD_50","Wa_pfd50_rep1",8,488.4,0.566,0,0.889,0.304,0.363,0.283,0.354,0.799,0.528,0.552,0.296,55.2,55.19052
"Wa_pfd50","rep1","Wa8730","PFD_50","Wa_pfd50_rep1",9,575,0.544,0,0.804,0.293,0.323,0.336,0.34,0.989,0.588,0.509,0.274,64.2,64.16718
"Wa_pfd50","rep1","Wa8730","PFD_50","Wa_pfd50_rep1",10,687.2,0.526,0,0.724,0.282,0.273,0.398,0.329,1.209,0.644,0.448,0.24,71,70.85988
"Wa_pfd50","rep1","Wa8730","PFD_50","Wa_pfd50_rep1",11,795.8,0.507,0,0.673,0.274,0.247,0.436,0.317,1.376,0.678,0.416,0.224,81.2,81.33216
"Wa_pfd50","rep1","Wa8730","PFD_50","Wa_pfd50_rep1",12,1012.5,0.495,0,0.614,0.263,0.194,0.497,0.31,1.604,0.717,0.339,0.181,79.8,79.8504
"Wa_pfd50","rep1","Wa8730","PFD_50","Wa_pfd50_rep1",14,1454,0.487,0,0.565,0.254,0.138,0.557,0.305,1.83,0.749,0.251,0.131,80.3,80.2746
"Wa_pfd50","rep1","Wa8730","PFD_50","Wa_pfd50_rep1",16,1994,0.48,0,0.529,0.246,0.093,0.607,0.3,2.023,0.772,0.173,0.089,78.4,78.66684
"Wa_pfd50","rep1","Wa8730","PFD_50","Wa_pfd50_rep1",18,2549,0.467,0,0.502,0.24,0.07,0.638,0.292,2.185,0.789,0.134,0.069,86.9,87.2886
"Wa_pfd50","rep1","Wa8730","PFD_50","Wa_pfd50_rep1",20,3005.5,0.453,0,0.481,0.235,0.058,0.658,0.283,2.324,0.802,0.114,0.059,104.9,104.52876
"Wa_pfd50","rep2","Wa8730","PFD_50","Wa_pfd50_rep2",0,0,0.338,0,1.58,0.338,0.786,0,0.214,0,0,1,1,0,0
"Wa_pfd50","rep2","Wa8730","PFD_50","Wa_pfd50_rep2",1,9,0.408,0,1.49,0.334,0.726,0.016,0.258,0.06,0.069,0.936,0.765,1.5,1.5246
"Wa_pfd50","rep2","Wa8730","PFD_50","Wa_pfd50_rep2",2,61.885,0.454,0,1.391,0.328,0.674,0.039,0.287,0.136,0.144,0.882,0.638,8.5,8.4924
"Wa_pfd50","rep2","Wa8730","PFD_50","Wa_pfd50_rep2",3,107.05,0.486,0,1.329,0.325,0.634,0.058,0.308,0.189,0.192,0.84,0.561,16.8,16.77564
"Wa_pfd50","rep2","Wa8730","PFD_50","Wa_pfd50_rep2",4,157.5,0.52,0,1.274,0.321,0.592,0.079,0.329,0.24,0.233,0.792,0.489,24.9,24.864
"Wa_pfd50","rep2","Wa8730","PFD_50","Wa_pfd50_rep2",5,208.45,0.539,0,1.197,0.316,0.55,0.109,0.341,0.32,0.291,0.747,0.439,32.3,32.34
"Wa_pfd50","rep2","Wa8730","PFD_50","Wa_pfd50_rep2",6,289.5,0.55,0,1.072,0.307,0.487,0.165,0.348,0.474,0.384,0.682,0.381,40.3,40.29438
"Wa_pfd50","rep2","Wa8730","PFD_50","Wa_pfd50_rep2",7,373.85,0.542,0,0.936,0.295,0.421,0.236,0.343,0.688,0.484,0.614,0.334,47.7,47.7414
"Wa_pfd50","rep2","Wa8730","PFD_50","Wa_pfd50_rep2",8,488.4,0.53,0,0.814,0.281,0.349,0.316,0.335,0.941,0.571,0.533,0.283,53,53.06196
"Wa_pfd50","rep2","Wa8730","PFD_50","Wa_pfd50_rep2",9,575,0.514,0,0.742,0.272,0.307,0.367,0.325,1.129,0.622,0.485,0.257,61,60.98862
"Wa_pfd50","rep2","Wa8730","PFD_50","Wa_pfd50_rep2",10,687.2,0.502,0,0.683,0.264,0.265,0.417,0.318,1.313,0.663,0.432,0.227,68.8,68.7834
"Wa_pfd50","rep2","Wa8730","PFD_50","Wa_pfd50_rep2",11,795.8,0.489,0,0.645,0.258,0.242,0.449,0.309,1.45,0.688,0.403,0.213,79.6,79.68576
"Wa_pfd50","rep2","Wa8730","PFD_50","Wa_pfd50_rep2",12,1012.5,0.482,0,0.597,0.25,0.193,0.502,0.305,1.647,0.721,0.331,0.172,79.3,79.4388
"Wa_pfd50","rep2","Wa8730","PFD_50","Wa_pfd50_rep2",14,1454,0.482,0,0.558,0.243,0.136,0.559,0.305,1.832,0.746,0.241,0.122,79.2,79.1112
"Wa_pfd50","rep2","Wa8730","PFD_50","Wa_pfd50_rep2",16,1994,0.48,0,0.528,0.237,0.091,0.605,0.304,1.992,0.766,0.165,0.081,76.9,76.97508
"Wa_pfd50","rep2","Wa8730","PFD_50","Wa_pfd50_rep2",18,2549,0.472,0,0.508,0.233,0.071,0.63,0.299,2.11,0.778,0.131,0.065,88.4,88.53558
"Wa_pfd50","rep2","Wa8730","PFD_50","Wa_pfd50_rep2",20,3005.5,0.462,0,0.491,0.229,0.059,0.649,0.292,2.218,0.789,0.111,0.055,106.4,106.33098
"Wa_pfd50","rep3","Wa8730","PFD_50","Wa_pfd50_rep3",0,0,0.334,0,1.549,0.334,0.784,0,0.216,0,0,1,1,0,0
"Wa_pfd50","rep3","Wa8730","PFD_50","Wa_pfd50_rep3",1,9,0.419,0,1.472,0.33,0.715,0.014,0.27,0.052,0.06,0.922,0.727,1.5,1.5015
"Wa_pfd50","rep3","Wa8730","PFD_50","Wa_pfd50_rep3",2,61.885,0.46,0,1.385,0.326,0.668,0.035,0.297,0.118,0.128,0.873,0.618,8.4,8.4168
"Wa_pfd50","rep3","Wa8730","PFD_50","Wa_pfd50_rep3",3,107.05,0.492,0,1.338,0.323,0.632,0.05,0.318,0.158,0.165,0.834,0.547,16.7,16.72272
"Wa_pfd50","rep3","Wa8730","PFD_50","Wa_pfd50_rep3",4,157.5,0.523,0,1.29,0.32,0.595,0.068,0.338,0.201,0.202,0.791,0.484,25,24.99
"Wa_pfd50","rep3","Wa8730","PFD_50","Wa_pfd50_rep3",5,208.45,0.543,0,1.226,0.316,0.557,0.092,0.351,0.263,0.251,0.751,0.437,32.8,32.7516
"Wa_pfd50","rep3","Wa8730","PFD_50","Wa_pfd50_rep3",6,289.5,0.562,0,1.109,0.308,0.493,0.144,0.363,0.397,0.34,0.683,0.374,40.8,40.79082
"Wa_pfd50","rep3","Wa8730","PFD_50","Wa_pfd50_rep3",7,373.85,0.555,0,0.975,0.296,0.431,0.211,0.358,0.589,0.441,0.619,0.331,48.8,48.8754
"Wa_pfd50","rep3","Wa8730","PFD_50","Wa_pfd50_rep3",8,488.4,0.542,0,0.851,0.284,0.363,0.287,0.35,0.82,0.533,0.545,0.285,55.2,55.19052
"Wa_pfd50","rep3","Wa8730","PFD_50","Wa_pfd50_rep3",9,575,0.524,0,0.774,0.275,0.323,0.339,0.338,1.001,0.589,0.501,0.262,64.2,64.16718
"Wa_pfd50","rep3","Wa8730","PFD_50","Wa_pfd50_rep3",10,687.2,0.508,0,0.7,0.265,0.274,0.398,0.328,1.213,0.642,0.441,0.23,71.2,71.11944
"Wa_pfd50","rep3","Wa8730","PFD_50","Wa_pfd50_rep3",11,795.8,0.492,0,0.653,0.258,0.247,0.436,0.318,1.372,0.675,0.407,0.213,81.2,81.33216
"Wa_pfd50","rep3","Wa8730","PFD_50","Wa_pfd50_rep3",12,1012.5,0.485,0,0.602,0.249,0.194,0.493,0.313,1.573,0.71,0.332,0.171,80,79.8504
"Wa_pfd50","rep3","Wa8730","PFD_50","Wa_pfd50_rep3",14,1454,0.484,0,0.561,0.242,0.137,0.55,0.312,1.761,0.738,0.241,0.121,79.8,79.6929
"Wa_pfd50","rep3","Wa8730","PFD_50","Wa_pfd50_rep3",16,1994,0.482,0,0.53,0.236,0.091,0.598,0.311,1.923,0.758,0.163,0.08,76.6,76.97508
"Wa_pfd50","rep3","Wa8730","PFD_50","Wa_pfd50_rep3",18,2549,0.474,0,0.51,0.232,0.071,0.623,0.306,2.037,0.771,0.13,0.063,88,88.53558
"Wa_pfd50","rep3","Wa8730","PFD_50","Wa_pfd50_rep3",20,3005.5,0.461,0,0.489,0.228,0.057,0.645,0.298,2.168,0.785,0.107,0.053,103.2,102.72654
"Sp_pfd1000","rep1","Sp7498","PFD_1000","Sp_pfd1000_rep1",0,0,0.406,0,0.964,0.406,0.579,0,0.421,0,0,1,1,0,0
"Sp_pfd1000","rep1","Sp7498","PFD_1000","Sp_pfd1000_rep1",1,9,0.427,0,0.847,0.384,0.496,0.061,0.443,0.138,0.17,0.906,0.815,1,1.0416
"Sp_pfd1000","rep1","Sp7498","PFD_1000","Sp_pfd1000_rep1",2,61.885,0.408,0,0.784,0.37,0.48,0.097,0.423,0.23,0.258,0.909,0.824,6,6.048
"Sp_pfd1000","rep1","Sp7498","PFD_1000","Sp_pfd1000_rep1",3,107.05,0.419,0,0.784,0.37,0.466,0.1,0.435,0.23,0.258,0.882,0.779,12.3,12.33036
"Sp_pfd1000","rep1","Sp7498","PFD_1000","Sp_pfd1000_rep1",4,157.5,0.432,0,0.773,0.368,0.441,0.111,0.448,0.247,0.274,0.841,0.716,18.5,18.522
"Sp_pfd1000","rep1","Sp7498","PFD_1000","Sp_pfd1000_rep1",5,208.45,0.444,0,0.762,0.365,0.417,0.122,0.461,0.265,0.289,0.801,0.659,24.5,24.5196
"Sp_pfd1000","rep1","Sp7498","PFD_1000","Sp_pfd1000_rep1",6,289.5,0.456,0,0.731,0.358,0.376,0.151,0.473,0.319,0.331,0.737,0.579,31.1,31.11024
"Sp_pfd1000","rep1","Sp7498","PFD_1000","Sp_pfd1000_rep1",7,373.85,0.461,0,0.695,0.349,0.337,0.185,0.478,0.387,0.38,0.676,0.512,38.2,38.2158
"Sp_pfd1000","rep1","Sp7498","PFD_1000","Sp_pfd1000_rep1",8,488.4,0.45,0,0.636,0.334,0.292,0.241,0.467,0.516,0.458,0.615,0.456,44.5,44.39568
"Sp_pfd1000","rep1","Sp7498","PFD_1000","Sp_pfd1000_rep1",9,575,0.438,0,0.59,0.32,0.258,0.288,0.454,0.634,0.517,0.564,0.413,51.2,51.25428
"Sp_pfd1000","rep1","Sp7498","PFD_1000","Sp_pfd1000_rep1",10,687.2,0.418,0,0.539,0.305,0.224,0.342,0.434,0.788,0.58,0.517,0.377,58.3,58.14144
"Sp_pfd1000","rep1","Sp7498","PFD_1000","Sp_pfd1000_rep1",11,795.8,0.399,0,0.502,0.293,0.205,0.381,0.414,0.92,0.625,0.492,0.361,67.6,67.5024
"Sp_pfd1000","rep1","Sp7498","PFD_1000","Sp_pfd1000_rep1",12,1012.5,0.374,0,0.45,0.274,0.169,0.443,0.388,1.142,0.685,0.432,0.317,69.5,69.5604
"Sp_pfd1000","rep1","Sp7498","PFD_1000","Sp_pfd1000_rep1",14,1454,0.35,0,0.399,0.254,0.123,0.514,0.363,1.416,0.741,0.339,0.246,71.4,71.5491
"Sp_pfd1000","rep1","Sp7498","PFD_1000","Sp_pfd1000_rep1",16,1994,0.334,0,0.365,0.24,0.085,0.569,0.346,1.641,0.776,0.248,0.178,71.8,71.8998
"Sp_pfd1000","rep1","Sp7498","PFD_1000","Sp_pfd1000_rep1",18,2549,0.324,0,0.347,0.232,0.066,0.598,0.336,1.778,0.794,0.2,0.143,82.7,82.30068
"Sp_pfd1000","rep1","Sp7498","PFD_1000","Sp_pfd1000_rep1",20,3005.5,0.317,0,0.335,0.227,0.054,0.617,0.329,1.878,0.806,0.166,0.119,96.8,97.31988
"Sp_pfd1000","rep2","Sp7498","PFD_1000","Sp_pfd1000_rep2",0,0,0.377,0,1.048,0.377,0.64,0,0.36,0,0,1,1,0,0
"Sp_pfd1000","rep2","Sp7498","PFD_1000","Sp_pfd1000_rep2",1,9,0.437,0,1.067,0.379,0.59,0,0.417,0,0,0.916,0.796,1.2,1.239
"Sp_pfd1000","rep2","Sp7498","PFD_1000","Sp_pfd1000_rep2",2,61.885,0.43,0,1.036,0.375,0.585,0.005,0.41,0.012,0.016,0.917,0.801,7.4,7.371
"Sp_pfd1000","rep2","Sp7498","PFD_1000","Sp_pfd1000_rep2",3,107.05,0.449,0,1.012,0.372,0.556,0.015,0.428,0.036,0.047,0.88,0.73,14.7,14.71176
"Sp_pfd1000","rep2","Sp7498","PFD_1000","Sp_pfd1000_rep2",4,157.5,0.471,0,0.988,0.369,0.523,0.027,0.449,0.061,0.077,0.835,0.654,22,21.966
"Sp_pfd1000","rep2","Sp7498","PFD_1000","Sp_pfd1000_rep2",5,208.45,0.491,0,0.968,0.366,0.493,0.039,0.469,0.083,0.103,0.793,0.591,29,28.9884
"Sp_pfd1000","rep2","Sp7498","PFD_1000","Sp_pfd1000_rep2",6,289.5,0.512,0,0.929,0.36,0.449,0.063,0.489,0.128,0.153,0.733,0.516,37.1,37.15026
"Sp_pfd1000","rep2","Sp7498","PFD_1000","Sp_pfd1000_rep2",7,373.85,0.518,0,0.865,0.35,0.401,0.105,0.494,0.212,0.233,0.674,0.456,45.5,45.4734
"Sp_pfd1000","rep2","Sp7498","PFD_1000","Sp_pfd1000_rep2",8,488.4,0.509,0,0.779,0.335,0.347,0.168,0.486,0.345,0.339,0.609,0.401,52.7,52.75788
"Sp_pfd1000","rep2","Sp7498","PFD_1000","Sp_pfd1000_rep2",9,575,0.491,0,0.714,0.323,0.312,0.219,0.469,0.468,0.417,0.57,0.375,62,61.98192
"Sp_pfd1000","rep2","Sp7498","PFD_1000","Sp_pfd1000_rep2",10,687.2,0.467,0,0.644,0.308,0.275,0.28,0.446,0.627,0.499,0.526,0.347,71.3,71.379
"Sp_pfd1000","rep2","Sp7498","PFD_1000","Sp_pfd1000_rep2",11,795.8,0.443,0,0.594,0.296,0.254,0.323,0.423,0.764,0.555,0.506,0.338,83.7,83.63712
"Sp_pfd1000","rep2","Sp7498","PFD_1000","Sp_pfd1000_rep2",12,1012.5,0.416,0,0.527,0.278,0.211,0.392,0.397,0.989,0.629,0.446,0.298,86.7,86.8476
"Sp_pfd1000","rep2","Sp7498","PFD_1000","Sp_pfd1000_rep2",14,1454,0.381,0,0.451,0.255,0.155,0.481,0.364,1.324,0.708,0.358,0.24,90.3,90.1635
"Sp_pfd1000","rep2","Sp7498","PFD_1000","Sp_pfd1000_rep2",16,1994,0.357,0,0.399,0.238,0.105,0.554,0.341,1.627,0.76,0.261,0.174,89,88.8174
"Sp_pfd1000","rep2","Sp7498","PFD_1000","Sp_pfd1000_rep2",18,2549,0.34,0,0.372,0.228,0.086,0.59,0.324,1.817,0.785,0.222,0.149,107.3,107.24028
"Sp_pfd1000","rep2","Sp7498","PFD_1000","Sp_pfd1000_rep2",20,3005.5,0.332,0,0.358,0.223,0.073,0.611,0.317,1.927,0.798,0.192,0.129,130.9,131.56206
"Sp_pfd1000","rep3","Sp7498","PFD_1000","Sp_pfd1000_rep3",0,0,0.516,0,1.299,0.516,0.603,0,0.397,0,0,1,1,0,0
"Sp_pfd1000","rep3","Sp7498","PFD_1000","Sp_pfd1000_rep3",1,9,0.536,0,1.111,0.484,0.518,0.07,0.413,0.169,0.199,0.916,0.827,1.1,1.0878
"Sp_pfd1000","rep3","Sp7498","PFD_1000","Sp_pfd1000_rep3",2,61.885,0.479,0,1.013,0.464,0.527,0.104,0.369,0.282,0.299,0.973,0.942,6.6,6.6402
"Sp_pfd1000","rep3","Sp7498","PFD_1000","Sp_pfd1000_rep3",3,107.05,0.492,0,1.009,0.463,0.512,0.109,0.379,0.287,0.303,0.947,0.892,13.6,13.54752
"Sp_pfd1000","rep3","Sp7498","PFD_1000","Sp_pfd1000_rep3",4,157.5,0.51,0,0.99,0.459,0.485,0.123,0.393,0.312,0.322,0.904,0.814,20.4,20.37
"Sp_pfd1000","rep3","Sp7498","PFD_1000","Sp_pfd1000_rep3",5,208.45,0.528,0,0.971,0.455,0.456,0.137,0.406,0.338,0.341,0.858,0.74,26.8,26.8128
"Sp_pfd1000","rep3","Sp7498","PFD_1000","Sp_pfd1000_rep3",6,289.5,0.538,0,0.921,0.444,0.416,0.17,0.414,0.41,0.39,0.802,0.662,34.4,34.41984
"Sp_pfd1000","rep3","Sp7498","PFD_1000","Sp_pfd1000_rep3",7,373.85,0.539,0,0.863,0.43,0.375,0.21,0.415,0.505,0.447,0.748,0.596,42.6,42.525
"Sp_pfd1000","rep3","Sp7498","PFD_1000","Sp_pfd1000_rep3",8,488.4,0.524,0,0.777,0.407,0.326,0.271,0.403,0.672,0.528,0.684,0.532,49.5,49.56504
"Sp_pfd1000","rep3","Sp7498","PFD_1000","Sp_pfd1000_rep3",9,575,0.505,0,0.714,0.389,0.293,0.319,0.389,0.819,0.585,0.644,0.496,58.2,58.20738
"Sp_pfd1000","rep3","Sp7498","PFD_1000","Sp_pfd1000_rep3",10,687.2,0.479,0,0.648,0.369,0.261,0.37,0.369,1.005,0.643,0.605,0.466,67.7,67.74516
"Sp_pfd1000","rep3","Sp7498","PFD_1000","Sp_pfd1000_rep3",11,795.8,0.456,0,0.599,0.352,0.239,0.41,0.351,1.169,0.685,0.58,0.448,78.6,78.69792
"Sp_pfd1000","rep3","Sp7498","PFD_1000","Sp_pfd1000_rep3",12,1012.5,0.428,0,0.53,0.327,0.192,0.478,0.329,1.451,0.741,0.503,0.385,79.2,79.0272
"Sp_pfd1000","rep3","Sp7498","PFD_1000","Sp_pfd1000_rep3",14,1454,0.4,0,0.467,0.302,0.143,0.549,0.308,1.782,0.789,0.406,0.307,83.5,83.1831
"Sp_pfd1000","rep3","Sp7498","PFD_1000","Sp_pfd1000_rep3",16,1994,0.39,0,0.437,0.289,0.108,0.592,0.3,1.973,0.811,0.318,0.236,91,91.35504
"Sp_pfd1000","rep3","Sp7498","PFD_1000","Sp_pfd1000_rep3",18,2549,0.373,0,0.405,0.275,0.079,0.634,0.287,2.207,0.834,0.246,0.181,98.5,98.51142
"Sp_pfd1000","rep3","Sp7498","PFD_1000","Sp_pfd1000_rep3",20,3005.5,0.368,0,0.393,0.269,0.064,0.653,0.283,2.305,0.842,0.202,0.148,114.6,115.34208
"Wa_pfd1000","rep1","Wa8730","PFD_1000","Wa_pfd1000_rep1",0,0,0.249,0,0.827,0.249,0.699,0,0.301,0,0,1,1,0,0
"Wa_pfd1000","rep1","Wa8730","PFD_1000","Wa_pfd1000_rep1",1,9,0.317,0,0.815,0.248,0.611,0.006,0.383,0.015,0.019,0.878,0.687,1.3,1.2831
"Wa_pfd1000","rep1","Wa8730","PFD_1000","Wa_pfd1000_rep1",2,61.885,0.306,0,0.785,0.245,0.61,0.02,0.37,0.054,0.066,0.887,0.71,7.7,7.686
"Wa_pfd1000","rep1","Wa8730","PFD_1000","Wa_pfd1000_rep1",3,107.05,0.307,0,0.763,0.243,0.598,0.031,0.371,0.084,0.1,0.877,0.694,15.8,15.82308
"Wa_pfd1000","rep1","Wa8730","PFD_1000","Wa_pfd1000_rep1",4,157.5,0.315,0,0.741,0.241,0.575,0.044,0.381,0.116,0.134,0.851,0.65,24.1,24.15
"Wa_pfd1000","rep1","Wa8730","PFD_1000","Wa_pfd1000_rep1",5,208.45,0.322,0,0.72,0.238,0.553,0.058,0.389,0.149,0.167,0.826,0.612,32.5,32.5164
"Wa_pfd1000","rep1","Wa8730","PFD_1000","Wa_pfd1000_rep1",6,289.5,0.334,0,0.694,0.235,0.519,0.077,0.404,0.192,0.207,0.785,0.553,42.9,42.94206
"Wa_pfd1000","rep1","Wa8730","PFD_1000","Wa_pfd1000_rep1",7,373.85,0.341,0,0.663,0.232,0.486,0.102,0.412,0.247,0.254,0.747,0.507,55.1,55.1124
"Wa_pfd1000","rep1","Wa8730","PFD_1000","Wa_pfd1000_rep1",8,488.4,0.346,0,0.621,0.226,0.443,0.139,0.418,0.332,0.317,0.697,0.456,67.3,67.35372
"Wa_pfd1000","rep1","Wa8730","PFD_1000","Wa_pfd1000_rep1",9,575,0.341,0,0.582,0.221,0.414,0.174,0.412,0.421,0.375,0.668,0.433,82.3,82.24524
"Wa_pfd1000","rep1","Wa8730","PFD_1000","Wa_pfd1000_rep1",10,687.2,0.333,0,0.534,0.214,0.376,0.221,0.403,0.549,0.446,0.628,0.403,97.7,97.59456
"Wa_pfd1000","rep1","Wa8730","PFD_1000","Wa_pfd1000_rep1",11,795.8,0.32,0,0.495,0.207,0.354,0.26,0.387,0.671,0.502,0.608,0.394,116.4,116.56512
"Wa_pfd1000","rep1","Wa8730","PFD_1000","Wa_pfd1000_rep1",12,1012.5,0.305,0,0.434,0.196,0.297,0.334,0.369,0.906,0.588,0.541,0.347,122.3,122.2452
"Wa_pfd1000","rep1","Wa8730","PFD_1000","Wa_pfd1000_rep1",14,1454,0.292,0,0.377,0.183,0.225,0.421,0.353,1.194,0.665,0.439,0.275,131.2,130.8825
"Wa_pfd1000","rep1","Wa8730","PFD_1000","Wa_pfd1000_rep1",16,1994,0.278,0,0.331,0.172,0.16,0.504,0.336,1.498,0.724,0.332,0.205,135.4,135.3408
"Wa_pfd1000","rep1","Wa8730","PFD_1000","Wa_pfd1000_rep1",18,2549,0.267,0,0.305,0.164,0.125,0.553,0.323,1.711,0.757,0.27,0.166,155.4,155.8725
"Wa_pfd1000","rep1","Wa8730","PFD_1000","Wa_pfd1000_rep1",20,3005.5,0.26,0,0.288,0.159,0.097,0.588,0.314,1.872,0.777,0.217,0.133,175.2,174.81534
"Wa_pfd1000","rep2","Wa8730","PFD_1000","Wa_pfd1000_rep2",0,0,0.266,0,0.915,0.266,0.709,0,0.291,0,0,1,1,0,0
"Wa_pfd1000","rep2","Wa8730","PFD_1000","Wa_pfd1000_rep2",1,9,0.363,0,0.9,0.265,0.597,0.007,0.397,0.017,0.021,0.845,0.616,1.3,1.2537
"Wa_pfd1000","rep2","Wa8730","PFD_1000","Wa_pfd1000_rep2",2,61.885,0.338,0,0.863,0.261,0.608,0.022,0.369,0.06,0.073,0.873,0.675,7.7,7.6608
"Wa_pfd1000","rep2","Wa8730","PFD_1000","Wa_pfd1000_rep2",3,107.05,0.336,0,0.834,0.259,0.597,0.036,0.367,0.097,0.114,0.866,0.666,15.8,15.79662
"Wa_pfd1000","rep2","Wa8730","PFD_1000","Wa_pfd1000_rep2",4,157.5,0.341,0,0.806,0.256,0.577,0.05,0.373,0.135,0.152,0.845,0.634,24.2,24.234
"Wa_pfd1000","rep2","Wa8730","PFD_1000","Wa_pfd1000_rep2",5,208.45,0.346,0,0.781,0.253,0.557,0.065,0.378,0.172,0.187,0.824,0.604,32.8,32.7516
"Wa_pfd1000","rep2","Wa8730","PFD_1000","Wa_pfd1000_rep2",6,289.5,0.353,0,0.739,0.249,0.522,0.092,0.386,0.238,0.245,0.787,0.555,43.2,43.19028
"Wa_pfd1000","rep2","Wa8730","PFD_1000","Wa_pfd1000_rep2",7,373.85,0.357,0,0.695,0.244,0.486,0.124,0.39,0.317,0.304,0.749,0.511,55.1,55.1124
"Wa_pfd1000","rep2","Wa8730","PFD_1000","Wa_pfd1000_rep2",8,488.4,0.356,0,0.642,0.237,0.445,0.165,0.389,0.425,0.376,0.706,0.469,67.7,67.6578
"Wa_pfd1000","rep2","Wa8730","PFD_1000","Wa_pfd1000_rep2",9,575,0.351,0,0.599,0.231,0.414,0.202,0.384,0.528,0.432,0.673,0.442,82.2,82.24524
"Wa_pfd1000","rep2","Wa8730","PFD_1000","Wa_pfd1000_rep2",10,687.2,0.343,0,0.552,0.223,0.379,0.247,0.375,0.658,0.494,0.636,0.414,98.3,98.37324
"Wa_pfd1000","rep2","Wa8730","PFD_1000","Wa_pfd1000_rep2",11,795.8,0.335,0,0.515,0.217,0.35,0.284,0.366,0.777,0.541,0.604,0.391,115.1,115.248
"Wa_pfd1000","rep2","Wa8730","PFD_1000","Wa_pfd1000_rep2",12,1012.5,0.324,0,0.461,0.207,0.297,0.349,0.354,0.985,0.608,0.539,0.344,122.3,122.2452
"Wa_pfd1000","rep2","Wa8730","PFD_1000","Wa_pfd1000_rep2",14,1454,0.312,0,0.401,0.194,0.222,0.437,0.341,1.282,0.681,0.43,0.267,129.1,129.1374
"Wa_pfd1000","rep2","Wa8730","PFD_1000","Wa_pfd1000_rep2",16,1994,0.303,0,0.359,0.183,0.156,0.513,0.331,1.549,0.729,0.319,0.193,131.9,131.95728
"Wa_pfd1000","rep2","Wa8730","PFD_1000","Wa_pfd1000_rep2",18,2549,0.299,0,0.34,0.178,0.121,0.553,0.327,1.691,0.751,0.254,0.151,150.4,150.88458
"Wa_pfd1000","rep2","Wa8730","PFD_1000","Wa_pfd1000_rep2",20,3005.5,0.293,0,0.326,0.174,0.101,0.579,0.32,1.807,0.766,0.218,0.13,182.4,182.02422
"Wa_pfd1000","rep3","Wa8730","PFD_1000","Wa_pfd1000_rep3",0,0,0.356,0,1.194,0.356,0.702,0,0.298,0,0,1,1,0,0
"Wa_pfd1000","rep3","Wa8730","PFD_1000","Wa_pfd1000_rep3",1,9,0.439,0,1.179,0.355,0.628,0.005,0.368,0.013,0.016,0.898,0.725,1.3,1.3188
"Wa_pfd1000","rep3","Wa8730","PFD_1000","Wa_pfd1000_rep3",2,61.885,0.434,0,1.134,0.35,0.617,0.019,0.363,0.053,0.065,0.893,0.721,7.8,7.7742
"Wa_pfd1000","rep3","Wa8730","PFD_1000","Wa_pfd1000_rep3",3,107.05,0.435,0,1.101,0.347,0.605,0.031,0.364,0.084,0.101,0.884,0.705,16,16.0083
"Wa_pfd1000","rep3","Wa8730","PFD_1000","Wa_pfd1000_rep3",4,157.5,0.444,0,1.069,0.344,0.585,0.043,0.372,0.117,0.135,0.862,0.668,24.6,24.57
"Wa_pfd1000","rep3","Wa8730","PFD_1000","Wa_pfd1000_rep3",5,208.45,0.451,0,1.029,0.34,0.562,0.061,0.378,0.16,0.178,0.839,0.632,33,33.0456
"Wa_pfd1000","rep3","Wa8730","PFD_1000","Wa_pfd1000_rep3",6,289.5,0.457,0,0.965,0.332,0.526,0.091,0.383,0.237,0.245,0.803,0.584,43.6,43.52124
"Wa_pfd1000","rep3","Wa8730","PFD_1000","Wa_pfd1000_rep3",7,373.85,0.461,0,0.906,0.325,0.491,0.123,0.386,0.318,0.307,0.766,0.54,55.7,55.6794
"Wa_pfd1000","rep3","Wa8730","PFD_1000","Wa_pfd1000_rep3",8,488.4,0.457,0,0.833,0.315,0.451,0.166,0.383,0.433,0.382,0.726,0.501,68.6,68.57004
"Wa_pfd1000","rep3","Wa8730","PFD_1000","Wa_pfd1000_rep3",9,575,0.451,0,0.78,0.307,0.422,0.2,0.378,0.531,0.436,0.696,0.474,83.8,83.83452
"Wa_pfd1000","rep3","Wa8730","PFD_1000","Wa_pfd1000_rep3",10,687.2,0.44,0,0.711,0.296,0.381,0.25,0.369,0.679,0.505,0.653,0.439,98.9,98.89236
"Wa_pfd1000","rep3","Wa8730","PFD_1000","Wa_pfd1000_rep3",11,795.8,0.426,0,0.661,0.287,0.356,0.288,0.357,0.806,0.554,0.628,0.423,117.1,117.22368
"Wa_pfd1000","rep3","Wa8730","PFD_1000","Wa_pfd1000_rep3",12,1012.5,0.416,0,0.594,0.274,0.3,0.352,0.348,1.01,0.618,0.556,0.365,123.3,123.48
"Wa_pfd1000","rep3","Wa8730","PFD_1000","Wa_pfd1000_rep3",14,1454,0.402,0,0.516,0.256,0.221,0.442,0.337,1.314,0.689,0.438,0.279,128.5,128.5557
"Wa_pfd1000","rep3","Wa8730","PFD_1000","Wa_pfd1000_rep3",16,1994,0.388,0,0.461,0.242,0.158,0.517,0.325,1.59,0.738,0.333,0.207,133.9,133.64904
"Wa_pfd1000","rep3","Wa8730","PFD_1000","Wa_pfd1000_rep3",18,2549,0.38,0,0.433,0.234,0.122,0.559,0.318,1.758,0.762,0.266,0.163,152.6,152.13156
"Wa_pfd1000","rep3","Wa8730","PFD_1000","Wa_pfd1000_rep3",20,3005.5,0.376,0,0.417,0.229,0.098,0.587,0.315,1.863,0.775,0.218,0.133,177.2,176.61756
