"Ytype","growth_light","actinic_light","contrast","estimate","SE","df","t.ratio","p.value","p_label"
"Y(II)","LL","AL50","Sp - Wa",-0.0599999999999979,0.0172361056031654,10.8218986372228,-3.48106477074374,0.00526208431896301,"p=0.005"
"Y(II)","HL","AL50","Sp - Wa",-0.0810000000000006,0.0172361056031654,10.8218986372228,-4.69943744050425,0.000680081661158559,"p<0.001"
"Y(II)","LL","AL1000","Sp - Wa",-0.0806666666666652,0.0172361056031654,10.8218986372228,-4.68009819177778,0.000701491092672598,"p<0.001"
"Y(II)","HL","AL1000","Sp - Wa",-0.107333333333334,0.0172361056031654,10.8218986372228,-6.22723808988626,6.94294865233501e-05,"p<0.001"
"Y(NPQ)","LL","AL50","Sp - Wa",0.00433333333333277,0.0217581402393174,9.66393093678656,0.199159178388893,0.846265882676581,"p=0.846"
"Y(NPQ)","HL","AL50","Sp - Wa",0.0483333333333327,0.0217581402393174,9.66393093678662,2.22139083587637,0.0514700539146767,"p=0.051"
"Y(NPQ)","LL","AL1000","Sp - Wa",0.0470000000000004,0.0217581402393174,9.66393093678656,2.16011108867983,0.0570226929927313,"p=0.057"
"Y(NPQ)","HL","AL1000","Sp - Wa",0.0926666666666658,0.0217581402393174,9.66393093678661,4.258942430163,0.00179941448262611,"p=0.002"
"Y(NO)","LL","AL50","Sp - Wa",0.0550000000000018,0.0152041661341003,10.8103859778444,3.6174295594315,0.0041574225088714,"p=0.004"
"Y(NO)","HL","AL50","Sp - Wa",0.0333333333333325,0.0152041661341003,10.8103859778445,2.19238155117048,0.0511704076761989,"p=0.051"
"Y(NO)","LL","AL1000","Sp - Wa",0.0336666666666683,0.0152041661341003,10.8103859778444,2.21430536668235,0.0492580554601359,"p=0.049"
"Y(NO)","HL","AL1000","Sp - Wa",0.0143333333333327,0.0152041661341003,10.8103859778445,0.942724067003289,0.366413251548417,"p=0.366"
