genus_cor	epithet	sp	antho
Spirodela	polyrhiza	Spirodela polyrhiza	Antho
Spirodela	intermedia	Spirodela intermedia	Antho
Landoltia	punctata	Landoltia punctata	Antho
Lemna	trisulca	Lemna trisulca	Antho
Lemna	obscula	Lemna obscula	Antho
Lemna	turionifera	Lemna turionifera	Antho
Lemna	disperma	Lemna disperma	Antho
Lemna	gibba	Lemna gibba	Antho
Lemna	japonica	Lemna japonica	Antho
Lemna	minor	Lemna minor	Antho
Lemna	minuta	Lemna minuta	NonAntho
Lemna	valdiviana	Lemna valdiviana	NonAntho
Lemna	aequinoctialis	Lemna aequinoctialis	NonAntho
Lemna	perpusilla	Lemna perpusilla	NonAntho
Lemna	tenera	Lemna tenera	NonAntho
Wolffiella	denticulata	Wolffiella denticulata	NonAntho
Wolffiella	neotropica	Wolffiella neotropica	NonAntho
Wolffiella	caudata	Wolffiella caudata	NonAntho
Wolffiella	gladiata	Wolffiella gladiata 	NonAntho
Wolffiella	lingulata	Wolffiella lingulata	NonAntho
Wolffiella	oblonga	Wolffiella oblonga	NonAntho
Wolffiella	repanda	Wolffiella repanda	NonAntho
Wolffiella	welwitschii	Wolffiella welwitschii 	NonAntho
Wolffiella	hyalina	Wolffiella hyalina	NonAntho
Wolffiella	rotunda	Wolffiella rotunda	NonAntho
Wolffiella	brasiliensis	Wolffiella brasiliensis	NonAntho
Wolffia	australiana	Wolffia australiana	NonAntho
Wolffia	angusta	Wolffia angusta	NonAntho
Wolffia	borealis	Wolffia borealis	NonAntho
Wolffia	globosa	Wolffia globosa	NonAntho
Wolffia	neglecta	Wolffia neglecta	NonAntho
Wolffia	microscopica	Wolffia microscopica	NonAntho
Wolffia	arrhiza	Wolffia arrhiza	NonAntho
Wolffia	cylindraceae	Wolffia cylindraceae	NonAntho
Wolffia	elongata	Wolffia elongata	NonAntho
Wolffia	columbiana	Wolffia columbiana	NonAntho