panel_assignment,Platform,Metabolite,MetLabel,sample,rep,Lineage,Light,value,pseudo,log2y,log2FC_Sp,log2FC_Wa,p_interaction,FDR,sig_class
Fig. 6A: Flavonoids,LC-MS/MS,Nevadensin 7-rutinoside,Nevadensin 7-rutinoside,Sp_LL_rep1,rep1,Sp,LL,64027.0668108679,25117.7783308933,16.44386375503926,3.9871046224899303,-0.35972216565367887,2.6042997077847535e-8,6.064297890984497e-7,Sp > Wa
Fig. 6A: Flavonoids,LC-MS/MS,Nevadensin 7-rutinoside,Nevadensin 7-rutinoside,Sp_LL_rep2,rep2,Sp,LL,84389.8272242417,25117.7783308933,16.74067154623253,3.9871046224899303,-0.35972216565367887,2.6042997077847535e-8,6.064297890984497e-7,Sp > Wa
Fig. 6A: Flavonoids,LC-MS/MS,Nevadensin 7-rutinoside,Nevadensin 7-rutinoside,Sp_LL_rep3,rep3,Sp,LL,61663.2266969258,25117.7783308933,16.405091673934738,3.9871046224899303,-0.35972216565367887,2.6042997077847535e-8,6.064297890984497e-7,Sp > Wa
Fig. 6A: Flavonoids,LC-MS/MS,Nevadensin 7-rutinoside,Nevadensin 7-rutinoside,Sp_LL_rep4,rep4,Sp,LL,54746.9455776189,25117.7783308933,16.285270787831777,3.9871046224899303,-0.35972216565367887,2.6042997077847535e-8,6.064297890984497e-7,Sp > Wa
Fig. 6A: Flavonoids,LC-MS/MS,Nevadensin 7-rutinoside,Nevadensin 7-rutinoside,Sp_LL_rep5,rep5,Sp,LL,50235.5566617866,25117.7783308933,16.20138374367418,3.9871046224899303,-0.35972216565367887,2.6042997077847535e-8,6.064297890984497e-7,Sp > Wa
Fig. 6A: Flavonoids,LC-MS/MS,Nevadensin 7-rutinoside,Nevadensin 7-rutinoside,Sp_HL_rep1,rep1,Sp,HL,1882464.8396313,25117.7783308933,20.863314111282104,3.9871046224899303,-0.35972216565367887,2.6042997077847535e-8,6.064297890984497e-7,Sp > Wa
Fig. 6A: Flavonoids,LC-MS/MS,Nevadensin 7-rutinoside,Nevadensin 7-rutinoside,Sp_HL_rep2,rep2,Sp,HL,1680756.39794823,25117.7783308933,20.702079808036338,3.9871046224899303,-0.35972216565367887,2.6042997077847535e-8,6.064297890984497e-7,Sp > Wa
Fig. 6A: Flavonoids,LC-MS/MS,Nevadensin 7-rutinoside,Nevadensin 7-rutinoside,Sp_HL_rep3,rep3,Sp,HL,1601204.04115268,25117.7783308933,20.633181338073506,3.9871046224899303,-0.35972216565367887,2.6042997077847535e-8,6.064297890984497e-7,Sp > Wa
Fig. 6A: Flavonoids,LC-MS/MS,Nevadensin 7-rutinoside,Nevadensin 7-rutinoside,Sp_HL_rep4,rep4,Sp,HL,1542560.56948448,25117.7783308933,20.580198150706966,3.9871046224899303,-0.35972216565367887,2.6042997077847535e-8,6.064297890984497e-7,Sp > Wa
Fig. 6A: Flavonoids,LC-MS/MS,Nevadensin 7-rutinoside,Nevadensin 7-rutinoside,Sp_HL_rep5,rep5,Sp,HL,591078.827910862,25117.7783308933,19.233031211063228,3.9871046224899303,-0.35972216565367887,2.6042997077847535e-8,6.064297890984497e-7,Sp > Wa
Fig. 6A: Flavonoids,LC-MS/MS,Nevadensin 7-rutinoside,Nevadensin 7-rutinoside,Wa_LL_rep1,rep1,Wa,LL,9890187.908892,25117.7783308933,23.24122582051176,3.9871046224899303,-0.35972216565367887,2.6042997077847535e-8,6.064297890984497e-7,Sp > Wa
Fig. 6A: Flavonoids,LC-MS/MS,Nevadensin 7-rutinoside,Nevadensin 7-rutinoside,Wa_LL_rep2,rep2,Wa,LL,9832626.912206,25117.7783308933,23.232826185911925,3.9871046224899303,-0.35972216565367887,2.6042997077847535e-8,6.064297890984497e-7,Sp > Wa
Fig. 6A: Flavonoids,LC-MS/MS,Nevadensin 7-rutinoside,Nevadensin 7-rutinoside,Wa_LL_rep3,rep3,Wa,LL,8254226.913417,25117.7783308933,22.981085152582704,3.9871046224899303,-0.35972216565367887,2.6042997077847535e-8,6.064297890984497e-7,Sp > Wa
Fig. 6A: Flavonoids,LC-MS/MS,Nevadensin 7-rutinoside,Nevadensin 7-rutinoside,Wa_LL_rep4,rep4,Wa,LL,19978821.3288942,25117.7783308933,24.25378078275608,3.9871046224899303,-0.35972216565367887,2.6042997077847535e-8,6.064297890984497e-7,Sp > Wa
Fig. 6A: Flavonoids,LC-MS/MS,Nevadensin 7-rutinoside,Nevadensin 7-rutinoside,Wa_LL_rep5,rep5,Wa,LL,8462593.64222576,25117.7783308933,23.016944175245875,3.9871046224899303,-0.35972216565367887,2.6042997077847535e-8,6.064297890984497e-7,Sp > Wa
Fig. 6A: Flavonoids,LC-MS/MS,Nevadensin 7-rutinoside,Nevadensin 7-rutinoside,Wa_HL_rep1,rep1,Wa,HL,13242101.9853228,25117.7783308933,23.661362740011608,3.9871046224899303,-0.35972216565367887,2.6042997077847535e-8,6.064297890984497e-7,Sp > Wa
Fig. 6A: Flavonoids,LC-MS/MS,Nevadensin 7-rutinoside,Nevadensin 7-rutinoside,Wa_HL_rep2,rep2,Wa,HL,8265279.02705945,25117.7783308933,22.98300972478085,3.9871046224899303,-0.35972216565367887,2.6042997077847535e-8,6.064297890984497e-7,Sp > Wa
Fig. 6A: Flavonoids,LC-MS/MS,Nevadensin 7-rutinoside,Nevadensin 7-rutinoside,Wa_HL_rep3,rep3,Wa,HL,8643722.15479537,25117.7783308933,23.04740751378591,3.9871046224899303,-0.35972216565367887,2.6042997077847535e-8,6.064297890984497e-7,Sp > Wa
Fig. 6A: Flavonoids,LC-MS/MS,Nevadensin 7-rutinoside,Nevadensin 7-rutinoside,Wa_HL_rep4,rep4,Wa,HL,6654320.20925033,25117.7783308933,22.671295287796003,3.9871046224899303,-0.35972216565367887,2.6042997077847535e-8,6.064297890984497e-7,Sp > Wa
Fig. 6A: Flavonoids,LC-MS/MS,Nevadensin 7-rutinoside,Nevadensin 7-rutinoside,Wa_HL_rep5,rep5,Wa,HL,6176340.27066969,25117.7783308933,22.56417602236558,3.9871046224899303,-0.35972216565367887,2.6042997077847535e-8,6.064297890984497e-7,Sp > Wa
Fig. 6A: Flavonoids,LC-MS/MS,Apigenin 7-(6''-malonylneohesperidoside),Apigenin 7-(6''-malonylneohesperidoside),Sp_LL_rep1,rep1,Sp,LL,128490.400870951,41444.84415137365,17.374625576785743,4.350150323951041,0.2419905572246428,2.649475063015184e-16,3.4549154821717997e-13,Sp > Wa
Fig. 6A: Flavonoids,LC-MS/MS,Apigenin 7-(6''-malonylneohesperidoside),Apigenin 7-(6''-malonylneohesperidoside),Sp_LL_rep2,rep2,Sp,LL,95152.0876733601,41444.84415137365,17.059565553299418,4.350150323951041,0.2419905572246428,2.649475063015184e-16,3.4549154821717997e-13,Sp > Wa
Fig. 6A: Flavonoids,LC-MS/MS,Apigenin 7-(6''-malonylneohesperidoside),Apigenin 7-(6''-malonylneohesperidoside),Sp_LL_rep3,rep3,Sp,LL,82889.6883027473,41444.84415137365,16.923867518061623,4.350150323951041,0.2419905572246428,2.649475063015184e-16,3.4549154821717997e-13,Sp > Wa
Fig. 6A: Flavonoids,LC-MS/MS,Apigenin 7-(6''-malonylneohesperidoside),Apigenin 7-(6''-malonylneohesperidoside),Sp_LL_rep4,rep4,Sp,LL,106601.871092474,41444.84415137365,17.175692955806834,4.350150323951041,0.2419905572246428,2.649475063015184e-16,3.4549154821717997e-13,Sp > Wa
Fig. 6A: Flavonoids,LC-MS/MS,Apigenin 7-(6''-malonylneohesperidoside),Apigenin 7-(6''-malonylneohesperidoside),Sp_LL_rep5,rep5,Sp,LL,138753.491962246,41444.84415137365,17.4592261643246,4.350150323951041,0.2419905572246428,2.649475063015184e-16,3.4549154821717997e-13,Sp > Wa
Fig. 6A: Flavonoids,LC-MS/MS,Apigenin 7-(6''-malonylneohesperidoside),Apigenin 7-(6''-malonylneohesperidoside),Sp_HL_rep1,rep1,Sp,HL,3149389.31613996,41444.84415137365,21.605502197577035,4.350150323951041,0.2419905572246428,2.649475063015184e-16,3.4549154821717997e-13,Sp > Wa
Fig. 6A: Flavonoids,LC-MS/MS,Apigenin 7-(6''-malonylneohesperidoside),Apigenin 7-(6''-malonylneohesperidoside),Sp_HL_rep2,rep2,Sp,HL,2869564.61116391,41444.84415137365,21.473088094842673,4.350150323951041,0.2419905572246428,2.649475063015184e-16,3.4549154821717997e-13,Sp > Wa
Fig. 6A: Flavonoids,LC-MS/MS,Apigenin 7-(6''-malonylneohesperidoside),Apigenin 7-(6''-malonylneohesperidoside),Sp_HL_rep3,rep3,Sp,HL,3034077.1277381,41444.84415137365,21.552399852084996,4.350150323951041,0.2419905572246428,2.649475063015184e-16,3.4549154821717997e-13,Sp > Wa
Fig. 6A: Flavonoids,LC-MS/MS,Apigenin 7-(6''-malonylneohesperidoside),Apigenin 7-(6''-malonylneohesperidoside),Sp_HL_rep4,rep4,Sp,HL,3180867.39657725,41444.84415137365,21.61966486669732,4.350150323951041,0.2419905572246428,2.649475063015184e-16,3.4549154821717997e-13,Sp > Wa
Fig. 6A: Flavonoids,LC-MS/MS,Apigenin 7-(6''-malonylneohesperidoside),Apigenin 7-(6''-malonylneohesperidoside),Sp_HL_rep5,rep5,Sp,HL,2910172.72293726,41444.84415137365,21.4930743768314,4.350150323951041,0.2419905572246428,2.649475063015184e-16,3.4549154821717997e-13,Sp > Wa
Fig. 6A: Flavonoids,LC-MS/MS,Apigenin 7-(6''-malonylneohesperidoside),Apigenin 7-(6''-malonylneohesperidoside),Wa_LL_rep1,rep1,Wa,LL,1478305.7293954701,41444.84415137365,20.535403132575272,4.350150323951041,0.2419905572246428,2.649475063015184e-16,3.4549154821717997e-13,Sp > Wa
Fig. 6A: Flavonoids,LC-MS/MS,Apigenin 7-(6''-malonylneohesperidoside),Apigenin 7-(6''-malonylneohesperidoside),Wa_LL_rep2,rep2,Wa,LL,1456879.18349806,41444.84415137365,20.514918224183205,4.350150323951041,0.2419905572246428,2.649475063015184e-16,3.4549154821717997e-13,Sp > Wa
Fig. 6A: Flavonoids,LC-MS/MS,Apigenin 7-(6''-malonylneohesperidoside),Apigenin 7-(6''-malonylneohesperidoside),Wa_LL_rep3,rep3,Wa,LL,1361976.63874767,41444.84415137365,20.42051692109706,4.350150323951041,0.2419905572246428,2.649475063015184e-16,3.4549154821717997e-13,Sp > Wa
Fig. 6A: Flavonoids,LC-MS/MS,Apigenin 7-(6''-malonylneohesperidoside),Apigenin 7-(6''-malonylneohesperidoside),Wa_LL_rep4,rep4,Wa,LL,1378869.31292074,41444.84415137365,20.437778641815655,4.350150323951041,0.2419905572246428,2.649475063015184e-16,3.4549154821717997e-13,Sp > Wa
Fig. 6A: Flavonoids,LC-MS/MS,Apigenin 7-(6''-malonylneohesperidoside),Apigenin 7-(6''-malonylneohesperidoside),Wa_LL_rep5,rep5,Wa,LL,1217010.08953334,41444.84415137365,20.263222122641725,4.350150323951041,0.2419905572246428,2.649475063015184e-16,3.4549154821717997e-13,Sp > Wa
Fig. 6A: Flavonoids,LC-MS/MS,Apigenin 7-(6''-malonylneohesperidoside),Apigenin 7-(6''-malonylneohesperidoside),Wa_HL_rep1,rep1,Wa,HL,1611093.0038839,41444.84415137365,20.656251883445947,4.350150323951041,0.2419905572246428,2.649475063015184e-16,3.4549154821717997e-13,Sp > Wa
Fig. 6A: Flavonoids,LC-MS/MS,Apigenin 7-(6''-malonylneohesperidoside),Apigenin 7-(6''-malonylneohesperidoside),Wa_HL_rep2,rep2,Wa,HL,1689425.64469349,41444.84415137365,20.72306634943522,4.350150323951041,0.2419905572246428,2.649475063015184e-16,3.4549154821717997e-13,Sp > Wa
Fig. 6A: Flavonoids,LC-MS/MS,Apigenin 7-(6''-malonylneohesperidoside),Apigenin 7-(6''-malonylneohesperidoside),Wa_HL_rep3,rep3,Wa,HL,1458498.48717406,41444.84415137365,20.516476565271905,4.350150323951041,0.2419905572246428,2.649475063015184e-16,3.4549154821717997e-13,Sp > Wa
Fig. 6A: Flavonoids,LC-MS/MS,Apigenin 7-(6''-malonylneohesperidoside),Apigenin 7-(6''-malonylneohesperidoside),Wa_HL_rep4,rep4,Wa,HL,1745616.85385022,41444.84415137365,20.769158013364663,4.350150323951041,0.2419905572246428,2.649475063015184e-16,3.4549154821717997e-13,Sp > Wa
Fig. 6A: Flavonoids,LC-MS/MS,Apigenin 7-(6''-malonylneohesperidoside),Apigenin 7-(6''-malonylneohesperidoside),Wa_HL_rep5,rep5,Wa,HL,1681970.5164149,41444.84415137365,20.716839016918406,4.350150323951041,0.2419905572246428,2.649475063015184e-16,3.4549154821717997e-13,Sp > Wa
Fig. 6A: Flavonoids,LC-MS/MS,Flavonol 7-O-beta-D-glucoside;,Flavonol 7-O-beta-D-glucoside,Sp_LL_rep1,rep1,Sp,LL,173019.274110767,53897.1454310015,17.79180147980856,-0.0664423880777889,3.474427680721682,2.447366101121422e-10,1.1004708261594257e-8,Wa > Sp
Fig. 6A: Flavonoids,LC-MS/MS,Flavonol 7-O-beta-D-glucoside;,Flavonol 7-O-beta-D-glucoside,Sp_LL_rep2,rep2,Sp,LL,135785.163853138,53897.1454310015,17.53322560654322,-0.0664423880777889,3.474427680721682,2.447366101121422e-10,1.1004708261594257e-8,Wa > Sp
Fig. 6A: Flavonoids,LC-MS/MS,Flavonol 7-O-beta-D-glucoside;,Flavonol 7-O-beta-D-glucoside,Sp_LL_rep3,rep3,Sp,LL,185717.380284606,53897.1454310015,17.870355843092163,-0.0664423880777889,3.474427680721682,2.447366101121422e-10,1.1004708261594257e-8,Wa > Sp
Fig. 6A: Flavonoids,LC-MS/MS,Flavonol 7-O-beta-D-glucoside;,Flavonol 7-O-beta-D-glucoside,Sp_LL_rep4,rep4,Sp,LL,272698.308289116,53897.1454310015,18.317145182846858,-0.0664423880777889,3.474427680721682,2.447366101121422e-10,1.1004708261594257e-8,Wa > Sp
Fig. 6A: Flavonoids,LC-MS/MS,Flavonol 7-O-beta-D-glucoside;,Flavonol 7-O-beta-D-glucoside,Sp_LL_rep5,rep5,Sp,LL,199958.107280201,53897.1454310015,17.95364658670841,-0.0664423880777889,3.474427680721682,2.447366101121422e-10,1.1004708261594257e-8,Wa > Sp
Fig. 6A: Flavonoids,LC-MS/MS,Flavonol 7-O-beta-D-glucoside;,Flavonol 7-O-beta-D-glucoside,Sp_HL_rep1,rep1,Sp,HL,202486.876514143,53897.1454310015,17.967946829299937,-0.0664423880777889,3.474427680721682,2.447366101121422e-10,1.1004708261594257e-8,Wa > Sp
Fig. 6A: Flavonoids,LC-MS/MS,Flavonol 7-O-beta-D-glucoside;,Flavonol 7-O-beta-D-glucoside,Sp_HL_rep2,rep2,Sp,HL,210839.526935558,53897.1454310015,18.01419853091258,-0.0664423880777889,3.474427680721682,2.447366101121422e-10,1.1004708261594257e-8,Wa > Sp
Fig. 6A: Flavonoids,LC-MS/MS,Flavonol 7-O-beta-D-glucoside;,Flavonol 7-O-beta-D-glucoside,Sp_HL_rep3,rep3,Sp,HL,188261.522862428,53897.1454310015,17.88559312090356,-0.0664423880777889,3.474427680721682,2.447366101121422e-10,1.1004708261594257e-8,Wa > Sp
Fig. 6A: Flavonoids,LC-MS/MS,Flavonol 7-O-beta-D-glucoside;,Flavonol 7-O-beta-D-glucoside,Sp_HL_rep4,rep4,Sp,HL,201669.588286647,53897.1454310015,17.963340532067594,-0.0664423880777889,3.474427680721682,2.447366101121422e-10,1.1004708261594257e-8,Wa > Sp
Fig. 6A: Flavonoids,LC-MS/MS,Flavonol 7-O-beta-D-glucoside;,Flavonol 7-O-beta-D-glucoside,Sp_HL_rep5,rep5,Sp,HL,107794.290862003,53897.1454310015,17.302883745426595,-0.0664423880777889,3.474427680721682,2.447366101121422e-10,1.1004708261594257e-8,Wa > Sp
Fig. 6A: Flavonoids,LC-MS/MS,Flavonol 7-O-beta-D-glucoside;,Flavonol 7-O-beta-D-glucoside,Wa_LL_rep1,rep1,Wa,LL,165532.498013222,53897.1454310015,17.743398911577728,-0.0664423880777889,3.474427680721682,2.447366101121422e-10,1.1004708261594257e-8,Wa > Sp
Fig. 6A: Flavonoids,LC-MS/MS,Flavonol 7-O-beta-D-glucoside;,Flavonol 7-O-beta-D-glucoside,Wa_LL_rep2,rep2,Wa,LL,231891.76652937,53897.1454310015,18.124590418266973,-0.0664423880777889,3.474427680721682,2.447366101121422e-10,1.1004708261594257e-8,Wa > Sp
Fig. 6A: Flavonoids,LC-MS/MS,Flavonol 7-O-beta-D-glucoside;,Flavonol 7-O-beta-D-glucoside,Wa_LL_rep3,rep3,Wa,LL,169100.657361628,53897.1454310015,17.766669969713362,-0.0664423880777889,3.474427680721682,2.447366101121422e-10,1.1004708261594257e-8,Wa > Sp
Fig. 6A: Flavonoids,LC-MS/MS,Flavonol 7-O-beta-D-glucoside;,Flavonol 7-O-beta-D-glucoside,Wa_LL_rep4,rep4,Wa,LL,231376.935099247,53897.1454310015,18.121989146736077,-0.0664423880777889,3.474427680721682,2.447366101121422e-10,1.1004708261594257e-8,Wa > Sp
Fig. 6A: Flavonoids,LC-MS/MS,Flavonol 7-O-beta-D-glucoside;,Flavonol 7-O-beta-D-glucoside,Wa_LL_rep5,rep5,Wa,LL,231110.400954108,53897.1454310015,18.120640593672924,-0.0664423880777889,3.474427680721682,2.447366101121422e-10,1.1004708261594257e-8,Wa > Sp
Fig. 6A: Flavonoids,LC-MS/MS,Flavonol 7-O-beta-D-glucoside;,Flavonol 7-O-beta-D-glucoside,Wa_HL_rep1,rep1,Wa,HL,2510696.65203217,53897.1454310015,21.290298906738183,-0.0664423880777889,3.474427680721682,2.447366101121422e-10,1.1004708261594257e-8,Wa > Sp
Fig. 6A: Flavonoids,LC-MS/MS,Flavonol 7-O-beta-D-glucoside;,Flavonol 7-O-beta-D-glucoside,Wa_HL_rep2,rep2,Wa,HL,2286200.0314426,53897.1454310015,21.15813701096304,-0.0664423880777889,3.474427680721682,2.447366101121422e-10,1.1004708261594257e-8,Wa > Sp
Fig. 6A: Flavonoids,LC-MS/MS,Flavonol 7-O-beta-D-glucoside;,Flavonol 7-O-beta-D-glucoside,Wa_HL_rep3,rep3,Wa,HL,2351311.90271386,53897.1454310015,21.197730860248843,-0.0664423880777889,3.474427680721682,2.447366101121422e-10,1.1004708261594257e-8,Wa > Sp
Fig. 6A: Flavonoids,LC-MS/MS,Flavonol 7-O-beta-D-glucoside;,Flavonol 7-O-beta-D-glucoside,Wa_HL_rep4,rep4,Wa,HL,3994713.45233522,53897.1454310015,21.948995458155384,-0.0664423880777889,3.474427680721682,2.447366101121422e-10,1.1004708261594257e-8,Wa > Sp
Fig. 6A: Flavonoids,LC-MS/MS,Flavonol 7-O-beta-D-glucoside;,Flavonol 7-O-beta-D-glucoside,Wa_HL_rep5,rep5,Wa,HL,3246630.39915255,53897.1454310015,21.65426520747001,-0.0664423880777889,3.474427680721682,2.447366101121422e-10,1.1004708261594257e-8,Wa > Sp
Fig. 6B: Amino acids / peptides,GC-MS/MS,Glycine-3TMS,Glycine,Sp_LL_rep1,rep1,Sp,LL,0.279565224,0.1120145415,-1.3526218778697363,0.46292430593629463,3.1397176737143315,3.448916452589242e-8,8.228129251177192e-7,Wa > Sp
Fig. 6B: Amino acids / peptides,GC-MS/MS,Glycine-3TMS,Glycine,Sp_LL_rep2,rep2,Sp,LL,0.314162325,0.1120145415,-1.2304758112259728,0.46292430593629463,3.1397176737143315,3.448916452589242e-8,8.228129251177192e-7,Wa > Sp
Fig. 6B: Amino acids / peptides,GC-MS/MS,Glycine-3TMS,Glycine,Sp_LL_rep3,rep3,Sp,LL,0.278456013,0.1120145415,-1.3567143364779413,0.46292430593629463,3.1397176737143315,3.448916452589242e-8,8.228129251177192e-7,Wa > Sp
Fig. 6B: Amino acids / peptides,GC-MS/MS,Glycine-3TMS,Glycine,Sp_LL_rep4,rep4,Sp,LL,0.267744729,0.1120145415,-1.3968429113551866,0.46292430593629463,3.1397176737143315,3.448916452589242e-8,8.228129251177192e-7,Wa > Sp
Fig. 6B: Amino acids / peptides,GC-MS/MS,Glycine-3TMS,Glycine,Sp_LL_rep5,rep5,Sp,LL,0.325440359,0.1120145415,-1.192793805208263,0.46292430593629463,3.1397176737143315,3.448916452589242e-8,8.228129251177192e-7,Wa > Sp
Fig. 6B: Amino acids / peptides,GC-MS/MS,Glycine-3TMS,Glycine,Sp_HL_rep1,rep1,Sp,HL,0.473144425,0.1120145415,-0.7730994889491232,0.46292430593629463,3.1397176737143315,3.448916452589242e-8,8.228129251177192e-7,Wa > Sp
Fig. 6B: Amino acids / peptides,GC-MS/MS,Glycine-3TMS,Glycine,Sp_HL_rep2,rep2,Sp,HL,0.439521006,0.1120145415,-0.8584742216740607,0.46292430593629463,3.1397176737143315,3.448916452589242e-8,8.228129251177192e-7,Wa > Sp
Fig. 6B: Amino acids / peptides,GC-MS/MS,Glycine-3TMS,Glycine,Sp_HL_rep3,rep3,Sp,HL,0.452103016,0.1120145415,-0.8259322550479524,0.46292430593629463,3.1397176737143315,3.448916452589242e-8,8.228129251177192e-7,Wa > Sp
Fig. 6B: Amino acids / peptides,GC-MS/MS,Glycine-3TMS,Glycine,Sp_HL_rep4,rep4,Sp,HL,0.409868253,0.1120145415,-0.93820225510309,0.46292430593629463,3.1397176737143315,3.448916452589242e-8,8.228129251177192e-7,Wa > Sp
Fig. 6B: Amino acids / peptides,GC-MS/MS,Glycine-3TMS,Glycine,Sp_HL_rep5,rep5,Sp,HL,0.454773415,0.1120145415,-0.8191189916814002,0.46292430593629463,3.1397176737143315,3.448916452589242e-8,8.228129251177192e-7,Wa > Sp
Fig. 6B: Amino acids / peptides,GC-MS/MS,Glycine-3TMS,Glycine,Wa_LL_rep1,rep1,Wa,LL,0.246098444,0.1120145415,-1.4815132618564275,0.46292430593629463,3.1397176737143315,3.448916452589242e-8,8.228129251177192e-7,Wa > Sp
Fig. 6B: Amino acids / peptides,GC-MS/MS,Glycine-3TMS,Glycine,Wa_LL_rep2,rep2,Wa,LL,0.23786587,0.1120145415,-1.515066199166091,0.46292430593629463,3.1397176737143315,3.448916452589242e-8,8.228129251177192e-7,Wa > Sp
Fig. 6B: Amino acids / peptides,GC-MS/MS,Glycine-3TMS,Glycine,Wa_LL_rep3,rep3,Wa,LL,0.261647181,0.1120145415,-1.420195311708739,0.46292430593629463,3.1397176737143315,3.448916452589242e-8,8.228129251177192e-7,Wa > Sp
Fig. 6B: Amino acids / peptides,GC-MS/MS,Glycine-3TMS,Glycine,Wa_LL_rep4,rep4,Wa,LL,0.297726081,0.1120145415,-1.287217163323601,0.46292430593629463,3.1397176737143315,3.448916452589242e-8,8.228129251177192e-7,Wa > Sp
Fig. 6B: Amino acids / peptides,GC-MS/MS,Glycine-3TMS,Glycine,Wa_LL_rep5,rep5,Wa,LL,0.224029083,0.1120145415,-1.5732795619890785,0.46292430593629463,3.1397176737143315,3.448916452589242e-8,8.228129251177192e-7,Wa > Sp
Fig. 6B: Amino acids / peptides,GC-MS/MS,Glycine-3TMS,Glycine,Wa_HL_rep1,rep1,Wa,HL,3.439432011,0.1120145415,1.82840677364326,0.46292430593629463,3.1397176737143315,3.448916452589242e-8,8.228129251177192e-7,Wa > Sp
Fig. 6B: Amino acids / peptides,GC-MS/MS,Glycine-3TMS,Glycine,Wa_HL_rep2,rep2,Wa,HL,2.151245781,0.1120145415,1.1784025343971003,0.46292430593629463,3.1397176737143315,3.448916452589242e-8,8.228129251177192e-7,Wa > Sp
Fig. 6B: Amino acids / peptides,GC-MS/MS,Glycine-3TMS,Glycine,Wa_HL_rep3,rep3,Wa,HL,6.02782214,0.1120145415,2.618200280689312,0.46292430593629463,3.1397176737143315,3.448916452589242e-8,8.228129251177192e-7,Wa > Sp
Fig. 6B: Amino acids / peptides,GC-MS/MS,Glycine-3TMS,Glycine,Wa_HL_rep4,rep4,Wa,HL,2.89939766,0.1120145415,1.5904401973877738,0.46292430593629463,3.1397176737143315,3.448916452589242e-8,8.228129251177192e-7,Wa > Sp
Fig. 6B: Amino acids / peptides,GC-MS/MS,Glycine-3TMS,Glycine,Wa_HL_rep5,rep5,Wa,HL,2.194744137,0.1120145415,1.2058670844102752,0.46292430593629463,3.1397176737143315,3.448916452589242e-8,8.228129251177192e-7,Wa > Sp
Fig. 6B: Amino acids / peptides,GC-MS/MS,Serine-3TMS,Serine,Sp_LL_rep1,rep1,Sp,LL,0.75592346,0.105211976,-0.21568793800921235,0.35546789723105116,2.3974049863516385,1.1689777306717934e-4,3.549441473130718e-4,Wa > Sp
Fig. 6B: Amino acids / peptides,GC-MS/MS,Serine-3TMS,Serine,Sp_LL_rep2,rep2,Sp,LL,1.186883392,0.105211976,0.36971255754187776,0.35546789723105116,2.3974049863516385,1.1689777306717934e-4,3.549441473130718e-4,Wa > Sp
Fig. 6B: Amino acids / peptides,GC-MS/MS,Serine-3TMS,Serine,Sp_LL_rep3,rep3,Sp,LL,1.019527246,0.105211976,0.16959054211886834,0.35546789723105116,2.3974049863516385,1.1689777306717934e-4,3.549441473130718e-4,Wa > Sp
Fig. 6B: Amino acids / peptides,GC-MS/MS,Serine-3TMS,Serine,Sp_LL_rep4,rep4,Sp,LL,0.64539545,0.105211976,-0.4138695315471289,0.35546789723105116,2.3974049863516385,1.1689777306717934e-4,3.549441473130718e-4,Wa > Sp
Fig. 6B: Amino acids / peptides,GC-MS/MS,Serine-3TMS,Serine,Sp_LL_rep5,rep5,Sp,LL,1.379576694,0.105211976,0.5702576068246356,0.35546789723105116,2.3974049863516385,1.1689777306717934e-4,3.549441473130718e-4,Wa > Sp
Fig. 6B: Amino acids / peptides,GC-MS/MS,Serine-3TMS,Serine,Sp_HL_rep1,rep1,Sp,HL,1.585715024,0.105211976,0.7578143776596068,0.35546789723105116,2.3974049863516385,1.1689777306717934e-4,3.549441473130718e-4,Wa > Sp
Fig. 6B: Amino acids / peptides,GC-MS/MS,Serine-3TMS,Serine,Sp_HL_rep2,rep2,Sp,HL,0.977512443,0.105211976,0.1146660869584136,0.35546789723105116,2.3974049863516385,1.1689777306717934e-4,3.549441473130718e-4,Wa > Sp
Fig. 6B: Amino acids / peptides,GC-MS/MS,Serine-3TMS,Serine,Sp_HL_rep3,rep3,Sp,HL,1.548483202,0.105211976,0.7256933302070477,0.35546789723105116,2.3974049863516385,1.1689777306717934e-4,3.549441473130718e-4,Wa > Sp
Fig. 6B: Amino acids / peptides,GC-MS/MS,Serine-3TMS,Serine,Sp_HL_rep4,rep4,Sp,HL,0.882535929,0.105211976,-0.01778521361791786,0.35546789723105116,2.3974049863516385,1.1689777306717934e-4,3.549441473130718e-4,Wa > Sp
Fig. 6B: Amino acids / peptides,GC-MS/MS,Serine-3TMS,Serine,Sp_HL_rep5,rep5,Sp,HL,1.493548865,0.105211976,0.6769541418771459,0.35546789723105116,2.3974049863516385,1.1689777306717934e-4,3.549441473130718e-4,Wa > Sp
Fig. 6B: Amino acids / peptides,GC-MS/MS,Serine-3TMS,Serine,Wa_LL_rep1,rep1,Wa,LL,0.210423952,0.105211976,-1.66366666204137,0.35546789723105116,2.3974049863516385,1.1689777306717934e-4,3.549441473130718e-4,Wa > Sp
Fig. 6B: Amino acids / peptides,GC-MS/MS,Serine-3TMS,Serine,Wa_LL_rep2,rep2,Wa,LL,0.284356087,0.105211976,-1.3600526855372057,0.35546789723105116,2.3974049863516385,1.1689777306717934e-4,3.549441473130718e-4,Wa > Sp
Fig. 6B: Amino acids / peptides,GC-MS/MS,Serine-3TMS,Serine,Wa_LL_rep3,rep3,Wa,LL,0.50733691,0.105211976,-0.7071031082817403,0.35546789723105116,2.3974049863516385,1.1689777306717934e-4,3.549441473130718e-4,Wa > Sp
Fig. 6B: Amino acids / peptides,GC-MS/MS,Serine-3TMS,Serine,Wa_LL_rep4,rep4,Wa,LL,0.335407208,0.105211976,-1.182395785370236,0.35546789723105116,2.3974049863516385,1.1689777306717934e-4,3.549441473130718e-4,Wa > Sp
Fig. 6B: Amino acids / peptides,GC-MS/MS,Serine-3TMS,Serine,Wa_LL_rep5,rep5,Wa,LL,0.378997787,0.105211976,-1.046295926559008,0.35546789723105116,2.3974049863516385,1.1689777306717934e-4,3.549441473130718e-4,Wa > Sp
Fig. 6B: Amino acids / peptides,GC-MS/MS,Serine-3TMS,Serine,Wa_HL_rep1,rep1,Wa,HL,2.723649939,0.105211976,1.5002217563005271,0.35546789723105116,2.3974049863516385,1.1689777306717934e-4,3.549441473130718e-4,Wa > Sp
Fig. 6B: Amino acids / peptides,GC-MS/MS,Serine-3TMS,Serine,Wa_HL_rep2,rep2,Wa,HL,1.475788578,0.105211976,0.6608378732325979,0.35546789723105116,2.3974049863516385,1.1689777306717934e-4,3.549441473130718e-4,Wa > Sp
Fig. 6B: Amino acids / peptides,GC-MS/MS,Serine-3TMS,Serine,Wa_HL_rep3,rep3,Wa,HL,4.33319719,0.105211976,2.15004267216517,0.35546789723105116,2.3974049863516385,1.1689777306717934e-4,3.549441473130718e-4,Wa > Sp
Fig. 6B: Amino acids / peptides,GC-MS/MS,Serine-3TMS,Serine,Wa_HL_rep4,rep4,Wa,HL,1.580220092,0.105211976,0.7531184801049419,0.35546789723105116,2.3974049863516385,1.1689777306717934e-4,3.549441473130718e-4,Wa > Sp
Fig. 6B: Amino acids / peptides,GC-MS/MS,Serine-3TMS,Serine,Wa_HL_rep5,rep5,Wa,HL,1.844539147,0.105211976,0.9632899821653942,0.35546789723105116,2.3974049863516385,1.1689777306717934e-4,3.549441473130718e-4,Wa > Sp
Fig. 6B: Amino acids / peptides,GC-MS/MS,N-Acetylglutamine-3TMS,N-Acetylglutamine,Sp_LL_rep1,rep1,Sp,LL,0.102994486,0.0469117345,-2.7378678443680937,0.7819169238366124,2.8970078912081947,8.599283408517563e-5,2.6594080170785797e-4,Wa > Sp
Fig. 6B: Amino acids / peptides,GC-MS/MS,N-Acetylglutamine-3TMS,N-Acetylglutamine,Sp_LL_rep2,rep2,Sp,LL,0.19117899,0.0469117345,-2.070416677464793,0.7819169238366124,2.8970078912081947,8.599283408517563e-5,2.6594080170785797e-4,Wa > Sp
Fig. 6B: Amino acids / peptides,GC-MS/MS,N-Acetylglutamine-3TMS,N-Acetylglutamine,Sp_LL_rep3,rep3,Sp,LL,0.164453451,0.0469117345,-2.242190328586627,0.7819169238366124,2.8970078912081947,8.599283408517563e-5,2.6594080170785797e-4,Wa > Sp
Fig. 6B: Amino acids / peptides,GC-MS/MS,N-Acetylglutamine-3TMS,N-Acetylglutamine,Sp_LL_rep4,rep4,Sp,LL,0.093823469,0.0469117345,-2.828944845472132,0.7819169238366124,2.8970078912081947,8.599283408517563e-5,2.6594080170785797e-4,Wa > Sp
Fig. 6B: Amino acids / peptides,GC-MS/MS,N-Acetylglutamine-3TMS,N-Acetylglutamine,Sp_LL_rep5,rep5,Sp,LL,0.353328313,0.0469117345,-1.3210625662268134,0.7819169238366124,2.8970078912081947,8.599283408517563e-5,2.6594080170785797e-4,Wa > Sp
Fig. 6B: Amino acids / peptides,GC-MS/MS,N-Acetylglutamine-3TMS,N-Acetylglutamine,Sp_HL_rep1,rep1,Sp,HL,0.337723158,0.0469117345,-1.3784384508955618,0.7819169238366124,2.8970078912081947,8.599283408517563e-5,2.6594080170785797e-4,Wa > Sp
Fig. 6B: Amino acids / peptides,GC-MS/MS,N-Acetylglutamine-3TMS,N-Acetylglutamine,Sp_HL_rep2,rep2,Sp,HL,0.30151233,0.0469117345,-1.521083825325257,0.7819169238366124,2.8970078912081947,8.599283408517563e-5,2.6594080170785797e-4,Wa > Sp
Fig. 6B: Amino acids / peptides,GC-MS/MS,N-Acetylglutamine-3TMS,N-Acetylglutamine,Sp_HL_rep3,rep3,Sp,HL,0.285921363,0.0469117345,-1.5871291901797344,0.7819169238366124,2.8970078912081947,8.599283408517563e-5,2.6594080170785797e-4,Wa > Sp
Fig. 6B: Amino acids / peptides,GC-MS/MS,N-Acetylglutamine-3TMS,N-Acetylglutamine,Sp_HL_rep4,rep4,Sp,HL,0.337102218,0.0469117345,-1.3807693650949069,0.7819169238366124,2.8970078912081947,8.599283408517563e-5,2.6594080170785797e-4,Wa > Sp
Fig. 6B: Amino acids / peptides,GC-MS/MS,N-Acetylglutamine-3TMS,N-Acetylglutamine,Sp_HL_rep5,rep5,Sp,HL,0.325901037,0.0469117345,-1.4234768114399363,0.7819169238366124,2.8970078912081947,8.599283408517563e-5,2.6594080170785797e-4,Wa > Sp
Fig. 6B: Amino acids / peptides,GC-MS/MS,N-Acetylglutamine-3TMS,N-Acetylglutamine,Wa_LL_rep1,rep1,Wa,LL,0.434097971,0.0469117345,-1.055862090839122,0.7819169238366124,2.8970078912081947,8.599283408517563e-5,2.6594080170785797e-4,Wa > Sp
Fig. 6B: Amino acids / peptides,GC-MS/MS,N-Acetylglutamine-3TMS,N-Acetylglutamine,Wa_LL_rep2,rep2,Wa,LL,0.811720418,0.0469117345,-0.21988789766207595,0.7819169238366124,2.8970078912081947,8.599283408517563e-5,2.6594080170785797e-4,Wa > Sp
Fig. 6B: Amino acids / peptides,GC-MS/MS,N-Acetylglutamine-3TMS,N-Acetylglutamine,Wa_LL_rep3,rep3,Wa,LL,0.343433619,0.0469117345,-1.3571769983205386,0.7819169238366124,2.8970078912081947,8.599283408517563e-5,2.6594080170785797e-4,Wa > Sp
Fig. 6B: Amino acids / peptides,GC-MS/MS,N-Acetylglutamine-3TMS,N-Acetylglutamine,Wa_LL_rep4,rep4,Wa,LL,0.284500421,0.0469117345,-1.5933015763413911,0.7819169238366124,2.8970078912081947,8.599283408517563e-5,2.6594080170785797e-4,Wa > Sp
Fig. 6B: Amino acids / peptides,GC-MS/MS,N-Acetylglutamine-3TMS,N-Acetylglutamine,Wa_LL_rep5,rep5,Wa,LL,0.243766293,0.0469117345,-1.7825060733438995,0.7819169238366124,2.8970078912081947,8.599283408517563e-5,2.6594080170785797e-4,Wa > Sp
Fig. 6B: Amino acids / peptides,GC-MS/MS,N-Acetylglutamine-3TMS,N-Acetylglutamine,Wa_HL_rep1,rep1,Wa,HL,2.465468631,0.0469117345,1.329054899690912,0.7819169238366124,2.8970078912081947,8.599283408517563e-5,2.6594080170785797e-4,Wa > Sp
Fig. 6B: Amino acids / peptides,GC-MS/MS,N-Acetylglutamine-3TMS,N-Acetylglutamine,Wa_HL_rep2,rep2,Wa,HL,3.980852543,0.0469117345,2.0099792529492295,0.7819169238366124,2.8970078912081947,8.599283408517563e-5,2.6594080170785797e-4,Wa > Sp
Fig. 6B: Amino acids / peptides,GC-MS/MS,N-Acetylglutamine-3TMS,N-Acetylglutamine,Wa_HL_rep3,rep3,Wa,HL,2.83027829,0.0469117345,1.524660507260913,0.7819169238366124,2.8970078912081947,8.599283408517563e-5,2.6594080170785797e-4,Wa > Sp
Fig. 6B: Amino acids / peptides,GC-MS/MS,N-Acetylglutamine-3TMS,N-Acetylglutamine,Wa_HL_rep4,rep4,Wa,HL,3.30249704,0.0469117345,1.7439064587426476,0.7819169238366124,2.8970078912081947,8.599283408517563e-5,2.6594080170785797e-4,Wa > Sp
Fig. 6B: Amino acids / peptides,GC-MS/MS,N-Acetylglutamine-3TMS,N-Acetylglutamine,Wa_HL_rep5,rep5,Wa,HL,3.605131136,0.0469117345,1.8687037008902436,0.7819169238366124,2.8970078912081947,8.599283408517563e-5,2.6594080170785797e-4,Wa > Sp
Fig. 6C: Central carbon metabolism,GC-MS/MS,Citric acid-4TMS,Citric acid,Sp_LL_rep1,rep1,Sp,LL,0.72383544,0.1627576015,-0.1736560554530297,-0.06026723828532806,1.9547630254830173,8.829879711922169e-12,4.915299706303341e-10,Wa > Sp
Fig. 6C: Central carbon metabolism,GC-MS/MS,Citric acid-4TMS,Citric acid,Sp_LL_rep2,rep2,Sp,LL,0.837435484,0.1627576015,2.7853660349328596e-4,-0.06026723828532806,1.9547630254830173,8.829879711922169e-12,4.915299706303341e-10,Wa > Sp
Fig. 6C: Central carbon metabolism,GC-MS/MS,Citric acid-4TMS,Citric acid,Sp_LL_rep3,rep3,Sp,LL,0.746857739,0.1627576015,-0.13667150965824557,-0.06026723828532806,1.9547630254830173,8.829879711922169e-12,4.915299706303341e-10,Wa > Sp
Fig. 6C: Central carbon metabolism,GC-MS/MS,Citric acid-4TMS,Citric acid,Sp_LL_rep4,rep4,Sp,LL,0.776090807,0.1627576015,-0.09103586348392805,-0.06026723828532806,1.9547630254830173,8.829879711922169e-12,4.915299706303341e-10,Wa > Sp
Fig. 6C: Central carbon metabolism,GC-MS/MS,Citric acid-4TMS,Citric acid,Sp_LL_rep5,rep5,Sp,LL,0.922725571,0.1627576015,0.11833736101618587,-0.06026723828532806,1.9547630254830173,8.829879711922169e-12,4.915299706303341e-10,Wa > Sp
Fig. 6C: Central carbon metabolism,GC-MS/MS,Citric acid-4TMS,Citric acid,Sp_HL_rep1,rep1,Sp,HL,0.736889875,0.1627576015,-0.1525682973734781,-0.06026723828532806,1.9547630254830173,8.829879711922169e-12,4.915299706303341e-10,Wa > Sp
Fig. 6C: Central carbon metabolism,GC-MS/MS,Citric acid-4TMS,Citric acid,Sp_HL_rep2,rep2,Sp,HL,0.861801259,0.1627576015,0.03500286898767787,-0.06026723828532806,1.9547630254830173,8.829879711922169e-12,4.915299706303341e-10,Wa > Sp
Fig. 6C: Central carbon metabolism,GC-MS/MS,Citric acid-4TMS,Citric acid,Sp_HL_rep3,rep3,Sp,HL,0.717273434,0.1627576015,-0.1843736916233246,-0.06026723828532806,1.9547630254830173,8.829879711922169e-12,4.915299706303341e-10,Wa > Sp
Fig. 6C: Central carbon metabolism,GC-MS/MS,Citric acid-4TMS,Citric acid,Sp_HL_rep4,rep4,Sp,HL,0.77929048,0.1627576015,-0.08612739898629182,-0.06026723828532806,1.9547630254830173,8.829879711922169e-12,4.915299706303341e-10,Wa > Sp
Fig. 6C: Central carbon metabolism,GC-MS/MS,Citric acid-4TMS,Citric acid,Sp_HL_rep5,rep5,Sp,HL,0.71019958,0.1627576015,-0.19601720340674783,-0.06026723828532806,1.9547630254830173,8.829879711922169e-12,4.915299706303341e-10,Wa > Sp
Fig. 6C: Central carbon metabolism,GC-MS/MS,Citric acid-4TMS,Citric acid,Wa_LL_rep1,rep1,Wa,LL,0.440031381,0.1627576015,-0.7302750466275907,-0.06026723828532806,1.9547630254830173,8.829879711922169e-12,4.915299706303341e-10,Wa > Sp
Fig. 6C: Central carbon metabolism,GC-MS/MS,Citric acid-4TMS,Citric acid,Wa_LL_rep2,rep2,Wa,LL,0.496278083,0.1627576015,-0.6015715105988314,-0.06026723828532806,1.9547630254830173,8.829879711922169e-12,4.915299706303341e-10,Wa > Sp
Fig. 6C: Central carbon metabolism,GC-MS/MS,Citric acid-4TMS,Citric acid,Wa_LL_rep3,rep3,Wa,LL,0.347559668,0.1627576015,-0.9705336305107056,-0.06026723828532806,1.9547630254830173,8.829879711922169e-12,4.915299706303341e-10,Wa > Sp
Fig. 6C: Central carbon metabolism,GC-MS/MS,Citric acid-4TMS,Citric acid,Wa_LL_rep4,rep4,Wa,LL,0.448773983,0.1627576015,-0.7095010816215732,-0.06026723828532806,1.9547630254830173,8.829879711922169e-12,4.915299706303341e-10,Wa > Sp
Fig. 6C: Central carbon metabolism,GC-MS/MS,Citric acid-4TMS,Citric acid,Wa_LL_rep5,rep5,Wa,LL,0.325515203,0.1627576015,-1.0342406689611394,-0.06026723828532806,1.9547630254830173,8.829879711922169e-12,4.915299706303341e-10,Wa > Sp
Fig. 6C: Central carbon metabolism,GC-MS/MS,Citric acid-4TMS,Citric acid,Wa_HL_rep1,rep1,Wa,HL,1.867861351,0.1627576015,1.0219195419902765,-0.06026723828532806,1.9547630254830173,8.829879711922169e-12,4.915299706303341e-10,Wa > Sp
Fig. 6C: Central carbon metabolism,GC-MS/MS,Citric acid-4TMS,Citric acid,Wa_HL_rep2,rep2,Wa,HL,1.91326639,0.1627576015,1.0538231162478526,-0.06026723828532806,1.9547630254830173,8.829879711922169e-12,4.915299706303341e-10,Wa > Sp
Fig. 6C: Central carbon metabolism,GC-MS/MS,Citric acid-4TMS,Citric acid,Wa_HL_rep3,rep3,Wa,HL,2.080076351,0.1627576015,1.165322814908222,-0.06026723828532806,1.9547630254830173,8.829879711922169e-12,4.915299706303341e-10,Wa > Sp
Fig. 6C: Central carbon metabolism,GC-MS/MS,Citric acid-4TMS,Citric acid,Wa_HL_rep4,rep4,Wa,HL,2.170174228,0.1627576015,1.222144151008696,-0.06026723828532806,1.9547630254830173,8.829879711922169e-12,4.915299706303341e-10,Wa > Sp
Fig. 6C: Central carbon metabolism,GC-MS/MS,Citric acid-4TMS,Citric acid,Wa_HL_rep5,rep5,Wa,HL,2.239654363,0.1627576015,1.264483564940199,-0.06026723828532806,1.9547630254830173,8.829879711922169e-12,4.915299706303341e-10,Wa > Sp
Fig. 6C: Central carbon metabolism,GC-MS/MS,Aconitic acid-3TMS,Aconitic acid,Sp_LL_rep1,rep1,Sp,LL,0.482229727,0.1272293945,-0.7143986372691413,0.01010070529477813,1.5320794010646086,2.7217551690575693e-6,1.818132452930456e-5,Wa > Sp
Fig. 6C: Central carbon metabolism,GC-MS/MS,Aconitic acid-3TMS,Aconitic acid,Sp_LL_rep2,rep2,Sp,LL,0.533009157,0.1272293945,-0.598940714530396,0.01010070529477813,1.5320794010646086,2.7217551690575693e-6,1.818132452930456e-5,Wa > Sp
Fig. 6C: Central carbon metabolism,GC-MS/MS,Aconitic acid-3TMS,Aconitic acid,Sp_LL_rep3,rep3,Sp,LL,0.452096434,0.1272293945,-0.787553107733335,0.01010070529477813,1.5320794010646086,2.7217551690575693e-6,1.818132452930456e-5,Wa > Sp
Fig. 6C: Central carbon metabolism,GC-MS/MS,Aconitic acid-3TMS,Aconitic acid,Sp_LL_rep4,rep4,Sp,LL,0.254458789,0.1272293945,-1.3895335713410493,0.01010070529477813,1.5320794010646086,2.7217551690575693e-6,1.818132452930456e-5,Wa > Sp
Fig. 6C: Central carbon metabolism,GC-MS/MS,Aconitic acid-3TMS,Aconitic acid,Sp_LL_rep5,rep5,Sp,LL,0.528777637,0.1272293945,-0.6082168162394098,0.01010070529477813,1.5320794010646086,2.7217551690575693e-6,1.818132452930456e-5,Wa > Sp
Fig. 6C: Central carbon metabolism,GC-MS/MS,Aconitic acid-3TMS,Aconitic acid,Sp_HL_rep1,rep1,Sp,HL,0.43804661,0.1272293945,-0.8229726378084142,0.01010070529477813,1.5320794010646086,2.7217551690575693e-6,1.818132452930456e-5,Wa > Sp
Fig. 6C: Central carbon metabolism,GC-MS/MS,Aconitic acid-3TMS,Aconitic acid,Sp_HL_rep2,rep2,Sp,HL,0.339413668,0.1272293945,-1.0996086474268687,0.01010070529477813,1.5320794010646086,2.7217551690575693e-6,1.818132452930456e-5,Wa > Sp
Fig. 6C: Central carbon metabolism,GC-MS/MS,Aconitic acid-3TMS,Aconitic acid,Sp_HL_rep3,rep3,Sp,HL,0.548085874,0.1272293945,-0.5663669184785178,0.01010070529477813,1.5320794010646086,2.7217551690575693e-6,1.818132452930456e-5,Wa > Sp
Fig. 6C: Central carbon metabolism,GC-MS/MS,Aconitic acid-3TMS,Aconitic acid,Sp_HL_rep4,rep4,Sp,HL,0.476701335,0.1272293945,-0.7275450121216486,0.01010070529477813,1.5320794010646086,2.7217551690575693e-6,1.818132452930456e-5,Wa > Sp
Fig. 6C: Central carbon metabolism,GC-MS/MS,Aconitic acid-3TMS,Aconitic acid,Sp_HL_rep5,rep5,Sp,HL,0.434658372,0.1272293945,-0.831646104803991,0.01010070529477813,1.5320794010646086,2.7217551690575693e-6,1.818132452930456e-5,Wa > Sp
Fig. 6C: Central carbon metabolism,GC-MS/MS,Aconitic acid-3TMS,Aconitic acid,Wa_LL_rep1,rep1,Wa,LL,0.858714472,0.1272293945,-0.02042258401174403,0.01010070529477813,1.5320794010646086,2.7217551690575693e-6,1.818132452930456e-5,Wa > Sp
Fig. 6C: Central carbon metabolism,GC-MS/MS,Aconitic acid-3TMS,Aconitic acid,Wa_LL_rep2,rep2,Wa,LL,0.788914565,0.1272293945,-0.12635377894714214,0.01010070529477813,1.5320794010646086,2.7217551690575693e-6,1.818132452930456e-5,Wa > Sp
Fig. 6C: Central carbon metabolism,GC-MS/MS,Aconitic acid-3TMS,Aconitic acid,Wa_LL_rep3,rep3,Wa,LL,0.673391088,0.1272293945,-0.32080956981494757,0.01010070529477813,1.5320794010646086,2.7217551690575693e-6,1.818132452930456e-5,Wa > Sp
Fig. 6C: Central carbon metabolism,GC-MS/MS,Aconitic acid-3TMS,Aconitic acid,Wa_LL_rep4,rep4,Wa,LL,0.755198774,0.1272293945,-0.18044925012009191,0.01010070529477813,1.5320794010646086,2.7217551690575693e-6,1.818132452930456e-5,Wa > Sp
Fig. 6C: Central carbon metabolism,GC-MS/MS,Aconitic acid-3TMS,Aconitic acid,Wa_LL_rep5,rep5,Wa,LL,0.492954959,0.1272293945,-0.689230965926026,0.01010070529477813,1.5320794010646086,2.7217551690575693e-6,1.818132452930456e-5,Wa > Sp
Fig. 6C: Central carbon metabolism,GC-MS/MS,Aconitic acid-3TMS,Aconitic acid,Wa_HL_rep1,rep1,Wa,HL,2.129609495,0.1272293945,1.1743034315489669,0.01010070529477813,1.5320794010646086,2.7217551690575693e-6,1.818132452930456e-5,Wa > Sp
Fig. 6C: Central carbon metabolism,GC-MS/MS,Aconitic acid-3TMS,Aconitic acid,Wa_HL_rep2,rep2,Wa,HL,2.122751931,0.1272293945,1.1699130273443803,0.01010070529477813,1.5320794010646086,2.7217551690575693e-6,1.818132452930456e-5,Wa > Sp
Fig. 6C: Central carbon metabolism,GC-MS/MS,Aconitic acid-3TMS,Aconitic acid,Wa_HL_rep3,rep3,Wa,HL,2.673614253,0.1272293945,1.4858614495772633,0.01010070529477813,1.5320794010646086,2.7217551690575693e-6,1.818132452930456e-5,Wa > Sp
Fig. 6C: Central carbon metabolism,GC-MS/MS,Aconitic acid-3TMS,Aconitic acid,Wa_HL_rep4,rep4,Wa,HL,2.386618314,0.1272293945,1.3298972524446495,0.01010070529477813,1.5320794010646086,2.7217551690575693e-6,1.818132452930456e-5,Wa > Sp
Fig. 6C: Central carbon metabolism,GC-MS/MS,Aconitic acid-3TMS,Aconitic acid,Wa_HL_rep5,rep5,Wa,HL,2.112238053,0.1272293945,1.1631556955878315,0.01010070529477813,1.5320794010646086,2.7217551690575693e-6,1.818132452930456e-5,Wa > Sp
Fig. 6C: Central carbon metabolism,GC-MS/MS,Malic acid-3TMS,Malic acid,Sp_LL_rep1,rep1,Sp,LL,0.772810791,0.105649316,-0.18695132344035495,0.5940055343095605,1.832855378594619,9.553085458144011e-6,4.6922507985589705e-5,Wa > Sp
Fig. 6C: Central carbon metabolism,GC-MS/MS,Malic acid-3TMS,Malic acid,Sp_LL_rep2,rep2,Sp,LL,0.95197417,0.105649316,0.08082611936323138,0.5940055343095605,1.832855378594619,9.553085458144011e-6,4.6922507985589705e-5,Wa > Sp
Fig. 6C: Central carbon metabolism,GC-MS/MS,Malic acid-3TMS,Malic acid,Sp_LL_rep3,rep3,Sp,LL,0.769605624,0.105649316,-0.1922247955390502,0.5940055343095605,1.832855378594619,9.553085458144011e-6,4.6922507985589705e-5,Wa > Sp
Fig. 6C: Central carbon metabolism,GC-MS/MS,Malic acid-3TMS,Malic acid,Sp_LL_rep4,rep4,Sp,LL,0.967455918,0.105649316,0.10179156083399876,0.5940055343095605,1.832855378594619,9.553085458144011e-6,4.6922507985589705e-5,Wa > Sp
Fig. 6C: Central carbon metabolism,GC-MS/MS,Malic acid-3TMS,Malic acid,Sp_LL_rep5,rep5,Sp,LL,1.142559832,0.105649316,0.31985969021115895,0.5940055343095605,1.832855378594619,9.553085458144011e-6,4.6922507985589705e-5,Wa > Sp
Fig. 6C: Central carbon metabolism,GC-MS/MS,Malic acid-3TMS,Malic acid,Sp_HL_rep1,rep1,Sp,HL,1.492278815,0.105649316,0.676202522545272,0.5940055343095605,1.832855378594619,9.553085458144011e-6,4.6922507985589705e-5,Wa > Sp
Fig. 6C: Central carbon metabolism,GC-MS/MS,Malic acid-3TMS,Malic acid,Sp_HL_rep2,rep2,Sp,HL,1.657700527,0.105649316,0.818318729162223,0.5940055343095605,1.832855378594619,9.553085458144011e-6,4.6922507985589705e-5,Wa > Sp
Fig. 6C: Central carbon metabolism,GC-MS/MS,Malic acid-3TMS,Malic acid,Sp_HL_rep3,rep3,Sp,HL,1.362784592,0.105649316,0.5542783335916686,0.5940055343095605,1.832855378594619,9.553085458144011e-6,4.6922507985589705e-5,Wa > Sp
Fig. 6C: Central carbon metabolism,GC-MS/MS,Malic acid-3TMS,Malic acid,Sp_HL_rep4,rep4,Sp,HL,1.428319708,0.105649316,0.617269350264058,0.5940055343095605,1.832855378594619,9.553085458144011e-6,4.6922507985589705e-5,Wa > Sp
Fig. 6C: Central carbon metabolism,GC-MS/MS,Malic acid-3TMS,Malic acid,Sp_HL_rep5,rep5,Sp,HL,1.23902798,0.105649316,0.42725998741356447,0.5940055343095605,1.832855378594619,9.553085458144011e-6,4.6922507985589705e-5,Wa > Sp
Fig. 6C: Central carbon metabolism,GC-MS/MS,Malic acid-3TMS,Malic acid,Wa_LL_rep1,rep1,Wa,LL,0.365829851,0.105649316,-1.0847340701795758,0.5940055343095605,1.832855378594619,9.553085458144011e-6,4.6922507985589705e-5,Wa > Sp
Fig. 6C: Central carbon metabolism,GC-MS/MS,Malic acid-3TMS,Malic acid,Wa_LL_rep2,rep2,Wa,LL,0.386229613,0.105649316,-1.0236248403512496,0.5940055343095605,1.832855378594619,9.553085458144011e-6,4.6922507985589705e-5,Wa > Sp
Fig. 6C: Central carbon metabolism,GC-MS/MS,Malic acid-3TMS,Malic acid,Wa_LL_rep3,rep3,Wa,LL,0.247722264,0.105649316,-1.5007420794511197,0.5940055343095605,1.832855378594619,9.553085458144011e-6,4.6922507985589705e-5,Wa > Sp
Fig. 6C: Central carbon metabolism,GC-MS/MS,Malic acid-3TMS,Malic acid,Wa_LL_rep4,rep4,Wa,LL,0.315242194,0.105649316,-1.2484796861930254,0.5940055343095605,1.832855378594619,9.553085458144011e-6,4.6922507985589705e-5,Wa > Sp
Fig. 6C: Central carbon metabolism,GC-MS/MS,Malic acid-3TMS,Malic acid,Wa_LL_rep5,rep5,Wa,LL,0.211298632,0.105649316,-1.6576821672303368,0.5940055343095605,1.832855378594619,9.553085458144011e-6,4.6922507985589705e-5,Wa > Sp
Fig. 6C: Central carbon metabolism,GC-MS/MS,Malic acid-3TMS,Malic acid,Wa_HL_rep1,rep1,Wa,HL,1.256159585,0.105649316,0.44552426801763034,0.5940055343095605,1.832855378594619,9.553085458144011e-6,4.6922507985589705e-5,Wa > Sp
Fig. 6C: Central carbon metabolism,GC-MS/MS,Malic acid-3TMS,Malic acid,Wa_HL_rep2,rep2,Wa,HL,1.349246888,0.105649316,0.5409162312669153,0.5940055343095605,1.832855378594619,9.553085458144011e-6,4.6922507985589705e-5,Wa > Sp
Fig. 6C: Central carbon metabolism,GC-MS/MS,Malic acid-3TMS,Malic acid,Wa_HL_rep3,rep3,Wa,HL,1.709744829,0.105649316,0.860282809545507,0.5940055343095605,1.832855378594619,9.553085458144011e-6,4.6922507985589705e-5,Wa > Sp
Fig. 6C: Central carbon metabolism,GC-MS/MS,Malic acid-3TMS,Malic acid,Wa_HL_rep4,rep4,Wa,HL,1.084583223,0.105649316,0.2512434643633658,0.5940055343095605,1.832855378594619,9.553085458144011e-6,4.6922507985589705e-5,Wa > Sp
Fig. 6C: Central carbon metabolism,GC-MS/MS,Malic acid-3TMS,Malic acid,Wa_HL_rep5,rep5,Wa,HL,1.35949957,0.105649316,0.5510472763743669,0.5940055343095605,1.832855378594619,9.553085458144011e-6,4.6922507985589705e-5,Wa > Sp
Fig. 6D: Carbohydrates / sugar metabolism,GC-MS/MS,Glucose-meto-5TMS(2),Glucose,Sp_LL_rep1,rep1,Sp,LL,0.134071173,0.0670355865,-2.3139665212836844,0.6881812925195752,2.4600746986727966,1.334154322768073e-5,6.021723564926167e-5,Wa > Sp
Fig. 6D: Carbohydrates / sugar metabolism,GC-MS/MS,Glucose-meto-5TMS(2),Glucose,Sp_LL_rep2,rep2,Sp,LL,0.248185946,0.0670355865,-1.6655620075234718,0.6881812925195752,2.4600746986727966,1.334154322768073e-5,6.021723564926167e-5,Wa > Sp
Fig. 6D: Carbohydrates / sugar metabolism,GC-MS/MS,Glucose-meto-5TMS(2),Glucose,Sp_LL_rep3,rep3,Sp,LL,0.187880425,0.0670355865,-1.9719061017305617,0.6881812925195752,2.4600746986727966,1.334154322768073e-5,6.021723564926167e-5,Wa > Sp
Fig. 6D: Carbohydrates / sugar metabolism,GC-MS/MS,Glucose-meto-5TMS(2),Glucose,Sp_LL_rep4,rep4,Sp,LL,0.189279331,0.0670355865,-1.9640106491217475,0.6881812925195752,2.4600746986727966,1.334154322768073e-5,6.021723564926167e-5,Wa > Sp
Fig. 6D: Carbohydrates / sugar metabolism,GC-MS/MS,Glucose-meto-5TMS(2),Glucose,Sp_LL_rep5,rep5,Sp,LL,0.264484366,0.0670355865,-1.5928323934588104,0.6881812925195752,2.4600746986727966,1.334154322768073e-5,6.021723564926167e-5,Wa > Sp
Fig. 6D: Carbohydrates / sugar metabolism,GC-MS/MS,Glucose-meto-5TMS(2),Glucose,Sp_HL_rep1,rep1,Sp,HL,0.348700421,0.0670355865,-1.266260387598686,0.6881812925195752,2.4600746986727966,1.334154322768073e-5,6.021723564926167e-5,Wa > Sp
Fig. 6D: Carbohydrates / sugar metabolism,GC-MS/MS,Glucose-meto-5TMS(2),Glucose,Sp_HL_rep2,rep2,Sp,HL,0.410817311,0.0670355865,-1.0653615283748217,0.6881812925195752,2.4600746986727966,1.334154322768073e-5,6.021723564926167e-5,Wa > Sp
Fig. 6D: Carbohydrates / sugar metabolism,GC-MS/MS,Glucose-meto-5TMS(2),Glucose,Sp_HL_rep3,rep3,Sp,HL,0.384406364,0.0670355865,-1.1473876068710926,0.6881812925195752,2.4600746986727966,1.334154322768073e-5,6.021723564926167e-5,Wa > Sp
Fig. 6D: Carbohydrates / sugar metabolism,GC-MS/MS,Glucose-meto-5TMS(2),Glucose,Sp_HL_rep4,rep4,Sp,HL,0.38334746200000003,0.0670355865,-1.1507755665482915,0.6881812925195752,2.4600746986727966,1.334154322768073e-5,6.021723564926167e-5,Wa > Sp
Fig. 6D: Carbohydrates / sugar metabolism,GC-MS/MS,Glucose-meto-5TMS(2),Glucose,Sp_HL_rep5,rep5,Sp,HL,0.302148911,0.0670355865,-1.4375861211275087,0.6881812925195752,2.4600746986727966,1.334154322768073e-5,6.021723564926167e-5,Wa > Sp
Fig. 6D: Carbohydrates / sugar metabolism,GC-MS/MS,Glucose-meto-5TMS(2),Glucose,Wa_LL_rep1,rep1,Wa,LL,0.490614993,0.0670355865,-0.8425666737734648,0.6881812925195752,2.4600746986727966,1.334154322768073e-5,6.021723564926167e-5,Wa > Sp
Fig. 6D: Carbohydrates / sugar metabolism,GC-MS/MS,Glucose-meto-5TMS(2),Glucose,Wa_LL_rep2,rep2,Wa,LL,0.538047242,0.0670355865,-0.7247954515298388,0.6881812925195752,2.4600746986727966,1.334154322768073e-5,6.021723564926167e-5,Wa > Sp
Fig. 6D: Carbohydrates / sugar metabolism,GC-MS/MS,Glucose-meto-5TMS(2),Glucose,Wa_LL_rep3,rep3,Wa,LL,0.203045265,0.0670355865,-1.8885367372518025,0.6881812925195752,2.4600746986727966,1.334154322768073e-5,6.021723564926167e-5,Wa > Sp
Fig. 6D: Carbohydrates / sugar metabolism,GC-MS/MS,Glucose-meto-5TMS(2),Glucose,Wa_LL_rep4,rep4,Wa,LL,0.336080087,0.0670355865,-1.310734217326927,0.6881812925195752,2.4600746986727966,1.334154322768073e-5,6.021723564926167e-5,Wa > Sp
Fig. 6D: Carbohydrates / sugar metabolism,GC-MS/MS,Glucose-meto-5TMS(2),Glucose,Wa_LL_rep5,rep5,Wa,LL,0.202894372,0.0670355865,-1.8893429899580048,0.6881812925195752,2.4600746986727966,1.334154322768073e-5,6.021723564926167e-5,Wa > Sp
Fig. 6D: Carbohydrates / sugar metabolism,GC-MS/MS,Glucose-meto-5TMS(2),Glucose,Wa_HL_rep1,rep1,Wa,HL,2.174375901,0.0670355865,1.1644075290267373,0.6881812925195752,2.4600746986727966,1.334154322768073e-5,6.021723564926167e-5,Wa > Sp
Fig. 6D: Carbohydrates / sugar metabolism,GC-MS/MS,Glucose-meto-5TMS(2),Glucose,Wa_HL_rep2,rep2,Wa,HL,2.068819082,0.0670355865,1.0948134840256991,0.6881812925195752,2.4600746986727966,1.334154322768073e-5,6.021723564926167e-5,Wa > Sp
Fig. 6D: Carbohydrates / sugar metabolism,GC-MS/MS,Glucose-meto-5TMS(2),Glucose,Wa_HL_rep3,rep3,Wa,HL,2.079900646,0.0670355865,1.1022793414425,0.6881812925195752,2.4600746986727966,1.334154322768073e-5,6.021723564926167e-5,Wa > Sp
Fig. 6D: Carbohydrates / sugar metabolism,GC-MS/MS,Glucose-meto-5TMS(2),Glucose,Wa_HL_rep4,rep4,Wa,HL,2.101159545,0.0670355865,1.1164946010548833,0.6881812925195752,2.4600746986727966,1.334154322768073e-5,6.021723564926167e-5,Wa > Sp
Fig. 6D: Carbohydrates / sugar metabolism,GC-MS/MS,Glucose-meto-5TMS(2),Glucose,Wa_HL_rep5,rep5,Wa,HL,2.177477438,0.0670355865,1.1664024679741265,0.6881812925195752,2.4600746986727966,1.334154322768073e-5,6.021723564926167e-5,Wa > Sp
Fig. 6D: Carbohydrates / sugar metabolism,GC-MS/MS,Trehalose-8TMS,Trehalose,Sp_LL_rep1,rep1,Sp,LL,0.178981353,0.0894906765,-1.8971563046417852,0.942411112599236,2.5146444555667724,4.314149526061725e-7,3.92999624285093e-6,Wa > Sp
Fig. 6D: Carbohydrates / sugar metabolism,GC-MS/MS,Trehalose-8TMS,Trehalose,Sp_LL_rep2,rep2,Sp,LL,0.266288816,0.0894906765,-1.4909447403284408,0.942411112599236,2.5146444555667724,4.314149526061725e-7,3.92999624285093e-6,Wa > Sp
Fig. 6D: Carbohydrates / sugar metabolism,GC-MS/MS,Trehalose-8TMS,Trehalose,Sp_LL_rep3,rep3,Sp,LL,0.202498306,0.0894906765,-1.7760141613727785,0.942411112599236,2.5146444555667724,4.314149526061725e-7,3.92999624285093e-6,Wa > Sp
Fig. 6D: Carbohydrates / sugar metabolism,GC-MS/MS,Trehalose-8TMS,Trehalose,Sp_LL_rep4,rep4,Sp,LL,0.250415655,0.0894906765,-1.55679085940208,0.942411112599236,2.5146444555667724,4.314149526061725e-7,3.92999624285093e-6,Wa > Sp
Fig. 6D: Carbohydrates / sugar metabolism,GC-MS/MS,Trehalose-8TMS,Trehalose,Sp_LL_rep5,rep5,Sp,LL,0.280790213,0.0894906765,-1.4333080021292044,0.942411112599236,2.5146444555667724,4.314149526061725e-7,3.92999624285093e-6,Wa > Sp
Fig. 6D: Carbohydrates / sugar metabolism,GC-MS/MS,Trehalose-8TMS,Trehalose,Sp_HL_rep1,rep1,Sp,HL,0.579665915,0.0894906765,-0.5795842347754459,0.942411112599236,2.5146444555667724,4.314149526061725e-7,3.92999624285093e-6,Wa > Sp
Fig. 6D: Carbohydrates / sugar metabolism,GC-MS/MS,Trehalose-8TMS,Trehalose,Sp_HL_rep2,rep2,Sp,HL,0.635447836,0.0894906765,-0.46406946041248703,0.942411112599236,2.5146444555667724,4.314149526061725e-7,3.92999624285093e-6,Wa > Sp
Fig. 6D: Carbohydrates / sugar metabolism,GC-MS/MS,Trehalose-8TMS,Trehalose,Sp_HL_rep3,rep3,Sp,HL,0.51204951,0.0894906765,-0.7332669735664494,0.942411112599236,2.5146444555667724,4.314149526061725e-7,3.92999624285093e-6,Wa > Sp
Fig. 6D: Carbohydrates / sugar metabolism,GC-MS/MS,Trehalose-8TMS,Trehalose,Sp_HL_rep4,rep4,Sp,HL,0.550758494,0.0894906765,-0.6432946162037232,0.942411112599236,2.5146444555667724,4.314149526061725e-7,3.92999624285093e-6,Wa > Sp
Fig. 6D: Carbohydrates / sugar metabolism,GC-MS/MS,Trehalose-8TMS,Trehalose,Sp_HL_rep5,rep5,Sp,HL,0.402961926,0.0894906765,-1.0219432199200038,0.942411112599236,2.5146444555667724,4.314149526061725e-7,3.92999624285093e-6,Wa > Sp
Fig. 6D: Carbohydrates / sugar metabolism,GC-MS/MS,Trehalose-8TMS,Trehalose,Wa_LL_rep1,rep1,Wa,LL,0.46376888,0.0894906765,-0.8539716288500775,0.942411112599236,2.5146444555667724,4.314149526061725e-7,3.92999624285093e-6,Wa > Sp
Fig. 6D: Carbohydrates / sugar metabolism,GC-MS/MS,Trehalose-8TMS,Trehalose,Wa_LL_rep2,rep2,Wa,LL,0.561884322,0.0894906765,-0.6184397485528064,0.942411112599236,2.5146444555667724,4.314149526061725e-7,3.92999624285093e-6,Wa > Sp
Fig. 6D: Carbohydrates / sugar metabolism,GC-MS/MS,Trehalose-8TMS,Trehalose,Wa_LL_rep3,rep3,Wa,LL,0.344243033,0.0894906765,-1.2051185220147125,0.942411112599236,2.5146444555667724,4.314149526061725e-7,3.92999624285093e-6,Wa > Sp
Fig. 6D: Carbohydrates / sugar metabolism,GC-MS/MS,Trehalose-8TMS,Trehalose,Wa_LL_rep4,rep4,Wa,LL,0.434190106,0.0894906765,-0.9332404316709474,0.942411112599236,2.5146444555667724,4.314149526061725e-7,3.92999624285093e-6,Wa > Sp
Fig. 6D: Carbohydrates / sugar metabolism,GC-MS/MS,Trehalose-8TMS,Trehalose,Wa_LL_rep5,rep5,Wa,LL,0.319245192,0.0894906765,-1.290759242680069,0.942411112599236,2.5146444555667724,4.314149526061725e-7,3.92999624285093e-6,Wa > Sp
Fig. 6D: Carbohydrates / sugar metabolism,GC-MS/MS,Trehalose-8TMS,Trehalose,Wa_HL_rep1,rep1,Wa,HL,2.952973906,0.0894906765,1.6052404685432702,0.942411112599236,2.5146444555667724,4.314149526061725e-7,3.92999624285093e-6,Wa > Sp
Fig. 6D: Carbohydrates / sugar metabolism,GC-MS/MS,Trehalose-8TMS,Trehalose,Wa_HL_rep2,rep2,Wa,HL,2.279102172,0.0894906765,1.2440302264664955,0.942411112599236,2.5146444555667724,4.314149526061725e-7,3.92999624285093e-6,Wa > Sp
Fig. 6D: Carbohydrates / sugar metabolism,GC-MS/MS,Trehalose-8TMS,Trehalose,Wa_HL_rep3,rep3,Wa,HL,3.114828442,0.0894906765,1.6800178330623114,0.942411112599236,2.5146444555667724,4.314149526061725e-7,3.92999624285093e-6,Wa > Sp
Fig. 6D: Carbohydrates / sugar metabolism,GC-MS/MS,Trehalose-8TMS,Trehalose,Wa_HL_rep4,rep4,Wa,HL,2.912095193,0.0894906765,1.5857249412380952,0.942411112599236,2.5146444555667724,4.314149526061725e-7,3.92999624285093e-6,Wa > Sp
Fig. 6D: Carbohydrates / sugar metabolism,GC-MS/MS,Trehalose-8TMS,Trehalose,Wa_HL_rep5,rep5,Wa,HL,2.852268679,0.0894906765,1.556679234755078,0.942411112599236,2.5146444555667724,4.314149526061725e-7,3.92999624285093e-6,Wa > Sp
Fig. 6D: Carbohydrates / sugar metabolism,GC-MS/MS,Sucrose-8TMS,Sucrose,Sp_LL_rep1,rep1,Sp,LL,0.832254541,0.184273459,0.02364995439051392,0.47660792470752406,1.053072041173926,1.7392327286669084e-4,5.095646766445153e-4,Wa > Sp
Fig. 6D: Carbohydrates / sugar metabolism,GC-MS/MS,Sucrose-8TMS,Sucrose,Sp_LL_rep2,rep2,Sp,LL,0.961442222,0.184273459,0.19624907157943491,0.47660792470752406,1.053072041173926,1.7392327286669084e-4,5.095646766445153e-4,Wa > Sp
Fig. 6D: Carbohydrates / sugar metabolism,GC-MS/MS,Sucrose-8TMS,Sucrose,Sp_LL_rep3,rep3,Sp,LL,0.927879682,0.184273459,0.15335545762021405,0.47660792470752406,1.053072041173926,1.7392327286669084e-4,5.095646766445153e-4,Wa > Sp
Fig. 6D: Carbohydrates / sugar metabolism,GC-MS/MS,Sucrose-8TMS,Sucrose,Sp_LL_rep4,rep4,Sp,LL,0.87463282,0.184273459,0.08257490585024256,0.47660792470752406,1.053072041173926,1.7392327286669084e-4,5.095646766445153e-4,Wa > Sp
Fig. 6D: Carbohydrates / sugar metabolism,GC-MS/MS,Sucrose-8TMS,Sucrose,Sp_LL_rep5,rep5,Sp,LL,0.898505089,0.184273459,0.1147382102859496,0.47660792470752406,1.053072041173926,1.7392327286669084e-4,5.095646766445153e-4,Wa > Sp
Fig. 6D: Carbohydrates / sugar metabolism,GC-MS/MS,Sucrose-8TMS,Sucrose,Sp_HL_rep1,rep1,Sp,HL,1.369556175,0.184273459,0.6358283315080632,0.47660792470752406,1.053072041173926,1.7392327286669084e-4,5.095646766445153e-4,Wa > Sp
Fig. 6D: Carbohydrates / sugar metabolism,GC-MS/MS,Sucrose-8TMS,Sucrose,Sp_HL_rep2,rep2,Sp,HL,1.449057917,0.184273459,0.7078175196270251,0.47660792470752406,1.053072041173926,1.7392327286669084e-4,5.095646766445153e-4,Wa > Sp
Fig. 6D: Carbohydrates / sugar metabolism,GC-MS/MS,Sucrose-8TMS,Sucrose,Sp_HL_rep3,rep3,Sp,HL,1.27102954,0.184273459,0.5413195583878738,0.47660792470752406,1.053072041173926,1.7392327286669084e-4,5.095646766445153e-4,Wa > Sp
Fig. 6D: Carbohydrates / sugar metabolism,GC-MS/MS,Sucrose-8TMS,Sucrose,Sp_HL_rep4,rep4,Sp,HL,1.297413602,0.184273459,0.5672407761073893,0.47660792470752406,1.053072041173926,1.7392327286669084e-4,5.095646766445153e-4,Wa > Sp
Fig. 6D: Carbohydrates / sugar metabolism,GC-MS/MS,Sucrose-8TMS,Sucrose,Sp_HL_rep5,rep5,Sp,HL,1.231314149,0.184273459,0.5014010376336238,0.47660792470752406,1.053072041173926,1.7392327286669084e-4,5.095646766445153e-4,Wa > Sp
Fig. 6D: Carbohydrates / sugar metabolism,GC-MS/MS,Sucrose-8TMS,Sucrose,Wa_LL_rep1,rep1,Wa,LL,0.534288414,0.184273459,-0.4768157071302266,0.47660792470752406,1.053072041173926,1.7392327286669084e-4,5.095646766445153e-4,Wa > Sp
Fig. 6D: Carbohydrates / sugar metabolism,GC-MS/MS,Sucrose-8TMS,Sucrose,Wa_LL_rep2,rep2,Wa,LL,0.608072162,0.184273459,-0.3357982240058411,0.47660792470752406,1.053072041173926,1.7392327286669084e-4,5.095646766445153e-4,Wa > Sp
Fig. 6D: Carbohydrates / sugar metabolism,GC-MS/MS,Sucrose-8TMS,Sucrose,Wa_LL_rep3,rep3,Wa,LL,0.381840066,0.184273459,-0.8208367034353368,0.47660792470752406,1.053072041173926,1.7392327286669084e-4,5.095646766445153e-4,Wa > Sp
Fig. 6D: Carbohydrates / sugar metabolism,GC-MS/MS,Sucrose-8TMS,Sucrose,Wa_LL_rep4,rep4,Wa,LL,0.546221704,0.184273459,-0.4530533746840729,0.47660792470752406,1.053072041173926,1.7392327286669084e-4,5.095646766445153e-4,Wa > Sp
Fig. 6D: Carbohydrates / sugar metabolism,GC-MS/MS,Sucrose-8TMS,Sucrose,Wa_LL_rep5,rep5,Wa,LL,0.368546918,0.184273459,-0.8551173003351434,0.47660792470752406,1.053072041173926,1.7392327286669084e-4,5.095646766445153e-4,Wa > Sp
Fig. 6D: Carbohydrates / sugar metabolism,GC-MS/MS,Sucrose-8TMS,Sucrose,Wa_HL_rep1,rep1,Wa,HL,1.147477549,0.184273459,0.41332437287281937,0.47660792470752406,1.053072041173926,1.7392327286669084e-4,5.095646766445153e-4,Wa > Sp
Fig. 6D: Carbohydrates / sugar metabolism,GC-MS/MS,Sucrose-8TMS,Sucrose,Wa_HL_rep2,rep2,Wa,HL,1.182944978,0.184273459,0.4512437570631469,0.47660792470752406,1.053072041173926,1.7392327286669084e-4,5.095646766445153e-4,Wa > Sp
Fig. 6D: Carbohydrates / sugar metabolism,GC-MS/MS,Sucrose-8TMS,Sucrose,Wa_HL_rep3,rep3,Wa,HL,1.31022188,0.184273459,0.5796583975766822,0.47660792470752406,1.053072041173926,1.7392327286669084e-4,5.095646766445153e-4,Wa > Sp
Fig. 6D: Carbohydrates / sugar metabolism,GC-MS/MS,Sucrose-8TMS,Sucrose,Wa_HL_rep4,rep4,Wa,HL,1.161902458,0.184273459,0.4288669522959024,0.47660792470752406,1.053072041173926,1.7392327286669084e-4,5.095646766445153e-4,Wa > Sp
Fig. 6D: Carbohydrates / sugar metabolism,GC-MS/MS,Sucrose-8TMS,Sucrose,Wa_HL_rep5,rep5,Wa,HL,1.182378058,0.184273459,0.4506454164704587,0.47660792470752406,1.053072041173926,1.7392327286669084e-4,5.095646766445153e-4,Wa > Sp
Fig. 6E: Energy / redox,CE-TOF MS,T-049+_ATP[M-2H],ATP,Sp_LL_rep1,rep1,Sp,LL,7.29593e-4,2.137235e-4,-10.049970476760578,0.43133592032020296,2.407497046334191,9.251404415050157e-8,8.874495346288853e-7,Wa > Sp
Fig. 6E: Energy / redox,CE-TOF MS,T-049+_ATP[M-2H],ATP,Sp_LL_rep2,rep2,Sp,LL,7.6149e-4,2.137235e-4,-10.001994282048829,0.43133592032020296,2.407497046334191,9.251404415050157e-8,8.874495346288853e-7,Wa > Sp
Fig. 6E: Energy / redox,CE-TOF MS,T-049+_ATP[M-2H],ATP,Sp_LL_rep3,rep3,Sp,LL,4.27447e-4,2.137235e-4,-10.607004330355748,0.43133592032020296,2.407497046334191,9.251404415050157e-8,8.874495346288853e-7,Wa > Sp
Fig. 6E: Energy / redox,CE-TOF MS,T-049+_ATP[M-2H],ATP,Sp_LL_rep4,rep4,Sp,LL,8.7851e-4,2.137235e-4,-9.83850297301864,0.43133592032020296,2.407497046334191,9.251404415050157e-8,8.874495346288853e-7,Wa > Sp
Fig. 6E: Energy / redox,CE-TOF MS,T-049+_ATP[M-2H],ATP,Sp_LL_rep5,rep5,Sp,LL,7.51995e-4,2.137235e-4,-10.016109664441396,0.43133592032020296,2.407497046334191,9.251404415050157e-8,8.874495346288853e-7,Wa > Sp
Fig. 6E: Energy / redox,CE-TOF MS,T-049+_ATP[M-2H],ATP,Sp_HL_rep1,rep1,Sp,HL,0.001292913,2.137235e-4,-9.374452898850812,0.43133592032020296,2.407497046334191,9.251404415050157e-8,8.874495346288853e-7,Wa > Sp
Fig. 6E: Energy / redox,CE-TOF MS,T-049+_ATP[M-2H],ATP,Sp_HL_rep2,rep2,Sp,HL,0.001098555,2.137235e-4,-9.573710354393125,0.43133592032020296,2.407497046334191,9.251404415050157e-8,8.874495346288853e-7,Wa > Sp
Fig. 6E: Energy / redox,CE-TOF MS,T-049+_ATP[M-2H],ATP,Sp_HL_rep3,rep3,Sp,HL,0.001106965,2.137235e-4,-9.564494054639924,0.43133592032020296,2.407497046334191,9.251404415050157e-8,8.874495346288853e-7,Wa > Sp
Fig. 6E: Energy / redox,CE-TOF MS,T-049+_ATP[M-2H],ATP,Sp_HL_rep4,rep4,Sp,HL,8.16243e-4,2.137235e-4,-9.92318687062237,0.43133592032020296,2.407497046334191,9.251404415050157e-8,8.874495346288853e-7,Wa > Sp
Fig. 6E: Energy / redox,CE-TOF MS,T-049+_ATP[M-2H],ATP,Sp_HL_rep5,rep5,Sp,HL,8.17764e-4,2.137235e-4,-9.921057946517942,0.43133592032020296,2.407497046334191,9.251404415050157e-8,8.874495346288853e-7,Wa > Sp
Fig. 6E: Energy / redox,CE-TOF MS,T-049+_ATP[M-2H],ATP,Wa_LL_rep1,rep1,Wa,LL,0,2.137235e-4,-12.191966831076904,0.43133592032020296,2.407497046334191,9.251404415050157e-8,8.874495346288853e-7,Wa > Sp
Fig. 6E: Energy / redox,CE-TOF MS,T-049+_ATP[M-2H],ATP,Wa_LL_rep2,rep2,Wa,LL,0,2.137235e-4,-12.191966831076904,0.43133592032020296,2.407497046334191,9.251404415050157e-8,8.874495346288853e-7,Wa > Sp
Fig. 6E: Energy / redox,CE-TOF MS,T-049+_ATP[M-2H],ATP,Wa_LL_rep3,rep3,Wa,LL,0,2.137235e-4,-12.191966831076904,0.43133592032020296,2.407497046334191,9.251404415050157e-8,8.874495346288853e-7,Wa > Sp
Fig. 6E: Energy / redox,CE-TOF MS,T-049+_ATP[M-2H],ATP,Wa_LL_rep4,rep4,Wa,LL,0,2.137235e-4,-12.191966831076904,0.43133592032020296,2.407497046334191,9.251404415050157e-8,8.874495346288853e-7,Wa > Sp
Fig. 6E: Energy / redox,CE-TOF MS,T-049+_ATP[M-2H],ATP,Wa_LL_rep5,rep5,Wa,LL,0,2.137235e-4,-12.191966831076904,0.43133592032020296,2.407497046334191,9.251404415050157e-8,8.874495346288853e-7,Wa > Sp
Fig. 6E: Energy / redox,CE-TOF MS,T-049+_ATP[M-2H],ATP,Wa_HL_rep1,rep1,Wa,HL,8.17257e-4,2.137235e-4,-9.921767238880744,0.43133592032020296,2.407497046334191,9.251404415050157e-8,8.874495346288853e-7,Wa > Sp
Fig. 6E: Energy / redox,CE-TOF MS,T-049+_ATP[M-2H],ATP,Wa_HL_rep2,rep2,Wa,HL,9.40432e-4,2.137235e-4,-9.75894667249367,0.43133592032020296,2.407497046334191,9.251404415050157e-8,8.874495346288853e-7,Wa > Sp
Fig. 6E: Energy / redox,CE-TOF MS,T-049+_ATP[M-2H],ATP,Wa_HL_rep3,rep3,Wa,HL,0.001306346,2.137235e-4,-9.361646997168808,0.43133592032020296,2.407497046334191,9.251404415050157e-8,8.874495346288853e-7,Wa > Sp
Fig. 6E: Energy / redox,CE-TOF MS,T-049+_ATP[M-2H],ATP,Wa_HL_rep4,rep4,Wa,HL,9.80337e-4,2.137235e-4,-9.709908348529442,0.43133592032020296,2.407497046334191,9.251404415050157e-8,8.874495346288853e-7,Wa > Sp
Fig. 6E: Energy / redox,CE-TOF MS,T-049+_ATP[M-2H],ATP,Wa_HL_rep5,rep5,Wa,HL,6.54239e-4,2.137235e-4,-10.170079666640898,0.43133592032020296,2.407497046334191,9.251404415050157e-8,8.874495346288853e-7,Wa > Sp
Fig. 6E: Energy / redox,CE-TOF MS,T-048+_ADP[M-2H],ADP,Sp_LL_rep1,rep1,Sp,LL,0.002037367,7.17409e-4,-8.503849271429196,0.14449298683753042,1.2504013287420097,5.179302994606942e-7,4.064968107888479e-6,Wa > Sp
Fig. 6E: Energy / redox,CE-TOF MS,T-048+_ADP[M-2H],ADP,Sp_LL_rep2,rep2,Sp,LL,0.002695517,7.17409e-4,-8.194775150796774,0.14449298683753042,1.2504013287420097,5.179302994606942e-7,4.064968107888479e-6,Wa > Sp
Fig. 6E: Energy / redox,CE-TOF MS,T-048+_ADP[M-2H],ADP,Sp_LL_rep3,rep3,Sp,LL,0.001729145,7.17409e-4,-8.675033158575197,0.14449298683753042,1.2504013287420097,5.179302994606942e-7,4.064968107888479e-6,Wa > Sp
Fig. 6E: Energy / redox,CE-TOF MS,T-048+_ADP[M-2H],ADP,Sp_LL_rep4,rep4,Sp,LL,0.002884441,7.17409e-4,-8.117046183585076,0.14449298683753042,1.2504013287420097,5.179302994606942e-7,4.064968107888479e-6,Wa > Sp
Fig. 6E: Energy / redox,CE-TOF MS,T-048+_ADP[M-2H],ADP,Sp_LL_rep5,rep5,Sp,LL,0.002395253,7.17409e-4,-8.327635359765843,0.14449298683753042,1.2504013287420097,5.179302994606942e-7,4.064968107888479e-6,Wa > Sp
Fig. 6E: Energy / redox,CE-TOF MS,T-048+_ADP[M-2H],ADP,Sp_HL_rep1,rep1,Sp,HL,0.002521788,7.17409e-4,-8.270148072694354,0.14449298683753042,1.2504013287420097,5.179302994606942e-7,4.064968107888479e-6,Wa > Sp
Fig. 6E: Energy / redox,CE-TOF MS,T-048+_ADP[M-2H],ADP,Sp_HL_rep2,rep2,Sp,HL,0.002235254,7.17409e-4,-8.403767579721913,0.14449298683753042,1.2504013287420097,5.179302994606942e-7,4.064968107888479e-6,Wa > Sp
Fig. 6E: Energy / redox,CE-TOF MS,T-048+_ADP[M-2H],ADP,Sp_HL_rep3,rep3,Sp,HL,0.003041269,7.17409e-4,-8.05555895739,0.14449298683753042,1.2504013287420097,5.179302994606942e-7,4.064968107888479e-6,Wa > Sp
Fig. 6E: Energy / redox,CE-TOF MS,T-048+_ADP[M-2H],ADP,Sp_HL_rep4,rep4,Sp,HL,0.002923676,7.17409e-4,-8.101415864218277,0.14449298683753042,1.2504013287420097,5.179302994606942e-7,4.064968107888479e-6,Wa > Sp
Fig. 6E: Energy / redox,CE-TOF MS,T-048+_ADP[M-2H],ADP,Sp_HL_rep5,rep5,Sp,HL,0.002533404,7.17409e-4,-8.264983715939888,0.14449298683753042,1.2504013287420097,5.179302994606942e-7,4.064968107888479e-6,Wa > Sp
Fig. 6E: Energy / redox,CE-TOF MS,T-048+_ADP[M-2H],ADP,Wa_LL_rep1,rep1,Wa,LL,0.001885772,7.17409e-4,-8.58550865838912,0.14449298683753042,1.2504013287420097,5.179302994606942e-7,4.064968107888479e-6,Wa > Sp
Fig. 6E: Energy / redox,CE-TOF MS,T-048+_ADP[M-2H],ADP,Wa_LL_rep2,rep2,Wa,LL,0.001434818,7.17409e-4,-8.859954034600708,0.14449298683753042,1.2504013287420097,5.179302994606942e-7,4.064968107888479e-6,Wa > Sp
Fig. 6E: Energy / redox,CE-TOF MS,T-048+_ADP[M-2H],ADP,Wa_LL_rep3,rep3,Wa,LL,0.001727937,7.17409e-4,-8.675745673403716,0.14449298683753042,1.2504013287420097,5.179302994606942e-7,4.064968107888479e-6,Wa > Sp
Fig. 6E: Energy / redox,CE-TOF MS,T-048+_ADP[M-2H],ADP,Wa_LL_rep4,rep4,Wa,LL,0.001615352,7.17409e-4,-8.74374577921627,0.14449298683753042,1.2504013287420097,5.179302994606942e-7,4.064968107888479e-6,Wa > Sp
Fig. 6E: Energy / redox,CE-TOF MS,T-048+_ADP[M-2H],ADP,Wa_LL_rep5,rep5,Wa,LL,0.001483814,7.17409e-4,-8.827478976462503,0.14449298683753042,1.2504013287420097,5.179302994606942e-7,4.064968107888479e-6,Wa > Sp
Fig. 6E: Energy / redox,CE-TOF MS,T-048+_ADP[M-2H],ADP,Wa_HL_rep1,rep1,Wa,HL,0.004670016,7.17409e-4,-7.536188404521831,0.14449298683753042,1.2504013287420097,5.179302994606942e-7,4.064968107888479e-6,Wa > Sp
Fig. 6E: Energy / redox,CE-TOF MS,T-048+_ADP[M-2H],ADP,Wa_HL_rep2,rep2,Wa,HL,0.004396845,7.17409e-4,-7.611260470691739,0.14449298683753042,1.2504013287420097,5.179302994606942e-7,4.064968107888479e-6,Wa > Sp
Fig. 6E: Energy / redox,CE-TOF MS,T-048+_ADP[M-2H],ADP,Wa_HL_rep3,rep3,Wa,HL,0.005481818,7.17409e-4,-7.333695951871078,0.14449298683753042,1.2504013287420097,5.179302994606942e-7,4.064968107888479e-6,Wa > Sp
Fig. 6E: Energy / redox,CE-TOF MS,T-048+_ADP[M-2H],ADP,Wa_HL_rep4,rep4,Wa,HL,0.004902831,7.17409e-4,-7.475152545778723,0.14449298683753042,1.2504013287420097,5.179302994606942e-7,4.064968107888479e-6,Wa > Sp
Fig. 6E: Energy / redox,CE-TOF MS,T-048+_ADP[M-2H],ADP,Wa_HL_rep5,rep5,Wa,HL,0.00486797,7.17409e-4,-7.484129105498895,0.14449298683753042,1.2504013287420097,5.179302994606942e-7,4.064968107888479e-6,Wa > Sp
Fig. 6E: Energy / redox,CE-TOF MS,T-060_NAD,NAD,Sp_LL_rep1,rep1,Sp,LL,0.001996497,7.360005e-4,-8.515564108706078,-0.1014604418806666,0.32466782362452484,0.00367237571147025,0.01093270470426202,Wa > Sp
Fig. 6E: Energy / redox,CE-TOF MS,T-060_NAD,NAD,Sp_LL_rep2,rep2,Sp,LL,0.001621085,7.360005e-4,-8.72878019336769,-0.1014604418806666,0.32466782362452484,0.00367237571147025,0.01093270470426202,Wa > Sp
Fig. 6E: Energy / redox,CE-TOF MS,T-060_NAD,NAD,Sp_LL_rep3,rep3,Sp,LL,0.001636149,7.360005e-4,-8.71958934892995,-0.1014604418806666,0.32466782362452484,0.00367237571147025,0.01093270470426202,Wa > Sp
Fig. 6E: Energy / redox,CE-TOF MS,T-060_NAD,NAD,Sp_LL_rep4,rep4,Sp,LL,0.001821569,7.360005e-4,-8.611010840021693,-0.1014604418806666,0.32466782362452484,0.00367237571147025,0.01093270470426202,Wa > Sp
Fig. 6E: Energy / redox,CE-TOF MS,T-060_NAD,NAD,Sp_LL_rep5,rep5,Sp,LL,0.002292437,7.360005e-4,-8.367210646879101,-0.1014604418806666,0.32466782362452484,0.00367237571147025,0.01093270470426202,Wa > Sp
Fig. 6E: Energy / redox,CE-TOF MS,T-060_NAD,NAD,Sp_HL_rep1,rep1,Sp,HL,0.001764067,7.360005e-4,-8.643817237534474,-0.1014604418806666,0.32466782362452484,0.00367237571147025,0.01093270470426202,Wa > Sp
Fig. 6E: Energy / redox,CE-TOF MS,T-060_NAD,NAD,Sp_HL_rep2,rep2,Sp,HL,0.001485887,7.360005e-4,-8.813998513525068,-0.1014604418806666,0.32466782362452484,0.00367237571147025,0.01093270470426202,Wa > Sp
Fig. 6E: Energy / redox,CE-TOF MS,T-060_NAD,NAD,Sp_HL_rep3,rep3,Sp,HL,0.001791717,7.360005e-4,-8.627949049043794,-0.1014604418806666,0.32466782362452484,0.00367237571147025,0.01093270470426202,Wa > Sp
Fig. 6E: Energy / redox,CE-TOF MS,T-060_NAD,NAD,Sp_HL_rep4,rep4,Sp,HL,0.001676723,7.360005e-4,-8.695121693615407,-0.1014604418806666,0.32466782362452484,0.00367237571147025,0.01093270470426202,Wa > Sp
Fig. 6E: Energy / redox,CE-TOF MS,T-060_NAD,NAD,Sp_HL_rep5,rep5,Sp,HL,0.001721537,7.360005e-4,-8.668570853589106,-0.1014604418806666,0.32466782362452484,0.00367237571147025,0.01093270470426202,Wa > Sp
Fig. 6E: Energy / redox,CE-TOF MS,T-060_NAD,NAD,Wa_LL_rep1,rep1,Wa,LL,0.001677601,7.360005e-4,-8.694596786461465,-0.1014604418806666,0.32466782362452484,0.00367237571147025,0.01093270470426202,Wa > Sp
Fig. 6E: Energy / redox,CE-TOF MS,T-060_NAD,NAD,Wa_LL_rep2,rep2,Wa,LL,0.001513687,7.360005e-4,-8.79605967144718,-0.1014604418806666,0.32466782362452484,0.00367237571147025,0.01093270470426202,Wa > Sp
Fig. 6E: Energy / redox,CE-TOF MS,T-060_NAD,NAD,Wa_LL_rep3,rep3,Wa,LL,0.001807988,7.360005e-4,-8.618692135671292,-0.1014604418806666,0.32466782362452484,0.00367237571147025,0.01093270470426202,Wa > Sp
Fig. 6E: Energy / redox,CE-TOF MS,T-060_NAD,NAD,Wa_LL_rep4,rep4,Wa,LL,0.001509922,7.360005e-4,-8.798476139111791,-0.1014604418806666,0.32466782362452484,0.00367237571147025,0.01093270470426202,Wa > Sp
Fig. 6E: Energy / redox,CE-TOF MS,T-060_NAD,NAD,Wa_LL_rep5,rep5,Wa,LL,0.001472001,7.360005e-4,-8.823043132454599,-0.1014604418806666,0.32466782362452484,0.00367237571147025,0.01093270470426202,Wa > Sp
Fig. 6E: Energy / redox,CE-TOF MS,T-060_NAD,NAD,Wa_HL_rep1,rep1,Wa,HL,0.002021827,7.360005e-4,-8.50225206445905,-0.1014604418806666,0.32466782362452484,0.00367237571147025,0.01093270470426202,Wa > Sp
Fig. 6E: Energy / redox,CE-TOF MS,T-060_NAD,NAD,Wa_HL_rep2,rep2,Wa,HL,0.001706875,7.360005e-4,-8.67720394545705,-0.1014604418806666,0.32466782362452484,0.00367237571147025,0.01093270470426202,Wa > Sp
Fig. 6E: Energy / redox,CE-TOF MS,T-060_NAD,NAD,Wa_HL_rep3,rep3,Wa,HL,0.002685058,7.360005e-4,-8.191341510302463,-0.1014604418806666,0.32466782362452484,0.00367237571147025,0.01093270470426202,Wa > Sp
Fig. 6E: Energy / redox,CE-TOF MS,T-060_NAD,NAD,Wa_HL_rep4,rep4,Wa,HL,0.002603222,7.360005e-4,-8.226272058002031,-0.1014604418806666,0.32466782362452484,0.00367237571147025,0.01093270470426202,Wa > Sp
Fig. 6E: Energy / redox,CE-TOF MS,T-060_NAD,NAD,Wa_HL_rep5,rep5,Wa,HL,0.002006183,7.360005e-4,-8.51045916880311,-0.1014604418806666,0.32466782362452484,0.00367237571147025,0.01093270470426202,Wa > Sp
