Platform,sample,PC1,PC2,PC1_percent_variance,PC2_percent_variance
LC-MS/MS,Sp_HL_rep1,-28.39595877264078,-15.242278412550036,65.044,14.001
LC-MS/MS,Sp_HL_rep2,-28.231867680137686,-13.54445200317772,65.044,14.001
LC-MS/MS,Sp_HL_rep3,-29.514049365619876,-14.249368382656336,65.044,14.001
LC-MS/MS,Sp_HL_rep4,-26.968291238432865,-16.52470007616338,65.044,14.001
LC-MS/MS,Sp_HL_rep5,-30.480208859304074,-8.399733952502599,65.044,14.001
LC-MS/MS,Sp_LL_rep1,-29.017155004558862,9.486678012969774,65.044,14.001
LC-MS/MS,Sp_LL_rep2,-26.556779631471358,5.0294215799392985,65.044,14.001
LC-MS/MS,Sp_LL_rep3,-28.976842795155996,5.910186226921837,65.044,14.001
LC-MS/MS,Sp_LL_rep4,-26.55220514023928,26.913899539346815,65.044,14.001
LC-MS/MS,Sp_LL_rep5,-28.594364517786563,20.055262513611375,65.044,14.001
LC-MS/MS,Wa_HL_rep1,24.94800573395599,-11.073284284116756,65.044,14.001
LC-MS/MS,Wa_HL_rep2,28.702485875836523,-10.903238858998412,65.044,14.001
LC-MS/MS,Wa_HL_rep3,31.161182205825238,-12.009679679476088,65.044,14.001
LC-MS/MS,Wa_HL_rep4,30.84906156386674,-10.33794327943588,65.044,14.001
LC-MS/MS,Wa_HL_rep5,30.234797465957804,-10.1074986623403,65.044,14.001
LC-MS/MS,Wa_LL_rep1,29.508382087396956,11.447041161580936,65.044,14.001
LC-MS/MS,Wa_LL_rep2,26.154243941194785,8.185142898250886,65.044,14.001
LC-MS/MS,Wa_LL_rep3,24.637097717675797,10.32249107322756,65.044,14.001
LC-MS/MS,Wa_LL_rep4,28.94610146889698,9.626892555312324,65.044,14.001
LC-MS/MS,Wa_LL_rep5,28.146364944740625,15.415162030256731,65.044,14.001
GC-MS/MS,Sp_HL_rep1,-3.4260097101983886,8.398168536003052,37.062,25.192999999999998
GC-MS/MS,Sp_HL_rep2,-1.3638536783859487,7.229349226614284,37.062,25.192999999999998
GC-MS/MS,Sp_HL_rep3,-3.0545866617338007,8.362731105959824,37.062,25.192999999999998
GC-MS/MS,Sp_HL_rep4,-1.8221517022899543,7.673170549148596,37.062,25.192999999999998
GC-MS/MS,Sp_HL_rep5,-4.687113790948772,6.5658537455572805,37.062,25.192999999999998
GC-MS/MS,Sp_LL_rep1,-7.410861515777232,1.839951964520249,37.062,25.192999999999998
GC-MS/MS,Sp_LL_rep2,-4.970141789798973,3.1520485455883547,37.062,25.192999999999998
GC-MS/MS,Sp_LL_rep3,-5.832921342930132,2.8232379404625596,37.062,25.192999999999998
GC-MS/MS,Sp_LL_rep4,-5.664664666987812,1.6109952091555526,37.062,25.192999999999998
GC-MS/MS,Sp_LL_rep5,-3.690821633329381,3.855224219378454,37.062,25.192999999999998
GC-MS/MS,Wa_HL_rep1,12.8327033991489,-1.2860864116801576,37.062,25.192999999999998
GC-MS/MS,Wa_HL_rep2,12.14787299925832,-1.3622067628822176,37.062,25.192999999999998
GC-MS/MS,Wa_HL_rep3,13.81636954626095,1.3885377971769903,37.062,25.192999999999998
GC-MS/MS,Wa_HL_rep4,11.809567229184466,-2.0572493018302067,37.062,25.192999999999998
GC-MS/MS,Wa_HL_rep5,14.435883334520268,-0.48528746306151016,37.062,25.192999999999998
GC-MS/MS,Wa_LL_rep1,-3.831001935589789,-9.341537246749951,37.062,25.192999999999998
GC-MS/MS,Wa_LL_rep2,-2.234045817694153,-8.891611856494208,37.062,25.192999999999998
GC-MS/MS,Wa_LL_rep3,-5.654499556742812,-10.0699212484804,37.062,25.192999999999998
GC-MS/MS,Wa_LL_rep4,-5.075430531179797,-9.682231539616483,37.062,25.192999999999998
GC-MS/MS,Wa_LL_rep5,-6.324292174785956,-9.72313700877007,37.062,25.192999999999998
CE-TOF MS,Sp_HL_rep1,-13.604096259076318,2.1631586140728225,48.596000000000004,18.501
CE-TOF MS,Sp_HL_rep2,-11.75228634167981,5.167661502529859,48.596000000000004,18.501
CE-TOF MS,Sp_HL_rep3,-14.129052642698603,2.00494907190257,48.596000000000004,18.501
CE-TOF MS,Sp_HL_rep4,-13.354869428299661,4.9528620843800475,48.596000000000004,18.501
CE-TOF MS,Sp_HL_rep5,-17.275896167758756,1.9462580089014414,48.596000000000004,18.501
CE-TOF MS,Sp_LL_rep1,-7.963652455012547,-6.7139945184885095,48.596000000000004,18.501
CE-TOF MS,Sp_LL_rep2,-8.917616577661997,-4.9596447325981785,48.596000000000004,18.501
CE-TOF MS,Sp_LL_rep3,-4.838686929287324,-4.8700989172756985,48.596000000000004,18.501
CE-TOF MS,Sp_LL_rep4,-7.534314722531179,-4.88164055200756,48.596000000000004,18.501
CE-TOF MS,Sp_LL_rep5,-6.241241996757613,-4.2467636428413105,48.596000000000004,18.501
CE-TOF MS,Wa_HL_rep1,9.033943116934038,8.105089023777197,48.596000000000004,18.501
CE-TOF MS,Wa_HL_rep2,9.991710624537493,10.51845683803157,48.596000000000004,18.501
CE-TOF MS,Wa_HL_rep3,8.839302395387595,9.704763206840859,48.596000000000004,18.501
CE-TOF MS,Wa_HL_rep4,10.724825970186515,7.75816505627735,48.596000000000004,18.501
CE-TOF MS,Wa_HL_rep5,10.027333471872971,10.190466573180963,48.596000000000004,18.501
CE-TOF MS,Wa_LL_rep1,12.020726839946786,-5.878914487848409,48.596000000000004,18.501
CE-TOF MS,Wa_LL_rep2,11.261731827913458,-8.021323058093328,48.596000000000004,18.501
CE-TOF MS,Wa_LL_rep3,11.939077754252205,-7.725590727943531,48.596000000000004,18.501
CE-TOF MS,Wa_LL_rep4,12.237328279535154,-6.464810845592856,48.596000000000004,18.501
CE-TOF MS,Wa_LL_rep5,9.535733240197557,-8.749048497205287,48.596000000000004,18.501
