panel_assignment,MS,Metabolite,MetLabel,Category,SubCategory,Sp_HL_response,Wa_HL_response,diff_Wa_minus_Sp,p_interaction,FDR,sig_class,p_HL_gt_LL_Sp,FDR_HL_gt_LL_Sp,p_HL_gt_LL_Wa,FDR_HL_gt_LL_Wa,hl_response_class,plot_class
Fig. 6A: Flavonoids,LC-MS/MS,"5,7,3',4'-Tetrahydroxy-6,8-diprenylisoflavone","5,7,3',4'-Tetrahydroxy-6,8-diprenylisoflavone",Aromatic / Phenylpropanoid,Flavonols / Flavones,-0.21914968381306463,-0.63810662370771,-0.41895693989464533,0.01967733342014116,0.05247288912037643,Not significant,0.9028889570116234,0.9999998438999698,0.9999883374865095,0.9999999981944268,Not significant / other,Not significant / other
Fig. 6A: Flavonoids,LC-MS/MS,"6,7,4'-Trihydroxyflavanone;","6,7,4'-Trihydroxyflavanone",Aromatic / Phenylpropanoid,Other flavonoids,-0.3602298915648632,1.044249034141462,1.4044789257063253,5.279034064843073e-10,2.0860183092592032e-8,Wa > Sp,0.9998524277249695,0.9999998438999698,2.714049542442732e-6,6.939452163422202e-5,Wa-specific significant HL-up,Wa > Sp
Fig. 6A: Flavonoids,LC-MS/MS,6-Hydroxykaempferol 7-(6''-(E)-caffeylglucoside),6-Hydroxykaempferol 7-(6''-(E)-caffeylglucoside),Aromatic / Phenylpropanoid,Flavonols / Flavones,0.5397481396869779,2.03187849520803,1.492130355521052,1.7449954356611418e-8,4.2933472605700546e-7,Wa > Sp,1.1519948477546407e-5,3.493491352260585e-4,1.8415530119077557e-7,1.0005771364698806e-5,Shared significant HL-up,Wa > Sp
Fig. 6A: Flavonoids,LC-MS/MS,6-Hydroxyluteolin 7-glucoside;,6-Hydroxyluteolin 7-glucoside,Aromatic / Phenylpropanoid,Flavonols / Flavones,1.185569000526538,1.82832095474442,0.6427519542178819,0.0038094417406506,0.01357243723991364,Wa > Sp,5.0278964111891515e-8,1.0927294866984424e-5,6.039525908137514e-5,7.159583440192108e-4,Shared significant HL-up,Wa > Sp
Fig. 6A: Flavonoids,LC-MS/MS,"6-Methoxykaempferol 3,7-bis(3-acetylrhamnoside)","6-Methoxykaempferol 3,7-bis(3-acetylrhamnoside)",Aromatic / Phenylpropanoid,Flavonols / Flavones,1.1316651058823697,0.15959175855724084,-0.9720733473251288,0.22781379133412227,0.3649498573706332,Not significant,0.09604672388910228,0.3473903691521233,0.28481430968513466,0.9999999981944268,Not significant / other,Not significant / other
Fig. 6A: Flavonoids,LC-MS/MS,Acacetin 7-(4'''-acetylrutinoside),Acacetin 7-(4'''-acetylrutinoside),Aromatic / Phenylpropanoid,Flavonols / Flavones,-0.10859838267476007,-0.15550310862081673,-0.04690472594605666,0.8184790896092423,0.8719744549431797,Not significant,0.6999766029584744,0.9999998438999698,0.9990609790632563,0.9999999981944268,Not significant / other,Not significant / other
Fig. 6A: Flavonoids,LC-MS/MS,Apigenin,Apigenin,Aromatic / Phenylpropanoid,Flavonols / Flavones,-1.5822071738525487,-1.2476795784229608,0.3345275954295879,0.5814776935255941,0.6886892936942549,Not significant,0.997724913688746,0.9999998438999698,0.9865872546657517,0.9999999981944268,Not significant / other,Not significant / other
Fig. 6A: Flavonoids,LC-MS/MS,"Apigenin 7,4'-diglucuronide","Apigenin 7,4'-diglucuronide",Aromatic / Phenylpropanoid,Flavonols / Flavones,0.7040283133188225,0.3422172616930155,-0.36181105162580707,0.05985163052390528,0.1283659970446916,Not significant,6.65506773406196e-5,0.001090322674600018,0.0376525134327974,0.18286745018339284,Sp-specific significant HL-up,Not significant / other
Fig. 6A: Flavonoids,LC-MS/MS,Apigenin 7-(6''-malonylneohesperidoside),Apigenin 7-(6''-malonylneohesperidoside),Aromatic / Phenylpropanoid,Flavonols / Flavones,4.350150323951041,0.2419905572246428,-4.1081597667263985,2.649475063015184e-16,3.4549154821717997e-13,Sp > Wa,1.5003663734255967e-7,2.2820731293375612e-5,0.0029760326036505,0.019599729874546726,Shared significant HL-up,Sp > Wa
Fig. 6A: Flavonoids,LC-MS/MS,Apigenin 7-O-glucuronide,Apigenin 7-O-glucuronide,Aromatic / Phenylpropanoid,Flavonols / Flavones,0.4076220363157184,0.3367853775352856,-0.07083665878043283,0.7847688244633806,0.8464338685692707,Not significant,0.036740809901403264,0.16131318556036991,0.05377170229589681,0.2504102022219756,Not significant / other,Not significant / other
Fig. 6A: Flavonoids,LC-MS/MS,Apigenin 7-glucuronide-4'-(6''-malonylglucoside),Apigenin 7-glucuronide-4'-(6''-malonylglucoside),Aromatic / Phenylpropanoid,Flavonols / Flavones,1.687062561952633,0.15349841936120612,-1.5335641425914268,5.503473652199606e-8,1.0873529761315589e-6,Sp > Wa,3.632249279529563e-6,1.8472494293962687e-4,0.056725838281317775,0.26182391620836293,Sp-specific significant HL-up,Sp > Wa
Fig. 6A: Flavonoids,LC-MS/MS,Apigenin-7-O-beta-D-glucoside,Apigenin-7-O-beta-D-glucoside,Aromatic / Phenylpropanoid,Flavonols / Flavones,-0.7288002449421818,-0.0063629980991422,0.7224372468430396,0.02062179099857293,0.05451043281394051,Not significant,0.9999946655588254,0.9999998438999698,0.5089486198002843,0.9999999981944268,Not significant / other,Not significant / other
Fig. 6A: Flavonoids,LC-MS/MS,Barbatoflavan,Barbatoflavan,Aromatic / Phenylpropanoid,Other flavonoids,-0.8201465953829761,-0.4640056326821629,0.3561409627008132,0.04982715052274063,0.11087816430316344,Not significant,0.9994153513049051,0.9999998438999698,0.999998671474692,0.9999999981944268,Not significant / other,Not significant / other
Fig. 6A: Flavonoids,LC-MS/MS,Catechin,Catechin,Aromatic / Phenylpropanoid,Proanthocyanidins / Catechins,0.16479636429415834,-0.00594936305166982,-0.17074572734582816,0.8755620310611171,0.9111994321657594,Not significant,0.237531942563998,0.7220085153926653,0.5021838921565684,0.9999999981944268,Not significant / other,Not significant / other
Fig. 6A: Flavonoids,LC-MS/MS,Cyanidin 3-glucoside 5-caffeoylglucoside;,Cyanidin 3-glucoside 5-caffeoylglucoside,Aromatic / Phenylpropanoid,Anthocyanins,0.13999179932822514,1.4864702015534483,1.3464784022252232,0.00110587163092824,0.00472023597707436,Wa > Sp,0.0502113730919682,0.2065477303215348,0.001749933752293169,0.012537986884562046,Wa-specific significant HL-up,Wa > Sp
Fig. 6A: Flavonoids,LC-MS/MS,Cyanidin-3-O-glucoside chloride,Cyanidin-3-O-glucoside chloride,Aromatic / Phenylpropanoid,Anthocyanins,2.9382208770494707,1.341136426365292,-1.5970844506841786,0.05973756970004574,0.1283659970446916,Not significant,8.766684678983115e-5,0.001313995036941837,0.044888911127227094,0.21093765130852096,Sp-specific significant HL-up,Not significant / other
Fig. 6A: Flavonoids,LC-MS/MS,Epicatechin 5-O-beta-D-glucopyranoside-3-benzoate,Epicatechin 5-O-beta-D-glucopyranoside-3-benzoate,Aromatic / Phenylpropanoid,Proanthocyanidins / Catechins,-0.6337695031730455,-0.27481082388335665,0.35895867928968883,0.1395713773297474,0.2531308428901121,Not significant,0.9870410328018643,0.9999998438999698,0.9746926680432322,0.9999999981944268,Not significant / other,Not significant / other
Fig. 6A: Flavonoids,LC-MS/MS,Eriodictyol,Eriodictyol,Aromatic / Phenylpropanoid,Other flavonoids,-0.45731887205196387,-0.04308552481546357,0.4142333472365003,0.25662909679993123,0.3979124164412727,Not significant,0.9999835598669662,0.9999998438999698,0.5475369947576636,0.9999999981944268,Not significant / other,Not significant / other
Fig. 6A: Flavonoids,LC-MS/MS,Flavonol 7-O-beta-D-glucoside;,Flavonol 7-O-beta-D-glucoside,Aromatic / Phenylpropanoid,Flavonols / Flavones,-0.0664423880777889,3.474427680721682,3.540870068799471,2.447366101121422e-10,1.1004708261594257e-8,Wa > Sp,0.636470278970372,0.9999998438999698,2.541243329141584e-7,1.1426832073105606e-5,Wa-specific significant HL-up,Wa > Sp
Fig. 6A: Flavonoids,LC-MS/MS,Formononetin 7-O-(6''-acetylglcoside),Formononetin 7-O-(6''-acetylglcoside),Aromatic / Phenylpropanoid,Flavonols / Flavones,-0.6078871815615017,-0.3926821487266281,0.21520503283487358,0.45075318751794147,0.5836962825455767,Not significant,0.9879804670445809,0.9999998438999698,0.9507011495060158,0.9999999981944268,Not significant / other,Not significant / other
Fig. 6A: Flavonoids,LC-MS/MS,Formononetin 7-O-rutinoside,Formononetin 7-O-rutinoside,Aromatic / Phenylpropanoid,Flavonols / Flavones,1.363637432436068,-0.3238522248042166,-1.6874896572402847,2.323149459865583e-4,0.00123648444721008,Sp > Wa,0.0069212689054677,0.038569806208247355,0.9999476117781787,0.9999999981944268,Sp-specific significant HL-up,Sp > Wa
Fig. 6A: Flavonoids,LC-MS/MS,Gallocatechin-(4alpha->8)-epigallocatechin;,Gallocatechin-(4alpha->8)-epigallocatechin,Aromatic / Phenylpropanoid,Proanthocyanidins / Catechins,1.5865959968183354,0.9107178637159592,-0.6758781331023762,0.05180004011809279,0.11390767675209612,Not significant,1.052553895232035e-5,3.303771398652889e-4,0.011965712930279052,0.06474394050242276,Sp-specific significant HL-up,Not significant / other
Fig. 6A: Flavonoids,LC-MS/MS,Gambiriin B3;,Gambiriin B3,Aromatic / Phenylpropanoid,Proanthocyanidins / Catechins,-0.918487256534572,-0.44811596041524027,0.4703712961193317,0.03776650752660673,0.08857468671707767,Not significant,0.9954001860869608,0.9999998438999698,0.9999996568503107,0.9999999981944268,Not significant / other,Not significant / other
Fig. 6A: Flavonoids,LC-MS/MS,Gambiriin C; Epiafzelechin-(4beta->8)-catechin;,Gambiriin C,Aromatic / Phenylpropanoid,Proanthocyanidins / Catechins,-0.9788318430489618,-0.3531711289392643,0.6256607141096975,0.00196914391876049,0.00766496617929457,Wa > Sp,0.99860593981500545,0.9999998438999698,0.9999791079807802,0.9999999981944268,Not significant / other,Wa > Sp
Fig. 6A: Flavonoids,LC-MS/MS,Hesperetin,Hesperetin,Aromatic / Phenylpropanoid,Other flavonoids,1.2959072376587455,0.18447464558705207,-1.1114325920716934,0.00413247213300851,0.01452491552949623,Sp > Wa,4.178222803242712e-4,0.004223567856921315,0.267971392423975,0.9871036602284277,Sp-specific significant HL-up,Sp > Wa
Fig. 6A: Flavonoids,LC-MS/MS,Hesperetin 7-O-glucoside;,Hesperetin 7-O-glucoside,Aromatic / Phenylpropanoid,Other flavonoids,1.2414727747516032,-0.12693305234869356,-1.3684058271002968,0.00122433762310966,0.00510075482599043,Sp > Wa,1.315309634117727e-4,0.0017840713426672714,0.6474214892880883,0.9999999981944268,Sp-specific significant HL-up,Sp > Wa
Fig. 6A: Flavonoids,LC-MS/MS,Homoeriodictyol chalcone;,Homoeriodictyol chalcone,Aromatic / Phenylpropanoid,Other flavonoids,1.2098233068052942,0.08903321314161872,-1.1207900936636754,0.00451024886558892,0.0154366522853752,Sp > Wa,6.67421148685106e-5,0.001090322674600018,0.39161953742695216,0.9999999981944268,Sp-specific significant HL-up,Sp > Wa
Fig. 6A: Flavonoids,LC-MS/MS,Kaempferol 3-(6G-malonylneohesperidoside),Kaempferol 3-(6G-malonylneohesperidoside),Aromatic / Phenylpropanoid,Flavonols / Flavones,0.8991105234150183,0.25220952161669175,-0.6469010017983265,0.04583962058833497,0.10377580772081388,Not significant,0.011076642749751231,0.05754558623775141,3.0641980539494507e-4,0.0028540816159643456,Wa-specific significant HL-up,Not significant / other
Fig. 6A: Flavonoids,LC-MS/MS,Kaempferol 3-O-beta-D-xyloside;,Kaempferol 3-O-beta-D-xyloside,Aromatic / Phenylpropanoid,Flavonols / Flavones,2.609785966621594,0.33177629834051814,-2.2780096682810758,3.5212125365665594e-8,7.652768579471321e-7,Sp > Wa,2.0939224258197265e-5,5.151839326922497e-4,0.03576618145624239,0.17533496473285745,Sp-specific significant HL-up,Sp > Wa
Fig. 6A: Flavonoids,LC-MS/MS,Kaempferol 3-gentiobioside-7-rhamnoside,Kaempferol 3-gentiobioside-7-rhamnoside,Aromatic / Phenylpropanoid,Flavonols / Flavones,0.7055169731094502,-3.1789327140677415,-3.8844496871771916,1.7489527556150688e-10,8.446794049340925e-9,Sp > Wa,3.476167458822909e-5,7.616631508485448e-4,0.9999989472159316,0.9999999981944268,Sp-specific significant HL-up,Sp > Wa
Fig. 6A: Flavonoids,LC-MS/MS,Luteolin,Luteolin,Aromatic / Phenylpropanoid,Flavonols / Flavones,0.08391702845189997,-0.1773927155205044,-0.26130974397240436,0.654611625888139,0.748783824700117,Not significant,0.4195178327828591,0.9999998438999698,0.6607558795213875,0.9999999981944268,Not significant / other,Not significant / other
Fig. 6A: Flavonoids,LC-MS/MS,Luteolin 7-(3'''-acetylapiosyl-(1->2)-xyloside),Luteolin 7-(3'''-acetylapiosyl-(1->2)-xyloside),Aromatic / Phenylpropanoid,Flavonols / Flavones,-0.01716364714144802,1.2454385680708349,1.2626022152122829,1.6791351981712904e-4,9.397391838692544e-4,Wa > Sp,0.5658857944827462,0.9999998438999698,0.001190272851426046,0.009118058163485685,Wa-specific significant HL-up,Wa > Sp
Fig. 6A: Flavonoids,LC-MS/MS,Luteolin 7-O-(6''-malonylglucoside);,Luteolin 7-O-(6''-malonylglucoside),Aromatic / Phenylpropanoid,Flavonols / Flavones,3.4557649607245544,0.7714900425973461,-2.6842749181272083,0.03793739918932134,0.08881574244681334,Not significant,5.5492147448979164e-5,0.0010191797221615329,0.24953117041206185,0.9471822962867823,Sp-specific significant HL-up,Not significant / other
Fig. 6A: Flavonoids,LC-MS/MS,"Luteolin-3',7-Diglucoside","Luteolin-3',7-Diglucoside",Aromatic / Phenylpropanoid,Flavonols / Flavones,-0.4780557567847232,-0.3414900365139921,0.13656572027073105,0.527176211048059,0.6448759654846801,Not significant,0.9673160790579443,0.9999998438999698,0.9999902192800876,0.9999999981944268,Not significant / other,Not significant / other
Fig. 6A: Flavonoids,LC-MS/MS,"Myricetin 3-(2'',3'',4''-triacetylxyloside)","Myricetin 3-(2'',3'',4''-triacetylxyloside)",Aromatic / Phenylpropanoid,Flavonols / Flavones,0.7141690685096016,1.4585667987883149,0.7443977302787133,0.14225251861985425,0.2565660916739833,Not significant,0.07964825253140365,0.29590120028760786,1.238220661110653e-5,2.2741404818144953e-4,Wa-specific significant HL-up,Not significant / other
Fig. 6A: Flavonoids,LC-MS/MS,"Myricetin 3-(2'',3''-digalloylrhamnoside)","Myricetin 3-(2'',3''-digalloylrhamnoside)",Aromatic / Phenylpropanoid,Flavonols / Flavones,-0.5964155845078984,-0.25921403960592215,0.3372015449019763,0.22071125323638177,0.3557570756739701,Not significant,0.9621973657234756,0.9999998438999698,0.9995776361651408,0.9999999981944268,Not significant / other,Not significant / other
Fig. 6A: Flavonoids,LC-MS/MS,"Myricetin 3-(3'',4''-diacetylrhamnoside)","Myricetin 3-(3'',4''-diacetylrhamnoside)",Aromatic / Phenylpropanoid,Flavonols / Flavones,0.796419677507938,0.4627616472994447,-0.3336580302084933,0.26431560557727,0.40789059132871014,Not significant,0.013387658369400148,0.06740350005288723,5.007009889410642e-4,0.004441592446116651,Wa-specific significant HL-up,Not significant / other
Fig. 6A: Flavonoids,LC-MS/MS,Myricetin 3-acetylrhamnoside,Myricetin 3-acetylrhamnoside,Aromatic / Phenylpropanoid,Flavonols / Flavones,1.3155846969030165,0.25981713030461506,-1.0557675665984014,0.0010660537563035,0.00457280953361765,Sp > Wa,0.0014112022829754639,0.010637039173410433,0.0054798027968964306,0.033506215861328424,Shared significant HL-up,Sp > Wa
Fig. 6A: Flavonoids,LC-MS/MS,Myricetin 3-sambubioside,Myricetin 3-sambubioside,Aromatic / Phenylpropanoid,Flavonols / Flavones,1.632645029633796,-0.17294288534366942,-1.8055879149774654,5.261601435817406e-6,4.8660484200751046e-5,Sp > Wa,2.0516569228916923e-4,0.002346807567939269,0.8800061156208516,0.9999999981944268,Sp-specific significant HL-up,Sp > Wa
Fig. 6A: Flavonoids,LC-MS/MS,Naringenin,Naringenin,Aromatic / Phenylpropanoid,Other flavonoids,-0.01545165230341538,1.2810076620598565,1.2964593143632719,1.0306727338192322e-5,8.704236903080232e-5,Wa > Sp,0.5339326368692372,0.9999998438999698,7.72370759851785e-5,8.913021865900244e-4,Wa-specific significant HL-up,Wa > Sp
Fig. 6A: Flavonoids,LC-MS/MS,Naringenin chalcone,Naringenin chalcone,Aromatic / Phenylpropanoid,Other flavonoids,-0.2691916111649668,0.8572664132498851,1.1264580244148519,3.329927950984447e-7,4.9343477819133174e-6,Wa > Sp,0.9984633456519172,0.9999998438999698,1.277322013060698e-4,0.001343248310508992,Wa-specific significant HL-up,Wa > Sp
Fig. 6A: Flavonoids,LC-MS/MS,Neobavaisoflavone,Neobavaisoflavone,Aromatic / Phenylpropanoid,Flavonols / Flavones,-0.4337514824644408,-0.7272354905167617,-0.29348400805232094,0.5106337762335171,0.6305553448944189,Not significant,0.8960685656228802,0.9999998438999698,0.9706065316920083,0.9999999981944268,Not significant / other,Not significant / other
Fig. 6A: Flavonoids,LC-MS/MS,Nevadensin 7-rutinoside,Nevadensin 7-rutinoside,Aromatic / Phenylpropanoid,Flavonols / Flavones,3.9871046224899303,-0.35972216565367887,-4.346826788143609,2.6042997077847535e-8,6.064297890984497e-7,Sp > Wa,3.504585049916617e-5,7.616631508485448e-4,0.8653923199318045,0.9999999981944268,Sp-specific significant HL-up,Sp > Wa
Fig. 6A: Flavonoids,LC-MS/MS,Procyanidin B1,Procyanidin B1,Aromatic / Phenylpropanoid,Proanthocyanidins / Catechins,0.3219849664762293,0.12365118819827003,-0.19833377827795928,0.4290656837186768,0.5611852071907267,Not significant,0.0318642079352386,0.14229769571079157,0.27015284046894295,0.9875207944023267,Not significant / other,Not significant / other
Fig. 6A: Flavonoids,LC-MS/MS,Procyanidin B2,Procyanidin B2,Aromatic / Phenylpropanoid,Proanthocyanidins / Catechins,0.7798636758238011,0.2884829354273286,-0.4913807403964725,0.2942755086840202,0.4439091787764159,Not significant,2.0626071021922015e-5,5.151839326922497e-4,0.2701785123807853,0.9875207944023267,Sp-specific significant HL-up,Not significant / other
Fig. 6A: Flavonoids,LC-MS/MS,Procyanidin B5; Procyanidol B5;,Procyanidin B5,Aromatic / Phenylpropanoid,Proanthocyanidins / Catechins,0.8560255067496456,-0.3149898409029319,-1.1710153476525775,1.64272821903914e-7,2.7288807968337697e-6,Sp > Wa,4.933255889006117e-5,9.746942855635432e-4,0.9919293281472079,0.9999999981944268,Sp-specific significant HL-up,Sp > Wa
Fig. 6A: Flavonoids,LC-MS/MS,Quercetin 3-(2'''-caffeylsophoroside),Quercetin 3-(2'''-caffeylsophoroside),Aromatic / Phenylpropanoid,Flavonols / Flavones,1.458676913429759,4.622905454368734,3.164228540938975,0.01197463863020934,0.03540800175463263,Wa > Sp,0.06844399797630997,0.2617330597099947,0.00132402496118656,0.009809821303336786,Wa-specific significant HL-up,Wa > Sp
Fig. 6A: Flavonoids,LC-MS/MS,Quercetin 3-(2'''-feruloylsophoroside),Quercetin 3-(2'''-feruloylsophoroside),Aromatic / Phenylpropanoid,Flavonols / Flavones,3.1985803262652865,2.2755963469958935,-0.922983979269393,0.0147939264121204,0.04202893255208061,Sp > Wa,3.931633288625921e-6,1.898833262358593e-4,6.408354908245962e-6,1.362566160524539e-4,Shared significant HL-up,Sp > Wa
Fig. 6A: Flavonoids,LC-MS/MS,"Quercetin 3-(2'',3'',4''-triacetylgalactoside)","Quercetin 3-(2'',3'',4''-triacetylgalactoside)",Aromatic / Phenylpropanoid,Flavonols / Flavones,0.5996180729290579,-0.6110518917950749,-1.2106699647241328,0.35863698816952383,0.498574235152515,Not significant,3.682603586028574e-6,1.8472494293962687e-4,0.6769387028984523,0.9999999981944268,Sp-specific significant HL-up,Not significant / other
Fig. 6A: Flavonoids,LC-MS/MS,Quercetin 3-(2G-xylosylrutinoside);,Quercetin 3-(2G-xylosylrutinoside),Aromatic / Phenylpropanoid,Flavonols / Flavones,-0.05064325007958104,0.38669695368291457,0.4373402037624956,0.01737407812068748,0.04697407613065567,Wa > Sp,0.6175758722417302,0.9999998438999698,4.8404012819136336e-5,6.188120854524881e-4,Wa-specific significant HL-up,Wa > Sp
Fig. 6A: Flavonoids,LC-MS/MS,Quercetin 3-(6''-malonylglucoside)-7-rhamnoside,Quercetin 3-(6''-malonylglucoside)-7-rhamnoside,Aromatic / Phenylpropanoid,Flavonols / Flavones,1.298254047763745,1.079963244013804,-0.21829080374994092,0.6477906523961419,0.74293668489408,Not significant,0.012283490159587773,0.06256902800040022,4.920059321572924e-5,6.207533295991005e-4,Wa-specific significant HL-up,Not significant / other
Fig. 6A: Flavonoids,LC-MS/MS,Quercetin 3-glucoside-7-glucuronide,Quercetin 3-glucoside-7-glucuronide,Aromatic / Phenylpropanoid,Flavonols / Flavones,1.4412134721532048,-0.262992567288034,-1.7042060394412388,5.255989191322657e-7,7.065783407716231e-6,Sp > Wa,4.9328989407271505e-5,9.746942855635432e-4,0.9910970133679093,0.9999999981944268,Sp-specific significant HL-up,Sp > Wa
Fig. 6A: Flavonoids,LC-MS/MS,Quercetin 3-sambubioside-3'-glucoside,Quercetin 3-sambubioside-3'-glucoside,Aromatic / Phenylpropanoid,Flavonols / Flavones,2.506846166352407,0.4256880507259311,-2.081158115626476,6.235157726663849e-5,4.045097351029681e-4,Sp > Wa,4.2411785284948787e-4,0.004254228308582555,2.957837617095267e-4,0.002774834714167071,Shared significant HL-up,Sp > Wa
Fig. 6A: Flavonoids,LC-MS/MS,Quercetin 7-(6''-tiglylglucoside),Quercetin 7-(6''-tiglylglucoside),Aromatic / Phenylpropanoid,Flavonols / Flavones,-0.04971284382745722,0.06771567803915701,0.11742852186661423,0.6353269194053239,0.7325433071832768,Not significant,0.6024323525845776,0.9999998438999698,0.34548739220089186,0.9999999981944268,Not significant / other,Not significant / other
Fig. 6A: Flavonoids,LC-MS/MS,Quercetin-3beta-D-glucoside,Quercetin-3beta-D-glucoside,Aromatic / Phenylpropanoid,Flavonols / Flavones,0.9216293883485028,2.7283978341587733,1.8067684458102704,0.00174128253786547,0.0069226598456603,Wa > Sp,0.06045613575112751,0.23961945598623183,1.594476785728984e-9,4.1583954571811907e-7,Wa-specific significant HL-up,Wa > Sp
Fig. 6A: Flavonoids,LC-MS/MS,Riccionidin A;,Riccionidin A,Aromatic / Phenylpropanoid,Anthocyanins,0.47995596703706767,0.428552663442499,-0.05140330359456868,0.936107602661692,0.952171851693328,Not significant,0.005888656560775693,0.033840736503573395,0.2548668046277923,0.9495608949561176,Sp-specific significant HL-up,Not significant / other
Fig. 6A: Flavonoids,LC-MS/MS,Rutin,Rutin,Aromatic / Phenylpropanoid,Flavonols / Flavones,-0.17842767290947847,0.15534790100034002,0.3337755739098185,0.30995334565399457,0.4568127106757221,Not significant,0.8684529980737956,0.9999998438999698,0.2985564462806245,0.9999999981944268,Not significant / other,Not significant / other
Fig. 6A: Flavonoids,LC-MS/MS,Salvianin;,Salvianin,Aromatic / Phenylpropanoid,Anthocyanins,-0.8641736731036787,-1.331106440209382,-0.4669327671057033,0.01658911494312381,0.04554148607543885,Sp > Wa,0.9998711594459884,0.9999998438999698,0.9999990574856665,0.9999999981944268,Not significant / other,Sp > Wa
Fig. 6A: Flavonoids,LC-MS/MS,Theasinensin A;,Theasinensin A,Aromatic / Phenylpropanoid,Proanthocyanidins / Catechins,0.13999179932823225,-0.2094652636252654,-0.34945706295349765,0.04203842716577538,0.09685178272821748,Not significant,0.05021137309196404,0.2065477303215348,0.9140650561871926,0.9999999981944268,Not significant / other,Not significant / other
Fig. 6A: Flavonoids,LC-MS/MS,catechin 3-tetradecanoate,catechin 3-tetradecanoate,Aromatic / Phenylpropanoid,Proanthocyanidins / Catechins,0.27166924381931423,-1.255230701429344,-1.5268999452486582,3.08388640807132e-6,3.3234610546487615e-5,Sp > Wa,0.053115286991640934,0.21577051164205535,0.999969161981999,0.9999999981944268,Not significant / other,Sp > Wa
Fig. 6A: Flavonoids,LC-MS/MS,cis-Dihydroquercetin;,cis-Dihydroquercetin,Aromatic / Phenylpropanoid,Flavonols / Flavones,3.648714831481854,0.1901488702073273,-3.4585659612745268,4.428651631144296e-6,4.309672930606092e-5,Sp > Wa,4.933268623251062e-5,9.746942855635432e-4,0.009316137721251644,0.05169465356813678,Sp-specific significant HL-up,Sp > Wa
Fig. 6B: Amino acids / peptides,GC-MS/MS,4-Hydroxyproline-3TMS,4-Hydroxyproline,Amino acids / Peptides,NA,-0.32447777979548464,-0.6340558575992956,-0.30957807780381097,0.4137310669043003,0.5440400643544736,Not significant,0.8172456209669549,0.9999757776250704,0.995064701166681,0.9999993690638747,Not significant / other,Not significant / other
Fig. 6B: Amino acids / peptides,GC-MS/MS,5-Oxoproline-2TMS,5-Oxoproline,Amino acids / Peptides,NA,-0.3169897118686411,-0.6837480740760276,-0.36675836220738645,0.3228342395754047,0.45305309251338305,Not significant,0.8131026188926981,0.9999757776250704,0.9981687275579224,0.9999993690638747,Not significant / other,Not significant / other
Fig. 6B: Amino acids / peptides,GC-MS/MS,Acetylglycine-2TMS,Acetylglycine,Amino acids / Peptides,NA,0.1992550500913421,2.044160951926779,1.8449059018354368,7.895072441166533e-5,2.500224331021136e-4,Wa > Sp,0.21351814326753382,0.4146224409962575,3.3653910229704704e-4,9.525767810780823e-4,Wa-specific significant HL-up,Wa > Sp
Fig. 6B: Amino acids / peptides,GC-MS/MS,Alanine-2TMS,Alanine,Amino acids / Peptides,NA,1.4394981568865275,2.433533723112987,0.9940355662264595,0.11040201600537754,0.1772801603163274,Not significant,0.003320398440421687,0.014592277356590045,0.0011314279067119325,0.002781609192310514,Shared significant HL-up,Not significant / other
Fig. 6B: Amino acids / peptides,GC-MS/MS,Asparagine-3TMS,Asparagine,Amino acids / Peptides,NA,-0.310008488718426,-2.3462393200451683,-2.0362308313267423,0.00325426006494769,0.00715080830060874,Sp > Wa,0.7947851663493595,0.9999757776250704,0.9974967357624476,0.9999993690638747,Not significant / other,Sp > Wa
Fig. 6B: Amino acids / peptides,GC-MS/MS,Aspartic acid-3TMS,Aspartic acid,Amino acids / Peptides,NA,-0.7356171763722894,0.15344116069980562,0.889058337072095,7.512230464857687e-4,0.00190082195095641,Wa > Sp,0.9963273541784319,0.9999757776250704,0.1282642429459687,0.20018811749511004,Not significant / other,Wa > Sp
Fig. 6B: Amino acids / peptides,GC-MS/MS,Glutamic acid 5-methylester-2TMS,Glutamic acid 5-methylester,Amino acids / Peptides,NA,-0.5463376744423989,0.15109354088731164,0.6974312153297105,0.00359948766325325,0.00780668103588692,Wa > Sp,0.9891488426572076,0.9999757776250704,0.11186648327166197,0.17792097815588143,Not significant / other,Wa > Sp
Fig. 6B: Amino acids / peptides,GC-MS/MS,Glutamic acid-3TMS,Glutamic acid,Amino acids / Peptides,NA,-0.20924421440671637,-0.0700578357843713,0.13918637862234506,0.3257550672171613,0.4533424685438828,Not significant,0.9811361990459176,0.9999757776250704,0.7158525353145663,0.8301900930384207,Not significant / other,Not significant / other
Fig. 6B: Amino acids / peptides,GC-MS/MS,Glutamine-4TMS,Glutamine,Amino acids / Peptides,NA,-0.01094788169288452,0.0332942037441542,0.04424208543703872,0.6123748225120911,0.7410622852139074,Not significant,0.645425165224894,0.9212478854064727,0.3456324660554797,0.46548888573600894,Not significant / other,Not significant / other
Fig. 6B: Amino acids / peptides,GC-MS/MS,Glycine-3TMS,Glycine,Amino acids / Peptides,NA,0.46292430593629463,3.1397176737143315,2.676793367778037,3.448916452589242e-8,8.228129251177192e-7,Wa > Sp,1.2693185263920272e-5,4.239523878149371e-4,1.0346467347877391e-4,4.804994030103706e-4,Shared significant HL-up,Wa > Sp
Fig. 6B: Amino acids / peptides,GC-MS/MS,Glycyl-Glycine-3TMS,Glycyl-Glycine,Amino acids / Peptides,NA,0.16653070103280276,2.1098547779690877,1.943324076936285,4.4119660636503025e-07,3.92999624285093e-6,Wa > Sp,0.15203418622599565,0.3096305987773326,1.2540211756793183e-4,4.986227055677289e-4,Wa-specific significant HL-up,Wa > Sp
Fig. 6B: Amino acids / peptides,GC-MS/MS,Isoleucine-2TMS,Isoleucine,Amino acids / Peptides,NA,-0.03562099460178636,0.8496281369270933,0.8852491315288796,6.541993653517523e-4,0.00172233253210377,Wa > Sp,0.5818451416653231,0.8675726665902586,2.5447490087987507e-4,8.121518002087644e-4,Wa-specific significant HL-up,Wa > Sp
Fig. 6B: Amino acids / peptides,GC-MS/MS,Leucine-2TMS,Leucine,Amino acids / Peptides,NA,0.12184309625440874,0.9713698531843884,0.8495267569299797,0.01001692192562843,0.02015452965758974,Wa > Sp,0.31198282753002426,0.5371250742011758,2.605197155643917e-4,8.121518002087644e-4,Wa-specific significant HL-up,Wa > Sp
Fig. 6B: Amino acids / peptides,GC-MS/MS,Lysine-4TMS,Lysine,Amino acids / Peptides,NA,-0.7546403737480999,0.38431180465848885,1.1389521784065888,0.0171600770001337,0.03219924560699245,Wa > Sp,0.9566289037020648,0.9999757776250704,0.08882257134631315,0.14401329528965334,Not significant / other,Wa > Sp
Fig. 6B: Amino acids / peptides,GC-MS/MS,N-Acetyl-Lysine-2TMS,N-Acetyl-Lysine,Amino acids / Peptides,NA,0.6373018243721489,2.9732981620953396,2.3359963377231905,1.6431797848483364e-7,2.5257272391605797e-6,Wa > Sp,7.548133716209674e-5,0.0010504486088391794,1.0416261124727935e-4,4.804994030103706e-4,Shared significant HL-up,Wa > Sp
Fig. 6B: Amino acids / peptides,GC-MS/MS,N-Acetylglutamine-3TMS,N-Acetylglutamine,Amino acids / Peptides,NA,0.7819169238366124,2.8970078912081947,2.1150909673715823,8.599283408517563e-5,2.6594080170785797e-4,Wa > Sp,0.021924339172053487,0.06538151145951665,5.77854339946675e-5,3.574136102633138e-4,Wa-specific significant HL-up,Wa > Sp
Fig. 6B: Amino acids / peptides,GC-MS/MS,O-Acetylserine-2TMS,O-Acetylserine,Amino acids / Peptides,NA,0.14373145434976586,0.8885300999714185,0.7447986456216527,0.01317145284893744,0.02557712355549481,Wa > Sp,0.13452098991407022,0.28436715589430034,0.003810958541426368,0.007315288234691994,Wa-specific significant HL-up,Wa > Sp
Fig. 6B: Amino acids / peptides,GC-MS/MS,Phenylalanine-2TMS,Phenylalanine,Amino acids / Peptides,NA,0.28480393687138916,0.30956832328783446,0.024764386416445294,0.923753995897122,0.9520840836065536,Not significant,0.007014175105616571,0.02662198278722653,0.11812204133874203,0.1860979330525464,Sp-specific significant HL-up,Not significant / other
Fig. 6B: Amino acids / peptides,GC-MS/MS,Proline-2TMS,Proline,Amino acids / Peptides,NA,0.1553142376798954,0.8754633435949573,0.7201491059150619,0.0616831319082741,0.10455479130927978,Not significant,0.29333377113451503,0.5156498924154106,0.0033708870353873466,0.006709678249699766,Wa-specific significant HL-up,Not significant / other
Fig. 6B: Amino acids / peptides,GC-MS/MS,S-Adenosylmethionine -nTMS,S-Adenosylmethionine,Amino acids / Peptides,NA,-0.10618061576318329,0.09449696679157991,0.2006775825547632,0.3111045146920251,0.44569078732599826,Not significant,0.8114625831963158,0.9999757776250704,0.280957006446393,0.4010241032183558,Not significant / other,Not significant / other
Fig. 6B: Amino acids / peptides,GC-MS/MS,Serine-3TMS,Serine,Amino acids / Peptides,NA,0.35546789723105116,2.3974049863516385,2.0419370891205872,1.1689777306717934e-4,3.549441473130718e-4,Wa > Sp,0.09383212293502995,0.21465704835821917,1.0889719865830272e-4,4.804994030103706e-4,Wa-specific significant HL-up,Wa > Sp
Fig. 6B: Amino acids / peptides,GC-MS/MS,Suberylglycine-2TMS,Suberylglycine,Amino acids / Peptides,NA,-0.6640546146418306,0.5708581439780753,1.234912758619906,0.0088637195288025,0.01805172147939045,Wa > Sp,0.9896009144096112,0.9999757776250704,0.06913840106936682,0.11546112978584258,Not significant / other,Wa > Sp
Fig. 6B: Amino acids / peptides,GC-MS/MS,Threo-b-hydroxyaspartic acid-4TMS,Threo-b-hydroxyaspartic acid,Amino acids / Peptides,NA,-0.1800090614810722,-1.009718222372086,-0.8297091608910138,0.27072237992404463,0.4036664057796023,Not significant,0.6111774282659805,0.8952699849179102,0.9845089493142667,0.9999993690638747,Not significant / other,Not significant / other
Fig. 6B: Amino acids / peptides,GC-MS/MS,Tryptophan-3TMS,Tryptophan,Amino acids / Peptides,NA,0.03448559106408044,0.01511323543628095,-0.019372355627799487,0.6460176259946405,0.7686474423907689,Not significant,0.13975285047090857,0.29173407535802165,0.30862150061597643,0.42245730002350873,Not significant / other,Not significant / other
Fig. 6B: Amino acids / peptides,GC-MS/MS,Tyrosine-3TMS,Tyrosine,Amino acids / Peptides,NA,-0.1546433352650222,0.37417429970680866,0.5288176349718309,0.00127897059733863,0.00309547956167466,Wa > Sp,0.8851405500962277,0.9999757776250704,0.001169934317023289,0.002831580158592598,Wa-specific significant HL-up,Wa > Sp
Fig. 6B: Amino acids / peptides,GC-MS/MS,Valine-2TMS,Valine,Amino acids / Peptides,NA,0.20252744216347407,0.5571534157751648,0.3546259736116907,0.08784550889947987,0.14352549539395557,Not significant,0.10052027908530772,0.2268498190168431,0.001955737502989714,0.0043547755066570965,Wa-specific significant HL-up,Not significant / other
Fig. 6C: Central carbon metabolism,GC-MS/MS,Aconitic acid-3TMS,Aconitic acid,Central carbon metabolism (glycolysis + TCA),NA,0.01010070529477813,1.5320794010646086,1.5219786957698305,2.7217551690575693e-6,1.818132452930456e-5,Wa > Sp,0.47726159960629233,0.7590732108023887,9.889601428494937e-6,9.17535243643697e-5,Wa-specific significant HL-up,Wa > Sp
Fig. 6C: Central carbon metabolism,GC-MS/MS,Citric acid-4TMS,Citric acid,Central carbon metabolism (glycolysis + TCA),NA,-0.06026723828532806,1.9547630254830173,2.0150302637683453,8.829879711922169e-12,4.915299706303341e-10,Wa > Sp,0.8003058244726056,0.9999757776250704,2.3516511441190947e-7,9.81814352669722e-6,Wa-specific significant HL-up,Wa > Sp
Fig. 6C: Central carbon metabolism,GC-MS/MS,Fumaric acid-2TMS,Fumaric acid,Central carbon metabolism (glycolysis + TCA),NA,-0.2743735538254148,0.62724214444687,0.9016156982722847,6.613679827711389e-4,0.00172233253210377,Wa > Sp,0.9303065748936186,0.9999757776250704,0.0010400899427628692,0.002631742733960593,Wa-specific significant HL-up,Wa > Sp
Fig. 6C: Central carbon metabolism,GC-MS/MS,Isocitric acid-4TMS,Isocitric acid,Central carbon metabolism (glycolysis + TCA),NA,-0.21542095925618915,1.5677429500812343,1.7831639093374234,2.4567452072828792e-8,8.205528992324815e-7,Wa > Sp,0.9377617362660745,0.9999757776250704,1.0881661035549838e-5,9.192134293428343e-5,Wa-specific significant HL-up,Wa > Sp
Fig. 6C: Central carbon metabolism,GC-MS/MS,Lactic acid-2TMS,Lactic acid,Central carbon metabolism (glycolysis + TCA),NA,-0.5549711816507504,-0.5224704021308012,0.03250077951994923,0.8150022753056303,0.8954301314213174,Not significant,0.9997955561431283,0.9999757776250704,0.9989786096319752,0.9999993690638747,Not significant / other,Not significant / other
Fig. 6C: Central carbon metabolism,GC-MS/MS,Malic acid-3TMS,Malic acid,Central carbon metabolism (glycolysis + TCA),NA,0.5940055343095605,1.832855378594619,1.2388498442850584,9.553085458144011e-6,4.6922507985589705e-5,Wa > Sp,7.117302764102112e-4,0.005942947808025263,1.7704658449944878e-6,2.274367662415996e-5,Shared significant HL-up,Wa > Sp
Fig. 6C: Central carbon metabolism,GC-MS/MS,Succinic acid-2TMS,Succinic acid,Central carbon metabolism (glycolysis + TCA),NA,-0.2104763111308447,0.5532322111205151,0.7637085222513598,1.8411794052042967e-6,1.464176003186274e-5,Wa > Sp,0.998394652101422,0.9999757776250704,2.3086475654612425e-4,8.032169654833907e-4,Wa-specific significant HL-up,Wa > Sp
Fig. 6D: Carbohydrates / sugar metabolism,GC-MS/MS,"1,6-Anhydroglucose-3TMS","1,6-Anhydroglucose",Carbohydrates / Sugar metabolism,NA,0.04397578421904535,0.03641778416686103,-0.007558000052184322,0.9180828733387894,0.9520840836065536,Not significant,0.08261966542744574,0.19710691609119196,0.2990916300921578,0.4127958861602508,Not significant / other,Not significant / other
Fig. 6D: Carbohydrates / sugar metabolism,GC-MS/MS,2-Deoxy-glucose-4TMS(1),2-Deoxy-glucose,Carbohydrates / Sugar metabolism,NA,0.06613197680862648,0.05629940697012209,-0.00983256983850439,0.8855019489920706,0.935941933428328,Not significant,0.0013939219498621336,0.00757247839991506,0.2081058741595977,0.31030072307725726,Sp-specific significant HL-up,Not significant / other
Fig. 6D: Carbohydrates / sugar metabolism,GC-MS/MS,Fructose 1-phosphate-meto-6TMS(1),Fructose 1-phosphate,Carbohydrates / Sugar metabolism,NA,-0.1404847957996977,0.4533527268967093,0.593837522696407,2.534261420079787e-4,7.173248426327533e-4,Wa > Sp,0.943968029586437,0.9999757776250704,0.0027017745973137615,0.005683328148911422,Wa-specific significant HL-up,Wa > Sp
Fig. 6D: Carbohydrates / sugar metabolism,GC-MS/MS,Fructose 6-phosphate-meto-6TMS,Fructose 6-phosphate,Carbohydrates / Sugar metabolism,NA,0.07648479592662902,0.4879275227286562,0.4114427268020272,0.01316863423948787,0.02557712355549481,Wa > Sp,0.2412939945596504,0.4476502463965542,0.0023605108561390448,0.005186912012831848,Wa-specific significant HL-up,Wa > Sp
Fig. 6D: Carbohydrates / sugar metabolism,GC-MS/MS,Fructose-meto-5TMS(2),Fructose,Carbohydrates / Sugar metabolism,NA,0.36454563105709625,1.892194018994425,1.5276483879373288,2.2750801346204617e-5,8.63496323821857e-5,Wa > Sp,0.03151290719604939,0.08856638576705513,4.021124184753968e-4,0.0010659170457998613,Wa-specific significant HL-up,Wa > Sp
Fig. 6D: Carbohydrates / sugar metabolism,GC-MS/MS,Galactitol-6TMS,Galactitol,Polyols,NA,0.7111736647626767,3.0855350373095023,2.3743613725468258,4.013809100231901e-7,3.92999624285093e-6,Wa > Sp,0.00115776767035198,0.0071610074425474315,1.0034052243409763e-4,4.804994030103706e-4,Shared significant HL-up,Wa > Sp
Fig. 6D: Carbohydrates / sugar metabolism,GC-MS/MS,Glucose 6-phosphate-meto-6TMS(1),Glucose 6-phosphate,Carbohydrates / Sugar metabolism,NA,-0.13223153563772586,0.474687964018536,0.6069194996562619,2.648101349887898e-4,7.370548757187983e-4,Wa > Sp,0.9440302617264186,0.9999757776250704,0.0027225524066641542,0.005683328148911422,Wa-specific significant HL-up,Wa > Sp
Fig. 6D: Carbohydrates / sugar metabolism,GC-MS/MS,Glucose-meto-5TMS(2),Glucose,Carbohydrates / Sugar metabolism,NA,0.6881812925195752,2.4600746986727966,1.7718934061532214,1.334154322768073e-5,6.021723564926167e-5,Wa > Sp,0.0015912220496136131,0.008052547948044648,2.807295294401224e-4,8.2248827046492e-4,Shared significant HL-up,Wa > Sp
Fig. 6D: Carbohydrates / sugar metabolism,GC-MS/MS,Inositol phosphate-7TMS,Inositol phosphate,Polyols,NA,-0.13419870060848677,-0.106660390181604,0.02753831042688276,0.791242655961381,0.8868290170842325,Not significant,0.9593531084265039,0.9999757776250704,0.8910323797777575,0.9839208321986797,Not significant / other,Not significant / other
Fig. 6D: Carbohydrates / sugar metabolism,GC-MS/MS,Inositol-6TMS(2),Inositol,Polyols,NA,-0.1732851820874962,-0.3160328615821587,-0.14274767949466252,0.14454838477211748,0.22678374913534444,Not significant,0.9838703662892632,0.9999757776250704,0.9990825494217549,0.9999993690638747,Not significant / other,Not significant / other
Fig. 6D: Carbohydrates / sugar metabolism,GC-MS/MS,Mannitol-6TMS,Mannitol,Polyols,NA,0.670859250257932,3.0863296468676404,2.4154703966097086,1.8148938245465245e-7,2.5257272391605797e-6,Wa > Sp,8.815015521345562e-4,0.006400467791585691,9.049940511996254e-5,4.804994030103706e-4,Shared significant HL-up,Wa > Sp
Fig. 6D: Carbohydrates / sugar metabolism,GC-MS/MS,Sorbitol-6TMS,Sorbitol,Polyols,NA,0.6939139687655689,3.094267268596047,2.400353299830478,4.471253210429203e-7,3.92999624285093e-6,Wa > Sp,0.0010918666732901686,0.007070629010573607,1.0933519349936576e-4,4.804994030103706e-4,Shared significant HL-up,Wa > Sp
Fig. 6D: Carbohydrates / sugar metabolism,GC-MS/MS,Sucrose-8TMS,Sucrose,Carbohydrates / Sugar metabolism,NA,0.47660792470752406,1.053072041173926,0.5764641164664019,1.7392327286669084e-4,5.095646766445153e-4,Wa > Sp,5.200557240280038e-6,2.743882809426415e-4,1.5145733892122154e-4,5.882180372056744e-4,Shared significant HL-up,Wa > Sp
Fig. 6D: Carbohydrates / sugar metabolism,GC-MS/MS,Trehalose-8TMS,Trehalose,Carbohydrates / Sugar metabolism,NA,0.942411112599236,2.5146444555667724,1.5722333429675364,4.314149526061725e-7,3.92999624285093e-6,Wa > Sp,4.292244373316694e-5,7.168048103438878e-4,3.8602579608832745e-7,1.1456680593721653e-5,Shared significant HL-up,Wa > Sp
Fig. 6D: Carbohydrates / sugar metabolism,GC-MS/MS,Xylitol-5TMS,Xylitol,Polyols,NA,0.04327829083883833,0.03629755696177678,-0.006980733877061551,0.9208975885085394,0.9520840836065536,Not significant,0.05293072056114432,0.1339307626319864,0.29647475901577747,0.4127958861602508,Not significant / other,Not significant / other
Fig. 6E: Energy / redox,CE-TOF MS,T-047_AMP,AMP,Energy / Redox,NA,-0.4957553027146435,-0.8588582931910853,-0.3631029904764418,0.10754136162553254,0.18324482013824295,Not significant,0.9996630934948605,0.9999984037793923,0.9989648536311064,0.9999997615503591,Not significant / other,Not significant / other
Fig. 6E: Energy / redox,CE-TOF MS,T-048+_ADP[M-2H],ADP,Energy / Redox,NA,0.14449298683753042,1.2504013287420097,1.1059083419044793,5.179302994606942e-7,4.064968107888479e-6,Wa > Sp,0.13424738165396924,0.2461069682717979,4.185236018482925e-8,1.3930857032950309e-6,Wa-specific significant HL-up,Wa > Sp
Fig. 6E: Energy / redox,CE-TOF MS,T-048_ADP,ADP,Energy / Redox,NA,0.10858098941564263,1.1855009790919355,1.0769199896762929,1.7681429229978403e-6,1.1448725426411017e-5,Wa > Sp,0.08707650595852043,0.17698476820837486,1.3749472449930118e-5,1.0334280905915218e-4,Wa-specific significant HL-up,Wa > Sp
Fig. 6E: Energy / redox,CE-TOF MS,T-049+_ATP[M-2H],ATP,Energy / Redox,NA,0.43133592032020296,2.407497046334191,1.976161126013988,9.251404415050157e-8,8.874495346288853e-7,Wa > Sp,0.0180064760069288,0.04879015230962055,2.7192540729666148e-5,1.810246282860632e-4,Shared significant HL-up,Wa > Sp
Fig. 6E: Energy / redox,CE-TOF MS,T-060_NAD,NAD,Energy / Redox,NA,-0.1014604418806666,0.32466782362452484,0.42612826550519145,0.00367237571147025,0.01093270470426202,Wa > Sp,0.8858784975834191,0.9999984037793923,0.010385177274739971,0.029509101280663575,Wa-specific significant HL-up,Wa > Sp
Fig. 6E: Energy / redox,CE-TOF MS,T-062_NADP,NADP,Energy / Redox,NA,0.01489226404297916,-0.7837204305726839,-0.7986126946156631,0.244153576559842,0.35340433324574483,Not significant,0.48797605174086356,0.6673982366082833,0.9211312621952816,0.9999997615503591,Not significant / other,Not significant / other
