SourceFile,FileName,DateTimeOriginal,AmbientTemperature,Model,XResolution,YResolution,ExposureTime,ExposureProgram,ISO,LightSource,SerialNumber,Flash,FocusMode,MacroLED,ExposureCompensation,plate
photo/A0000106.JPG,A0000106.JPG,2025:10:09 11:27:51,25.5 C,TG-6,314,314,1/125,Creative (Slow speed),500.0,Unknown,BJ6C81248,"Off, Did not fire","Single AF; S-AF, Imager AF",On,-1.0,P01
photo/A0000107.JPG,A0000107.JPG,2025:10:09 11:29:14,26.1 C,TG-6,314,314,1/125,Creative (Slow speed),400.0,Unknown,BJ6C81248,"Off, Did not fire","Single AF; S-AF, Imager AF",On,-1.0,P02
photo/A0000108.JPG,A0000108.JPG,2025:10:09 11:29:51,26 C,TG-6,314,314,1/125,Creative (Slow speed),500.0,Unknown,BJ6C81248,"Off, Did not fire","Single AF; S-AF, Imager AF",On,-1.0,P03
photo/A0000109.JPG,A0000109.JPG,2025:10:09 11:30:55,26.1 C,TG-6,314,314,1/125,Creative (Slow speed),640.0,Unknown,BJ6C81248,"Off, Did not fire","Single AF; S-AF, Imager AF",On,-1.0,P04
photo/A0000110.JPG,A0000110.JPG,2025:10:09 11:31:24,26.3 C,TG-6,314,314,1/125,Creative (Slow speed),500.0,Unknown,BJ6C81248,"Off, Did not fire","Single AF; S-AF, Imager AF",On,-1.0,P05
photo/A0000111.JPG,A0000111.JPG,2025:10:09 11:31:43,26.4 C,TG-6,314,314,1/125,Creative (Slow speed),400.0,Unknown,BJ6C81248,"Off, Did not fire","Single AF; S-AF, Imager AF",On,-1.0,P06
photo/A0000112.JPG,A0000112.JPG,2025:10:09 11:31:57,26.3 C,TG-6,314,314,1/125,Creative (Slow speed),400.0,Unknown,BJ6C81248,"Off, Did not fire","Single AF; S-AF, Imager AF",On,-1.0,P07
photo/A0000113.JPG,A0000113.JPG,2025:10:09 11:32:14,26.4 C,TG-6,314,314,1/125,Creative (Slow speed),500.0,Unknown,BJ6C81248,"Off, Did not fire","Single AF; S-AF, Imager AF",On,-1.0,P08
photo/B0000358.JPG,B0000358.JPG,2025:10:10 11:02:20,24.2 C,TG-6,314,314,1/50,Creative (Slow speed),800.0,Unknown,BJ6C95862,"Off, Did not fire","Single AF; S-AF, Imager AF",Off,-0.7,P01
photo/B0000359.JPG,B0000359.JPG,2025:10:10 11:04:19,25.1 C,TG-6,314,314,1/40,Creative (Slow speed),800.0,Unknown,BJ6C95862,"Off, Did not fire","Single AF; S-AF, Imager AF",Off,-0.7,P02
photo/B0000360.JPG,B0000360.JPG,2025:10:10 11:04:44,25.4 C,TG-6,314,314,1/40,Creative (Slow speed),800.0,Unknown,BJ6C95862,"Off, Did not fire","Single AF; S-AF, Imager AF",Off,-0.7,P03
photo/B0000361.JPG,B0000361.JPG,2025:10:10 11:05:41,25.7 C,TG-6,314,314,1/50,Creative (Slow speed),800.0,Unknown,BJ6C95862,"Off, Did not fire","Single AF; S-AF, Imager AF",Off,-0.7,P04
photo/B0000362.JPG,B0000362.JPG,2025:10:10 11:06:05,26 C,TG-6,314,314,1/30,Creative (Slow speed),800.0,Unknown,BJ6C95862,"Off, Did not fire","Single AF; S-AF, Imager AF",Off,-0.7,P05
photo/B0000363.JPG,B0000363.JPG,2025:10:10 11:06:22,25.8 C,TG-6,314,314,1/50,Creative (Slow speed),800.0,Unknown,BJ6C95862,"Off, Did not fire","Single AF; S-AF, Imager AF",Off,-0.7,P06
photo/B0000364.JPG,B0000364.JPG,2025:10:10 11:07:07,26.2 C,TG-6,314,314,1/30,Creative (Slow speed),800.0,Unknown,BJ6C95862,"Off, Did not fire","Single AF; S-AF, Imager AF",Off,-0.7,P07
photo/B0000365.JPG,B0000365.JPG,2025:10:10 11:07:22,26.1 C,TG-6,314,314,1/40,Creative (Slow speed),800.0,Unknown,BJ6C95862,"Off, Did not fire","Single AF; S-AF, Imager AF",Off,-0.7,P08
photo/B0000366.JPG,B0000366.JPG,2025:10:11 11:12:35,26.3 C,TG-6,314,314,1/40,Creative (Slow speed),800.0,Unknown,BJ6C95862,"Off, Did not fire","Single AF; S-AF, Imager AF",Off,-0.7,P01
photo/B0000367.JPG,B0000367.JPG,2025:10:11 11:13:20,26.8 C,TG-6,314,314,1/50,Creative (Slow speed),800.0,Unknown,BJ6C95862,"Off, Did not fire","Single AF; S-AF, Imager AF",Off,-0.7,P02
photo/B0000368.JPG,B0000368.JPG,2025:10:11 11:13:35,27.1 C,TG-6,314,314,1/40,Creative (Slow speed),800.0,Unknown,BJ6C95862,"Off, Did not fire","Single AF; S-AF, Imager AF",Off,-0.7,P03
photo/B0000369.JPG,B0000369.JPG,2025:10:11 11:13:46,26.8 C,TG-6,314,314,1/50,Creative (Slow speed),800.0,Unknown,BJ6C95862,"Off, Did not fire","Single AF; S-AF, Imager AF",Off,-0.7,P04
photo/B0000370.JPG,B0000370.JPG,2025:10:11 11:14:01,27.1 C,TG-6,314,314,1/30,Creative (Slow speed),800.0,Unknown,BJ6C95862,"Off, Did not fire","Single AF; S-AF, Imager AF",Off,-0.7,P05
photo/B0000371.JPG,B0000371.JPG,2025:10:11 11:14:15,27.4 C,TG-6,314,314,1/30,Creative (Slow speed),800.0,Unknown,BJ6C95862,"Off, Did not fire","Single AF; S-AF, Imager AF",Off,-0.7,P06
photo/B0000372.JPG,B0000372.JPG,2025:10:11 11:14:48,27.5 C,TG-6,314,314,1/30,Creative (Slow speed),1000.0,Unknown,BJ6C95862,"Off, Did not fire","Single AF; S-AF, Imager AF",Off,-0.7,P07
photo/B0000373.JPG,B0000373.JPG,2025:10:11 11:15:05,27.8 C,TG-6,314,314,1/30,Creative (Slow speed),800.0,Unknown,BJ6C95862,"Off, Did not fire","Single AF; S-AF, Imager AF",Off,-0.7,P08
photo/B0000374.JPG,B0000374.JPG,2025:10:12 11:03:16,23.2 C,TG-6,314,314,1/50,Creative (Slow speed),800.0,Unknown,BJ6C95862,"Off, Did not fire","Single AF; S-AF, Imager AF",Off,-0.7,P01
photo/B0000375.JPG,B0000375.JPG,2025:10:12 11:04:25,24.3 C,TG-6,314,314,1/60,Creative (Slow speed),800.0,Unknown,BJ6C95862,"Off, Did not fire","Single AF; S-AF, Imager AF",Off,-0.7,P02
photo/B0000376.JPG,B0000376.JPG,2025:10:12 11:04:44,24.7 C,TG-6,314,314,1/40,Creative (Slow speed),800.0,Unknown,BJ6C95862,"Off, Did not fire","Single AF; S-AF, Imager AF",Off,-0.7,P03
photo/B0000377.JPG,B0000377.JPG,2025:10:12 11:05:03,24.8 C,TG-6,314,314,1/50,Creative (Slow speed),800.0,Unknown,BJ6C95862,"Off, Did not fire","Single AF; S-AF, Imager AF",Off,-0.7,P04
photo/B0000378.JPG,B0000378.JPG,2025:10:12 11:05:23,25.2 C,TG-6,314,314,1/30,Creative (Slow speed),1000.0,Unknown,BJ6C95862,"Off, Did not fire","Single AF; S-AF, Imager AF",Off,-0.7,P05
photo/B0000379.JPG,B0000379.JPG,2025:10:12 11:06:00,25.9 C,TG-6,314,314,1/30,Creative (Slow speed),800.0,Unknown,BJ6C95862,"Off, Did not fire","Single AF; S-AF, Imager AF",Off,-0.7,P06
photo/B0000380.JPG,B0000380.JPG,2025:10:12 11:06:12,25.7 C,TG-6,314,314,1/30,Creative (Slow speed),1000.0,Unknown,BJ6C95862,"Off, Did not fire","Single AF; S-AF, Imager AF",Off,-0.7,P07
photo/B0000381.JPG,B0000381.JPG,2025:10:12 11:06:28,26 C,TG-6,314,314,1/30,Creative (Slow speed),1000.0,Unknown,BJ6C95862,"Off, Did not fire","Single AF; S-AF, Imager AF",Off,-0.7,P08
photo/B0000382.JPG,B0000382.JPG,2025:10:13 11:00:35,24.5 C,TG-6,314,314,1/50,Creative (Slow speed),800.0,Unknown,BJ6C95862,"Off, Did not fire","Single AF; S-AF, Imager AF",Off,-0.7,P01
photo/B0000383.JPG,B0000383.JPG,2025:10:13 11:01:03,25 C,TG-6,314,314,1/60,Creative (Slow speed),800.0,Unknown,BJ6C95862,"Off, Did not fire","Single AF; S-AF, Imager AF",Off,-0.7,P02
photo/B0000384.JPG,B0000384.JPG,2025:10:13 11:02:48,26.9 C,TG-6,314,314,1/40,Creative (Slow speed),800.0,Unknown,BJ6C95862,"Off, Did not fire","Single AF; S-AF, Imager AF",Off,-0.7,P03
photo/B0000385.JPG,B0000385.JPG,2025:10:13 11:03:15,27.2 C,TG-6,314,314,1/50,Creative (Slow speed),800.0,Unknown,BJ6C95862,"Off, Did not fire","Single AF; S-AF, Imager AF",Off,-0.7,P04
photo/B0000386.JPG,B0000386.JPG,2025:10:13 11:03:38,27.7 C,TG-6,314,314,1/30,Creative (Slow speed),1000.0,Unknown,BJ6C95862,"Off, Did not fire","Single AF; S-AF, Imager AF",Off,-0.7,P05
photo/B0000387.JPG,B0000387.JPG,2025:10:13 11:03:53,28 C,TG-6,314,314,1/40,Creative (Slow speed),800.0,Unknown,BJ6C95862,"Off, Did not fire","Single AF; S-AF, Imager AF",Off,-0.7,P06
photo/B0000388.JPG,B0000388.JPG,2025:10:13 11:04:10,27.9 C,TG-6,314,314,1/30,Creative (Slow speed),1000.0,Unknown,BJ6C95862,"Off, Did not fire","Single AF; S-AF, Imager AF",Off,-0.7,P07
photo/B0000389.JPG,B0000389.JPG,2025:10:13 11:05:01,28.7 C,TG-6,314,314,1/30,Creative (Slow speed),1000.0,Unknown,BJ6C95862,"Off, Did not fire","Single AF; S-AF, Imager AF",Off,-0.7,P08
photo/C0000191.JPG,C0000191.JPG,2025:10:06 13:42:50,25.1 C,TG-6,314,314,1/30,Creative (Slow speed),800.0,Unknown,BJ6C95868,"Auto, Did not fire","Face Detect; S-AF, Face Detect, Imager AF",Off,0.0,P01
photo/C0000202.JPG,C0000202.JPG,2025:10:06 13:52:32,29.7 C,TG-6,314,314,1/30,Creative (Slow speed),1000.0,Unknown,BJ6C95868,"Auto, Did not fire","Face Detect; S-AF, Face Detect, Imager AF",Off,0.0,P02
photo/C0000203.JPG,C0000203.JPG,2025:10:06 13:52:46,29.6 C,TG-6,314,314,1/30,Creative (Slow speed),1600.0,Unknown,BJ6C95868,"Auto, Did not fire","Face Detect; S-AF, Face Detect, Imager AF",Off,0.0,P03
photo/C0000204.JPG,C0000204.JPG,2025:10:06 13:53:44,29.8 C,TG-6,314,314,1/30,Creative (Slow speed),1600.0,Unknown,BJ6C95868,"Auto, Did not fire","Face Detect; S-AF, Face Detect, Imager AF",Off,0.0,P04
photo/C0000205.JPG,C0000205.JPG,2025:10:06 13:54:16,30 C,TG-6,314,314,1/30,Creative (Slow speed),1600.0,Unknown,BJ6C95868,"Auto, Did not fire","Face Detect; S-AF, Face Detect, Imager AF",Off,0.0,P05
photo/C0000206.JPG,C0000206.JPG,2025:10:06 13:54:37,30 C,TG-6,314,314,1/30,Creative (Slow speed),1250.0,Unknown,BJ6C95868,"Auto, Did not fire","Face Detect; S-AF, Face Detect, Imager AF",Off,0.0,P06
photo/C0000207.JPG,C0000207.JPG,2025:10:06 13:54:52,30 C,TG-6,314,314,1/30,Creative (Slow speed),1600.0,Unknown,BJ6C95868,"Auto, Did not fire","Face Detect; S-AF, Face Detect, Imager AF",Off,0.0,P07
photo/C0000208.JPG,C0000208.JPG,2025:10:06 13:55:10,30.1 C,TG-6,314,314,1/30,Creative (Slow speed),1250.0,Unknown,BJ6C95868,"Auto, Did not fire","Face Detect; S-AF, Face Detect, Imager AF",Off,0.0,P08
photo/C0000209.JPG,C0000209.JPG,2025:10:07 11:06:34,26.4 C,TG-6,314,314,1/30,Creative (Slow speed),800.0,Unknown,BJ6C95868,"Auto, Did not fire","Face Detect; S-AF, Face Detect, Imager AF",Off,0.0,P01
photo/C0000210.JPG,C0000210.JPG,2025:10:07 11:07:00,26.6 C,TG-6,314,314,1/30,Creative (Slow speed),1000.0,Unknown,BJ6C95868,"Auto, Did not fire","Face Detect; S-AF, Face Detect, Imager AF",Off,0.0,P02
photo/C0000211.JPG,C0000211.JPG,2025:10:07 11:07:20,26.6 C,TG-6,314,314,1/30,Creative (Slow speed),800.0,Unknown,BJ6C95868,"Auto, Did not fire","Face Detect; S-AF, Face Detect, Imager AF",Off,0.0,P03
photo/C0000212.JPG,C0000212.JPG,2025:10:07 11:07:43,26.9 C,TG-6,314,314,1/30,Creative (Slow speed),800.0,Unknown,BJ6C95868,"Auto, Did not fire","Face Detect; S-AF, Face Detect, Imager AF",Off,0.0,P04
photo/C0000213.JPG,C0000213.JPG,2025:10:07 11:08:07,27.3 C,TG-6,314,314,1/30,Creative (Slow speed),1000.0,Unknown,BJ6C95868,"Auto, Did not fire","Face Detect; S-AF, Face Detect, Imager AF",Off,0.0,P05
photo/C0000214.JPG,C0000214.JPG,2025:10:07 11:08:30,27.2 C,TG-6,314,314,1/30,Creative (Slow speed),640.0,Unknown,BJ6C95868,"Auto, Did not fire","Face Detect; S-AF, Face Detect, Imager AF",Off,0.0,P06
photo/C0000215.JPG,C0000215.JPG,2025:10:07 11:08:54,27.5 C,TG-6,314,314,1/30,Creative (Slow speed),1250.0,Unknown,BJ6C95868,"Auto, Did not fire","Face Detect; S-AF, Face Detect, Imager AF",Off,0.0,P07
photo/C0000216.JPG,C0000216.JPG,2025:10:07 11:09:09,27.7 C,TG-6,314,314,1/30,Creative (Slow speed),1250.0,Unknown,BJ6C95868,"Auto, Did not fire","Face Detect; S-AF, Face Detect, Imager AF",Off,0.0,P08
photo/C0000217.JPG,C0000217.JPG,2025:10:08 11:09:55,26.5 C,TG-6,314,314,1/30,Creative (Slow speed),1000.0,Unknown,BJ6C95868,"Auto, Did not fire","Face Detect; S-AF, Face Detect, Imager AF",Off,0.0,P01
photo/C0000218.JPG,C0000218.JPG,2025:10:08 11:11:40,27.3 C,TG-6,314,314,1/30,Creative (Slow speed),800.0,Unknown,BJ6C95868,"Auto, Did not fire","Face Detect; S-AF, Face Detect, Imager AF",Off,0.0,P02
photo/C0000219.JPG,C0000219.JPG,2025:10:08 11:12:07,27.7 C,TG-6,314,314,1/30,Creative (Slow speed),640.0,Unknown,BJ6C95868,"Auto, Did not fire","Face Detect; S-AF, Face Detect, Imager AF",Off,0.0,P03
photo/C0000220.JPG,C0000220.JPG,2025:10:08 11:12:28,27.6 C,TG-6,314,314,1/30,Creative (Slow speed),640.0,Unknown,BJ6C95868,"Auto, Did not fire","Face Detect; S-AF, Face Detect, Imager AF",Off,0.0,P04
photo/C0000221.JPG,C0000221.JPG,2025:10:08 11:12:54,27.9 C,TG-6,314,314,1/30,Creative (Slow speed),1000.0,Unknown,BJ6C95868,"Auto, Did not fire","Face Detect; S-AF, Face Detect, Imager AF",Off,0.0,P05
photo/C0000222.JPG,C0000222.JPG,2025:10:08 11:13:27,28 C,TG-6,314,314,1/30,Creative (Slow speed),800.0,Unknown,BJ6C95868,"Auto, Did not fire","Face Detect; S-AF, Face Detect, Imager AF",Off,0.0,P06
photo/C0000223.JPG,C0000223.JPG,2025:10:08 11:13:47,28.2 C,TG-6,314,314,1/30,Creative (Slow speed),1250.0,Unknown,BJ6C95868,"Auto, Did not fire","Face Detect; S-AF, Face Detect, Imager AF",Off,0.0,P07
photo/C0000224.JPG,C0000224.JPG,2025:10:08 11:14:10,28.4 C,TG-6,314,314,1/30,Creative (Slow speed),1000.0,Unknown,BJ6C95868,"Auto, Did not fire","Face Detect; S-AF, Face Detect, Imager AF",Off,0.0,P08
photo/kiridashi/split_images/binary_images/binary_cropped_A0000106_y0-x0.jpg,binary_cropped_A0000106_y0-x0.jpg,,,,96,96,,,,,,,,,,
photo/kiridashi/split_images/binary_images/binary_cropped_A0000106_y0-x1.jpg,binary_cropped_A0000106_y0-x1.jpg,,,,96,96,,,,,,,,,,
photo/kiridashi/split_images/binary_images/binary_cropped_A0000106_y0-x2.jpg,binary_cropped_A0000106_y0-x2.jpg,,,,96,96,,,,,,,,,,
photo/kiridashi/split_images/binary_images/binary_cropped_A0000106_y1-x0.jpg,binary_cropped_A0000106_y1-x0.jpg,,,,96,96,,,,,,,,,,
photo/kiridashi/split_images/binary_images/binary_cropped_A0000106_y1-x1.jpg,binary_cropped_A0000106_y1-x1.jpg,,,,96,96,,,,,,,,,,
photo/kiridashi/split_images/binary_images/binary_cropped_A0000106_y1-x2.jpg,binary_cropped_A0000106_y1-x2.jpg,,,,96,96,,,,,,,,,,
photo/kiridashi/split_images/binary_images/binary_cropped_A0000107_y0-x0.jpg,binary_cropped_A0000107_y0-x0.jpg,,,,96,96,,,,,,,,,,
photo/kiridashi/split_images/binary_images/binary_cropped_A0000107_y0-x1.jpg,binary_cropped_A0000107_y0-x1.jpg,,,,96,96,,,,,,,,,,
photo/kiridashi/split_images/binary_images/binary_cropped_A0000107_y0-x2.jpg,binary_cropped_A0000107_y0-x2.jpg,,,,96,96,,,,,,,,,,
photo/kiridashi/split_images/binary_images/binary_cropped_A0000107_y1-x0.jpg,binary_cropped_A0000107_y1-x0.jpg,,,,96,96,,,,,,,,,,
photo/kiridashi/split_images/binary_images/binary_cropped_A0000107_y1-x1.jpg,binary_cropped_A0000107_y1-x1.jpg,,,,1,1,,,,,,,,,,
photo/kiridashi/split_images/binary_images/binary_cropped_A0000107_y1-x2.jpg,binary_cropped_A0000107_y1-x2.jpg,,,,96,96,,,,,,,,,,
photo/kiridashi/split_images/binary_images/binary_cropped_A0000108_y0-x0.jpg,binary_cropped_A0000108_y0-x0.jpg,,,,96,96,,,,,,,,,,
photo/kiridashi/split_images/binary_images/binary_cropped_A0000108_y0-x1.jpg,binary_cropped_A0000108_y0-x1.jpg,,,,96,96,,,,,,,,,,
photo/kiridashi/split_images/binary_images/binary_cropped_A0000108_y0-x2.jpg,binary_cropped_A0000108_y0-x2.jpg,,,,96,96,,,,,,,,,,
photo/kiridashi/split_images/binary_images/binary_cropped_A0000108_y1-x0.jpg,binary_cropped_A0000108_y1-x0.jpg,,,,96,96,,,,,,,,,,
photo/kiridashi/split_images/binary_images/binary_cropped_A0000108_y1-x1.jpg,binary_cropped_A0000108_y1-x1.jpg,,,,1,1,,,,,,,,,,
photo/kiridashi/split_images/binary_images/binary_cropped_A0000108_y1-x2.jpg,binary_cropped_A0000108_y1-x2.jpg,,,,96,96,,,,,,,,,,
photo/kiridashi/split_images/binary_images/binary_cropped_A0000109_y0-x0.jpg,binary_cropped_A0000109_y0-x0.jpg,,,,96,96,,,,,,,,,,
photo/kiridashi/split_images/binary_images/binary_cropped_A0000109_y0-x1.jpg,binary_cropped_A0000109_y0-x1.jpg,,,,96,96,,,,,,,,,,
photo/kiridashi/split_images/binary_images/binary_cropped_A0000109_y0-x2.jpg,binary_cropped_A0000109_y0-x2.jpg,,,,96,96,,,,,,,,,,
photo/kiridashi/split_images/binary_images/binary_cropped_A0000109_y1-x0.jpg,binary_cropped_A0000109_y1-x0.jpg,,,,96,96,,,,,,,,,,
photo/kiridashi/split_images/binary_images/binary_cropped_A0000109_y1-x1.jpg,binary_cropped_A0000109_y1-x1.jpg,,,,96,96,,,,,,,,,,
photo/kiridashi/split_images/binary_images/binary_cropped_A0000109_y1-x2.jpg,binary_cropped_A0000109_y1-x2.jpg,,,,96,96,,,,,,,,,,
photo/kiridashi/split_images/binary_images/binary_cropped_A0000110_y0-x0.jpg,binary_cropped_A0000110_y0-x0.jpg,,,,96,96,,,,,,,,,,
photo/kiridashi/split_images/binary_images/binary_cropped_A0000110_y0-x1.jpg,binary_cropped_A0000110_y0-x1.jpg,,,,96,96,,,,,,,,,,
photo/kiridashi/split_images/binary_images/binary_cropped_A0000110_y0-x2.jpg,binary_cropped_A0000110_y0-x2.jpg,,,,96,96,,,,,,,,,,
photo/kiridashi/split_images/binary_images/binary_cropped_A0000110_y1-x0.jpg,binary_cropped_A0000110_y1-x0.jpg,,,,96,96,,,,,,,,,,
photo/kiridashi/split_images/binary_images/binary_cropped_A0000110_y1-x1.jpg,binary_cropped_A0000110_y1-x1.jpg,,,,96,96,,,,,,,,,,
photo/kiridashi/split_images/binary_images/binary_cropped_A0000110_y1-x2.jpg,binary_cropped_A0000110_y1-x2.jpg,,,,96,96,,,,,,,,,,
photo/kiridashi/split_images/binary_images/binary_cropped_A0000111_y0-x0.jpg,binary_cropped_A0000111_y0-x0.jpg,,,,96,96,,,,,,,,,,
photo/kiridashi/split_images/binary_images/binary_cropped_A0000111_y0-x1.jpg,binary_cropped_A0000111_y0-x1.jpg,,,,96,96,,,,,,,,,,
photo/kiridashi/split_images/binary_images/binary_cropped_A0000111_y0-x2.jpg,binary_cropped_A0000111_y0-x2.jpg,,,,96,96,,,,,,,,,,
photo/kiridashi/split_images/binary_images/binary_cropped_A0000111_y1-x0.jpg,binary_cropped_A0000111_y1-x0.jpg,,,,96,96,,,,,,,,,,
photo/kiridashi/split_images/binary_images/binary_cropped_A0000111_y1-x1.jpg,binary_cropped_A0000111_y1-x1.jpg,,,,96,96,,,,,,,,,,
photo/kiridashi/split_images/binary_images/binary_cropped_A0000111_y1-x2.jpg,binary_cropped_A0000111_y1-x2.jpg,,,,96,96,,,,,,,,,,
photo/kiridashi/split_images/binary_images/binary_cropped_A0000112_y0-x0.jpg,binary_cropped_A0000112_y0-x0.jpg,,,,96,96,,,,,,,,,,
photo/kiridashi/split_images/binary_images/binary_cropped_A0000112_y0-x1.jpg,binary_cropped_A0000112_y0-x1.jpg,,,,96,96,,,,,,,,,,
photo/kiridashi/split_images/binary_images/binary_cropped_A0000112_y0-x2.jpg,binary_cropped_A0000112_y0-x2.jpg,,,,96,96,,,,,,,,,,
photo/kiridashi/split_images/binary_images/binary_cropped_A0000112_y1-x0.jpg,binary_cropped_A0000112_y1-x0.jpg,,,,96,96,,,,,,,,,,
photo/kiridashi/split_images/binary_images/binary_cropped_A0000112_y1-x1.jpg,binary_cropped_A0000112_y1-x1.jpg,,,,96,96,,,,,,,,,,
photo/kiridashi/split_images/binary_images/binary_cropped_A0000112_y1-x2.jpg,binary_cropped_A0000112_y1-x2.jpg,,,,96,96,,,,,,,,,,
photo/kiridashi/split_images/binary_images/binary_cropped_A0000113_y0-x0.jpg,binary_cropped_A0000113_y0-x0.jpg,,,,96,96,,,,,,,,,,
photo/kiridashi/split_images/binary_images/binary_cropped_A0000113_y0-x1.jpg,binary_cropped_A0000113_y0-x1.jpg,,,,96,96,,,,,,,,,,
photo/kiridashi/split_images/binary_images/binary_cropped_A0000113_y0-x2.jpg,binary_cropped_A0000113_y0-x2.jpg,,,,96,96,,,,,,,,,,
photo/kiridashi/split_images/binary_images/binary_cropped_A0000113_y1-x0.jpg,binary_cropped_A0000113_y1-x0.jpg,,,,96,96,,,,,,,,,,
photo/kiridashi/split_images/binary_images/binary_cropped_A0000113_y1-x1.jpg,binary_cropped_A0000113_y1-x1.jpg,,,,1,1,,,,,,,,,,
photo/kiridashi/split_images/binary_images/binary_cropped_A0000113_y1-x2.jpg,binary_cropped_A0000113_y1-x2.jpg,,,,96,96,,,,,,,,,,
photo/kiridashi/split_images/binary_images/binary_cropped_B0000358_y0-x0.jpg,binary_cropped_B0000358_y0-x0.jpg,,,,96,96,,,,,,,,,,
photo/kiridashi/split_images/binary_images/binary_cropped_B0000358_y0-x1.jpg,binary_cropped_B0000358_y0-x1.jpg,,,,1,1,,,,,,,,,,
photo/kiridashi/split_images/binary_images/binary_cropped_B0000358_y0-x2.jpg,binary_cropped_B0000358_y0-x2.jpg,,,,96,96,,,,,,,,,,
photo/kiridashi/split_images/binary_images/binary_cropped_B0000358_y1-x0.jpg,binary_cropped_B0000358_y1-x0.jpg,,,,1,1,,,,,,,,,,
photo/kiridashi/split_images/binary_images/binary_cropped_B0000358_y1-x1.jpg,binary_cropped_B0000358_y1-x1.jpg,,,,96,96,,,,,,,,,,
photo/kiridashi/split_images/binary_images/binary_cropped_B0000358_y1-x2.jpg,binary_cropped_B0000358_y1-x2.jpg,,,,1,1,,,,,,,,,,
photo/kiridashi/split_images/binary_images/binary_cropped_B0000359_y0-x0.jpg,binary_cropped_B0000359_y0-x0.jpg,,,,96,96,,,,,,,,,,
photo/kiridashi/split_images/binary_images/binary_cropped_B0000359_y0-x1.jpg,binary_cropped_B0000359_y0-x1.jpg,,,,96,96,,,,,,,,,,
photo/kiridashi/split_images/binary_images/binary_cropped_B0000359_y0-x2.jpg,binary_cropped_B0000359_y0-x2.jpg,,,,96,96,,,,,,,,,,
photo/kiridashi/split_images/binary_images/binary_cropped_B0000359_y1-x0.jpg,binary_cropped_B0000359_y1-x0.jpg,,,,96,96,,,,,,,,,,
photo/kiridashi/split_images/binary_images/binary_cropped_B0000359_y1-x1.jpg,binary_cropped_B0000359_y1-x1.jpg,,,,96,96,,,,,,,,,,
photo/kiridashi/split_images/binary_images/binary_cropped_B0000359_y1-x2.jpg,binary_cropped_B0000359_y1-x2.jpg,,,,96,96,,,,,,,,,,
photo/kiridashi/split_images/binary_images/binary_cropped_B0000360_y0-x0.jpg,binary_cropped_B0000360_y0-x0.jpg,,,,96,96,,,,,,,,,,
photo/kiridashi/split_images/binary_images/binary_cropped_B0000360_y0-x1.jpg,binary_cropped_B0000360_y0-x1.jpg,,,,1,1,,,,,,,,,,
photo/kiridashi/split_images/binary_images/binary_cropped_B0000360_y0-x2.jpg,binary_cropped_B0000360_y0-x2.jpg,,,,96,96,,,,,,,,,,
photo/kiridashi/split_images/binary_images/binary_cropped_B0000360_y1-x0.jpg,binary_cropped_B0000360_y1-x0.jpg,,,,1,1,,,,,,,,,,
photo/kiridashi/split_images/binary_images/binary_cropped_B0000360_y1-x1.jpg,binary_cropped_B0000360_y1-x1.jpg,,,,1,1,,,,,,,,,,
photo/kiridashi/split_images/binary_images/binary_cropped_B0000360_y1-x2.jpg,binary_cropped_B0000360_y1-x2.jpg,,,,1,1,,,,,,,,,,
photo/kiridashi/split_images/binary_images/binary_cropped_B0000361_y0-x0.jpg,binary_cropped_B0000361_y0-x0.jpg,,,,96,96,,,,,,,,,,
photo/kiridashi/split_images/binary_images/binary_cropped_B0000361_y0-x1.jpg,binary_cropped_B0000361_y0-x1.jpg,,,,1,1,,,,,,,,,,
photo/kiridashi/split_images/binary_images/binary_cropped_B0000361_y0-x2.jpg,binary_cropped_B0000361_y0-x2.jpg,,,,96,96,,,,,,,,,,
photo/kiridashi/split_images/binary_images/binary_cropped_B0000361_y1-x0.jpg,binary_cropped_B0000361_y1-x0.jpg,,,,96,96,,,,,,,,,,
photo/kiridashi/split_images/binary_images/binary_cropped_B0000361_y1-x1.jpg,binary_cropped_B0000361_y1-x1.jpg,,,,96,96,,,,,,,,,,
photo/kiridashi/split_images/binary_images/binary_cropped_B0000361_y1-x2.jpg,binary_cropped_B0000361_y1-x2.jpg,,,,96,96,,,,,,,,,,
photo/kiridashi/split_images/binary_images/binary_cropped_B0000362_y0-x0.jpg,binary_cropped_B0000362_y0-x0.jpg,,,,96,96,,,,,,,,,,
photo/kiridashi/split_images/binary_images/binary_cropped_B0000362_y0-x1.jpg,binary_cropped_B0000362_y0-x1.jpg,,,,96,96,,,,,,,,,,
photo/kiridashi/split_images/binary_images/binary_cropped_B0000362_y0-x2.jpg,binary_cropped_B0000362_y0-x2.jpg,,,,96,96,,,,,,,,,,
photo/kiridashi/split_images/binary_images/binary_cropped_B0000362_y1-x0.jpg,binary_cropped_B0000362_y1-x0.jpg,,,,96,96,,,,,,,,,,
photo/kiridashi/split_images/binary_images/binary_cropped_B0000362_y1-x1.jpg,binary_cropped_B0000362_y1-x1.jpg,,,,1,1,,,,,,,,,,
photo/kiridashi/split_images/binary_images/binary_cropped_B0000362_y1-x2.jpg,binary_cropped_B0000362_y1-x2.jpg,,,,96,96,,,,,,,,,,
photo/kiridashi/split_images/binary_images/binary_cropped_B0000363_y0-x0.jpg,binary_cropped_B0000363_y0-x0.jpg,,,,96,96,,,,,,,,,,
photo/kiridashi/split_images/binary_images/binary_cropped_B0000363_y0-x1.jpg,binary_cropped_B0000363_y0-x1.jpg,,,,96,96,,,,,,,,,,
photo/kiridashi/split_images/binary_images/binary_cropped_B0000363_y0-x2.jpg,binary_cropped_B0000363_y0-x2.jpg,,,,1,1,,,,,,,,,,
photo/kiridashi/split_images/binary_images/binary_cropped_B0000363_y1-x0.jpg,binary_cropped_B0000363_y1-x0.jpg,,,,96,96,,,,,,,,,,
photo/kiridashi/split_images/binary_images/binary_cropped_B0000363_y1-x1.jpg,binary_cropped_B0000363_y1-x1.jpg,,,,1,1,,,,,,,,,,
photo/kiridashi/split_images/binary_images/binary_cropped_B0000363_y1-x2.jpg,binary_cropped_B0000363_y1-x2.jpg,,,,96,96,,,,,,,,,,
photo/kiridashi/split_images/binary_images/binary_cropped_B0000364_y0-x0.jpg,binary_cropped_B0000364_y0-x0.jpg,,,,96,96,,,,,,,,,,
photo/kiridashi/split_images/binary_images/binary_cropped_B0000364_y0-x1.jpg,binary_cropped_B0000364_y0-x1.jpg,,,,1,1,,,,,,,,,,
photo/kiridashi/split_images/binary_images/binary_cropped_B0000364_y0-x2.jpg,binary_cropped_B0000364_y0-x2.jpg,,,,1,1,,,,,,,,,,
photo/kiridashi/split_images/binary_images/binary_cropped_B0000364_y1-x0.jpg,binary_cropped_B0000364_y1-x0.jpg,,,,1,1,,,,,,,,,,
photo/kiridashi/split_images/binary_images/binary_cropped_B0000364_y1-x1.jpg,binary_cropped_B0000364_y1-x1.jpg,,,,96,96,,,,,,,,,,
photo/kiridashi/split_images/binary_images/binary_cropped_B0000364_y1-x2.jpg,binary_cropped_B0000364_y1-x2.jpg,,,,1,1,,,,,,,,,,
photo/kiridashi/split_images/binary_images/binary_cropped_B0000365_y0-x0.jpg,binary_cropped_B0000365_y0-x0.jpg,,,,96,96,,,,,,,,,,
photo/kiridashi/split_images/binary_images/binary_cropped_B0000365_y0-x1.jpg,binary_cropped_B0000365_y0-x1.jpg,,,,1,1,,,,,,,,,,
photo/kiridashi/split_images/binary_images/binary_cropped_B0000365_y0-x2.jpg,binary_cropped_B0000365_y0-x2.jpg,,,,96,96,,,,,,,,,,
photo/kiridashi/split_images/binary_images/binary_cropped_B0000365_y1-x0.jpg,binary_cropped_B0000365_y1-x0.jpg,,,,1,1,,,,,,,,,,
photo/kiridashi/split_images/binary_images/binary_cropped_B0000365_y1-x1.jpg,binary_cropped_B0000365_y1-x1.jpg,,,,96,96,,,,,,,,,,
photo/kiridashi/split_images/binary_images/binary_cropped_B0000365_y1-x2.jpg,binary_cropped_B0000365_y1-x2.jpg,,,,1,1,,,,,,,,,,
photo/kiridashi/split_images/binary_images/binary_cropped_B0000366_y0-x0.jpg,binary_cropped_B0000366_y0-x0.jpg,,,,96,96,,,,,,,,,,
photo/kiridashi/split_images/binary_images/binary_cropped_B0000366_y0-x1.jpg,binary_cropped_B0000366_y0-x1.jpg,,,,1,1,,,,,,,,,,
photo/kiridashi/split_images/binary_images/binary_cropped_B0000366_y0-x2.jpg,binary_cropped_B0000366_y0-x2.jpg,,,,96,96,,,,,,,,,,
photo/kiridashi/split_images/binary_images/binary_cropped_B0000366_y1-x0.jpg,binary_cropped_B0000366_y1-x0.jpg,,,,1,1,,,,,,,,,,
photo/kiridashi/split_images/binary_images/binary_cropped_B0000366_y1-x1.jpg,binary_cropped_B0000366_y1-x1.jpg,,,,96,96,,,,,,,,,,
photo/kiridashi/split_images/binary_images/binary_cropped_B0000366_y1-x2.jpg,binary_cropped_B0000366_y1-x2.jpg,,,,96,96,,,,,,,,,,
photo/kiridashi/split_images/binary_images/binary_cropped_B0000367_y0-x0.jpg,binary_cropped_B0000367_y0-x0.jpg,,,,96,96,,,,,,,,,,
photo/kiridashi/split_images/binary_images/binary_cropped_B0000367_y0-x1.jpg,binary_cropped_B0000367_y0-x1.jpg,,,,96,96,,,,,,,,,,
photo/kiridashi/split_images/binary_images/binary_cropped_B0000367_y0-x2.jpg,binary_cropped_B0000367_y0-x2.jpg,,,,96,96,,,,,,,,,,
photo/kiridashi/split_images/binary_images/binary_cropped_B0000367_y1-x0.jpg,binary_cropped_B0000367_y1-x0.jpg,,,,1,1,,,,,,,,,,
photo/kiridashi/split_images/binary_images/binary_cropped_B0000367_y1-x1.jpg,binary_cropped_B0000367_y1-x1.jpg,,,,1,1,,,,,,,,,,
photo/kiridashi/split_images/binary_images/binary_cropped_B0000367_y1-x2.jpg,binary_cropped_B0000367_y1-x2.jpg,,,,96,96,,,,,,,,,,
photo/kiridashi/split_images/binary_images/binary_cropped_B0000368_y0-x0.jpg,binary_cropped_B0000368_y0-x0.jpg,,,,1,1,,,,,,,,,,
photo/kiridashi/split_images/binary_images/binary_cropped_B0000368_y0-x1.jpg,binary_cropped_B0000368_y0-x1.jpg,,,,1,1,,,,,,,,,,
photo/kiridashi/split_images/binary_images/binary_cropped_B0000368_y0-x2.jpg,binary_cropped_B0000368_y0-x2.jpg,,,,1,1,,,,,,,,,,
photo/kiridashi/split_images/binary_images/binary_cropped_B0000368_y1-x0.jpg,binary_cropped_B0000368_y1-x0.jpg,,,,1,1,,,,,,,,,,
photo/kiridashi/split_images/binary_images/binary_cropped_B0000368_y1-x1.jpg,binary_cropped_B0000368_y1-x1.jpg,,,,96,96,,,,,,,,,,
photo/kiridashi/split_images/binary_images/binary_cropped_B0000368_y1-x2.jpg,binary_cropped_B0000368_y1-x2.jpg,,,,96,96,,,,,,,,,,
photo/kiridashi/split_images/binary_images/binary_cropped_B0000369_y0-x0.jpg,binary_cropped_B0000369_y0-x0.jpg,,,,96,96,,,,,,,,,,
photo/kiridashi/split_images/binary_images/binary_cropped_B0000369_y0-x1.jpg,binary_cropped_B0000369_y0-x1.jpg,,,,1,1,,,,,,,,,,
photo/kiridashi/split_images/binary_images/binary_cropped_B0000369_y0-x2.jpg,binary_cropped_B0000369_y0-x2.jpg,,,,96,96,,,,,,,,,,
photo/kiridashi/split_images/binary_images/binary_cropped_B0000369_y1-x0.jpg,binary_cropped_B0000369_y1-x0.jpg,,,,1,1,,,,,,,,,,
photo/kiridashi/split_images/binary_images/binary_cropped_B0000369_y1-x1.jpg,binary_cropped_B0000369_y1-x1.jpg,,,,1,1,,,,,,,,,,
photo/kiridashi/split_images/binary_images/binary_cropped_B0000369_y1-x2.jpg,binary_cropped_B0000369_y1-x2.jpg,,,,96,96,,,,,,,,,,
photo/kiridashi/split_images/binary_images/binary_cropped_B0000370_y0-x0.jpg,binary_cropped_B0000370_y0-x0.jpg,,,,96,96,,,,,,,,,,
photo/kiridashi/split_images/binary_images/binary_cropped_B0000370_y0-x1.jpg,binary_cropped_B0000370_y0-x1.jpg,,,,96,96,,,,,,,,,,
photo/kiridashi/split_images/binary_images/binary_cropped_B0000370_y0-x2.jpg,binary_cropped_B0000370_y0-x2.jpg,,,,96,96,,,,,,,,,,
photo/kiridashi/split_images/binary_images/binary_cropped_B0000370_y1-x0.jpg,binary_cropped_B0000370_y1-x0.jpg,,,,96,96,,,,,,,,,,
photo/kiridashi/split_images/binary_images/binary_cropped_B0000370_y1-x1.jpg,binary_cropped_B0000370_y1-x1.jpg,,,,96,96,,,,,,,,,,
photo/kiridashi/split_images/binary_images/binary_cropped_B0000370_y1-x2.jpg,binary_cropped_B0000370_y1-x2.jpg,,,,96,96,,,,,,,,,,
photo/kiridashi/split_images/binary_images/binary_cropped_B0000371_y0-x0.jpg,binary_cropped_B0000371_y0-x0.jpg,,,,96,96,,,,,,,,,,
photo/kiridashi/split_images/binary_images/binary_cropped_B0000371_y0-x1.jpg,binary_cropped_B0000371_y0-x1.jpg,,,,1,1,,,,,,,,,,
photo/kiridashi/split_images/binary_images/binary_cropped_B0000371_y0-x2.jpg,binary_cropped_B0000371_y0-x2.jpg,,,,96,96,,,,,,,,,,
photo/kiridashi/split_images/binary_images/binary_cropped_B0000371_y1-x0.jpg,binary_cropped_B0000371_y1-x0.jpg,,,,96,96,,,,,,,,,,
photo/kiridashi/split_images/binary_images/binary_cropped_B0000371_y1-x1.jpg,binary_cropped_B0000371_y1-x1.jpg,,,,96,96,,,,,,,,,,
photo/kiridashi/split_images/binary_images/binary_cropped_B0000371_y1-x2.jpg,binary_cropped_B0000371_y1-x2.jpg,,,,1,1,,,,,,,,,,
photo/kiridashi/split_images/binary_images/binary_cropped_B0000372_y0-x0.jpg,binary_cropped_B0000372_y0-x0.jpg,,,,96,96,,,,,,,,,,
photo/kiridashi/split_images/binary_images/binary_cropped_B0000372_y0-x1.jpg,binary_cropped_B0000372_y0-x1.jpg,,,,96,96,,,,,,,,,,
photo/kiridashi/split_images/binary_images/binary_cropped_B0000372_y0-x2.jpg,binary_cropped_B0000372_y0-x2.jpg,,,,96,96,,,,,,,,,,
photo/kiridashi/split_images/binary_images/binary_cropped_B0000372_y1-x0.jpg,binary_cropped_B0000372_y1-x0.jpg,,,,96,96,,,,,,,,,,
photo/kiridashi/split_images/binary_images/binary_cropped_B0000372_y1-x1.jpg,binary_cropped_B0000372_y1-x1.jpg,,,,96,96,,,,,,,,,,
photo/kiridashi/split_images/binary_images/binary_cropped_B0000372_y1-x2.jpg,binary_cropped_B0000372_y1-x2.jpg,,,,96,96,,,,,,,,,,
photo/kiridashi/split_images/binary_images/binary_cropped_B0000373_y0-x0.jpg,binary_cropped_B0000373_y0-x0.jpg,,,,96,96,,,,,,,,,,
photo/kiridashi/split_images/binary_images/binary_cropped_B0000373_y0-x1.jpg,binary_cropped_B0000373_y0-x1.jpg,,,,96,96,,,,,,,,,,
photo/kiridashi/split_images/binary_images/binary_cropped_B0000373_y0-x2.jpg,binary_cropped_B0000373_y0-x2.jpg,,,,96,96,,,,,,,,,,
photo/kiridashi/split_images/binary_images/binary_cropped_B0000373_y1-x0.jpg,binary_cropped_B0000373_y1-x0.jpg,,,,96,96,,,,,,,,,,
photo/kiridashi/split_images/binary_images/binary_cropped_B0000373_y1-x1.jpg,binary_cropped_B0000373_y1-x1.jpg,,,,96,96,,,,,,,,,,
photo/kiridashi/split_images/binary_images/binary_cropped_B0000373_y1-x2.jpg,binary_cropped_B0000373_y1-x2.jpg,,,,96,96,,,,,,,,,,
photo/kiridashi/split_images/binary_images/binary_cropped_B0000374_y0-x0.jpg,binary_cropped_B0000374_y0-x0.jpg,,,,96,96,,,,,,,,,,
photo/kiridashi/split_images/binary_images/binary_cropped_B0000374_y0-x1.jpg,binary_cropped_B0000374_y0-x1.jpg,,,,96,96,,,,,,,,,,
photo/kiridashi/split_images/binary_images/binary_cropped_B0000374_y0-x2.jpg,binary_cropped_B0000374_y0-x2.jpg,,,,96,96,,,,,,,,,,
photo/kiridashi/split_images/binary_images/binary_cropped_B0000374_y1-x0.jpg,binary_cropped_B0000374_y1-x0.jpg,,,,1,1,,,,,,,,,,
photo/kiridashi/split_images/binary_images/binary_cropped_B0000374_y1-x1.jpg,binary_cropped_B0000374_y1-x1.jpg,,,,96,96,,,,,,,,,,
photo/kiridashi/split_images/binary_images/binary_cropped_B0000374_y1-x2.jpg,binary_cropped_B0000374_y1-x2.jpg,,,,96,96,,,,,,,,,,
photo/kiridashi/split_images/binary_images/binary_cropped_B0000375_y0-x0.jpg,binary_cropped_B0000375_y0-x0.jpg,,,,96,96,,,,,,,,,,
photo/kiridashi/split_images/binary_images/binary_cropped_B0000375_y0-x1.jpg,binary_cropped_B0000375_y0-x1.jpg,,,,1,1,,,,,,,,,,
photo/kiridashi/split_images/binary_images/binary_cropped_B0000375_y0-x2.jpg,binary_cropped_B0000375_y0-x2.jpg,,,,96,96,,,,,,,,,,
photo/kiridashi/split_images/binary_images/binary_cropped_B0000375_y1-x0.jpg,binary_cropped_B0000375_y1-x0.jpg,,,,1,1,,,,,,,,,,
photo/kiridashi/split_images/binary_images/binary_cropped_B0000375_y1-x1.jpg,binary_cropped_B0000375_y1-x1.jpg,,,,96,96,,,,,,,,,,
photo/kiridashi/split_images/binary_images/binary_cropped_B0000375_y1-x2.jpg,binary_cropped_B0000375_y1-x2.jpg,,,,96,96,,,,,,,,,,
photo/kiridashi/split_images/binary_images/binary_cropped_B0000376_y0-x0.jpg,binary_cropped_B0000376_y0-x0.jpg,,,,1,1,,,,,,,,,,
photo/kiridashi/split_images/binary_images/binary_cropped_B0000376_y0-x1.jpg,binary_cropped_B0000376_y0-x1.jpg,,,,96,96,,,,,,,,,,
photo/kiridashi/split_images/binary_images/binary_cropped_B0000376_y0-x2.jpg,binary_cropped_B0000376_y0-x2.jpg,,,,96,96,,,,,,,,,,
photo/kiridashi/split_images/binary_images/binary_cropped_B0000376_y1-x0.jpg,binary_cropped_B0000376_y1-x0.jpg,,,,96,96,,,,,,,,,,
photo/kiridashi/split_images/binary_images/binary_cropped_B0000376_y1-x1.jpg,binary_cropped_B0000376_y1-x1.jpg,,,,1,1,,,,,,,,,,
photo/kiridashi/split_images/binary_images/binary_cropped_B0000376_y1-x2.jpg,binary_cropped_B0000376_y1-x2.jpg,,,,96,96,,,,,,,,,,
photo/kiridashi/split_images/binary_images/binary_cropped_B0000377_y0-x0.jpg,binary_cropped_B0000377_y0-x0.jpg,,,,1,1,,,,,,,,,,
photo/kiridashi/split_images/binary_images/binary_cropped_B0000377_y0-x1.jpg,binary_cropped_B0000377_y0-x1.jpg,,,,96,96,,,,,,,,,,
photo/kiridashi/split_images/binary_images/binary_cropped_B0000377_y0-x2.jpg,binary_cropped_B0000377_y0-x2.jpg,,,,96,96,,,,,,,,,,
photo/kiridashi/split_images/binary_images/binary_cropped_B0000377_y1-x0.jpg,binary_cropped_B0000377_y1-x0.jpg,,,,96,96,,,,,,,,,,
photo/kiridashi/split_images/binary_images/binary_cropped_B0000377_y1-x1.jpg,binary_cropped_B0000377_y1-x1.jpg,,,,1,1,,,,,,,,,,
photo/kiridashi/split_images/binary_images/binary_cropped_B0000377_y1-x2.jpg,binary_cropped_B0000377_y1-x2.jpg,,,,96,96,,,,,,,,,,
photo/kiridashi/split_images/binary_images/binary_cropped_B0000378_y0-x0.jpg,binary_cropped_B0000378_y0-x0.jpg,,,,96,96,,,,,,,,,,
photo/kiridashi/split_images/binary_images/binary_cropped_B0000378_y0-x1.jpg,binary_cropped_B0000378_y0-x1.jpg,,,,96,96,,,,,,,,,,
photo/kiridashi/split_images/binary_images/binary_cropped_B0000378_y0-x2.jpg,binary_cropped_B0000378_y0-x2.jpg,,,,96,96,,,,,,,,,,
photo/kiridashi/split_images/binary_images/binary_cropped_B0000378_y1-x0.jpg,binary_cropped_B0000378_y1-x0.jpg,,,,96,96,,,,,,,,,,
photo/kiridashi/split_images/binary_images/binary_cropped_B0000378_y1-x1.jpg,binary_cropped_B0000378_y1-x1.jpg,,,,96,96,,,,,,,,,,
photo/kiridashi/split_images/binary_images/binary_cropped_B0000378_y1-x2.jpg,binary_cropped_B0000378_y1-x2.jpg,,,,96,96,,,,,,,,,,
photo/kiridashi/split_images/binary_images/binary_cropped_B0000379_y0-x0.jpg,binary_cropped_B0000379_y0-x0.jpg,,,,96,96,,,,,,,,,,
photo/kiridashi/split_images/binary_images/binary_cropped_B0000379_y0-x1.jpg,binary_cropped_B0000379_y0-x1.jpg,,,,1,1,,,,,,,,,,
photo/kiridashi/split_images/binary_images/binary_cropped_B0000379_y0-x2.jpg,binary_cropped_B0000379_y0-x2.jpg,,,,96,96,,,,,,,,,,
photo/kiridashi/split_images/binary_images/binary_cropped_B0000379_y1-x0.jpg,binary_cropped_B0000379_y1-x0.jpg,,,,96,96,,,,,,,,,,
photo/kiridashi/split_images/binary_images/binary_cropped_B0000379_y1-x1.jpg,binary_cropped_B0000379_y1-x1.jpg,,,,96,96,,,,,,,,,,
photo/kiridashi/split_images/binary_images/binary_cropped_B0000379_y1-x2.jpg,binary_cropped_B0000379_y1-x2.jpg,,,,96,96,,,,,,,,,,
photo/kiridashi/split_images/binary_images/binary_cropped_B0000380_y0-x0.jpg,binary_cropped_B0000380_y0-x0.jpg,,,,96,96,,,,,,,,,,
photo/kiridashi/split_images/binary_images/binary_cropped_B0000380_y0-x1.jpg,binary_cropped_B0000380_y0-x1.jpg,,,,96,96,,,,,,,,,,
photo/kiridashi/split_images/binary_images/binary_cropped_B0000380_y0-x2.jpg,binary_cropped_B0000380_y0-x2.jpg,,,,96,96,,,,,,,,,,
photo/kiridashi/split_images/binary_images/binary_cropped_B0000380_y1-x0.jpg,binary_cropped_B0000380_y1-x0.jpg,,,,96,96,,,,,,,,,,
photo/kiridashi/split_images/binary_images/binary_cropped_B0000380_y1-x1.jpg,binary_cropped_B0000380_y1-x1.jpg,,,,96,96,,,,,,,,,,
photo/kiridashi/split_images/binary_images/binary_cropped_B0000380_y1-x2.jpg,binary_cropped_B0000380_y1-x2.jpg,,,,96,96,,,,,,,,,,
photo/kiridashi/split_images/binary_images/binary_cropped_B0000381_y0-x0.jpg,binary_cropped_B0000381_y0-x0.jpg,,,,1,1,,,,,,,,,,
photo/kiridashi/split_images/binary_images/binary_cropped_B0000381_y0-x1.jpg,binary_cropped_B0000381_y0-x1.jpg,,,,96,96,,,,,,,,,,
photo/kiridashi/split_images/binary_images/binary_cropped_B0000381_y0-x2.jpg,binary_cropped_B0000381_y0-x2.jpg,,,,1,1,,,,,,,,,,
photo/kiridashi/split_images/binary_images/binary_cropped_B0000381_y1-x0.jpg,binary_cropped_B0000381_y1-x0.jpg,,,,1,1,,,,,,,,,,
photo/kiridashi/split_images/binary_images/binary_cropped_B0000381_y1-x1.jpg,binary_cropped_B0000381_y1-x1.jpg,,,,1,1,,,,,,,,,,
photo/kiridashi/split_images/binary_images/binary_cropped_B0000381_y1-x2.jpg,binary_cropped_B0000381_y1-x2.jpg,,,,96,96,,,,,,,,,,
photo/kiridashi/split_images/binary_images/binary_cropped_B0000382_y0-x0.jpg,binary_cropped_B0000382_y0-x0.jpg,,,,1,1,,,,,,,,,,
photo/kiridashi/split_images/binary_images/binary_cropped_B0000382_y0-x1.jpg,binary_cropped_B0000382_y0-x1.jpg,,,,1,1,,,,,,,,,,
photo/kiridashi/split_images/binary_images/binary_cropped_B0000382_y0-x2.jpg,binary_cropped_B0000382_y0-x2.jpg,,,,1,1,,,,,,,,,,
photo/kiridashi/split_images/binary_images/binary_cropped_B0000382_y1-x0.jpg,binary_cropped_B0000382_y1-x0.jpg,,,,1,1,,,,,,,,,,
photo/kiridashi/split_images/binary_images/binary_cropped_B0000382_y1-x1.jpg,binary_cropped_B0000382_y1-x1.jpg,,,,1,1,,,,,,,,,,
photo/kiridashi/split_images/binary_images/binary_cropped_B0000382_y1-x2.jpg,binary_cropped_B0000382_y1-x2.jpg,,,,1,1,,,,,,,,,,
photo/kiridashi/split_images/binary_images/binary_cropped_B0000383_y0-x0.jpg,binary_cropped_B0000383_y0-x0.jpg,,,,1,1,,,,,,,,,,
photo/kiridashi/split_images/binary_images/binary_cropped_B0000383_y0-x1.jpg,binary_cropped_B0000383_y0-x1.jpg,,,,1,1,,,,,,,,,,
photo/kiridashi/split_images/binary_images/binary_cropped_B0000383_y0-x2.jpg,binary_cropped_B0000383_y0-x2.jpg,,,,1,1,,,,,,,,,,
photo/kiridashi/split_images/binary_images/binary_cropped_B0000383_y1-x0.jpg,binary_cropped_B0000383_y1-x0.jpg,,,,1,1,,,,,,,,,,
photo/kiridashi/split_images/binary_images/binary_cropped_B0000383_y1-x1.jpg,binary_cropped_B0000383_y1-x1.jpg,,,,1,1,,,,,,,,,,
photo/kiridashi/split_images/binary_images/binary_cropped_B0000383_y1-x2.jpg,binary_cropped_B0000383_y1-x2.jpg,,,,1,1,,,,,,,,,,
photo/kiridashi/split_images/binary_images/binary_cropped_B0000384_y0-x0.jpg,binary_cropped_B0000384_y0-x0.jpg,,,,1,1,,,,,,,,,,
photo/kiridashi/split_images/binary_images/binary_cropped_B0000384_y0-x1.jpg,binary_cropped_B0000384_y0-x1.jpg,,,,1,1,,,,,,,,,,
photo/kiridashi/split_images/binary_images/binary_cropped_B0000384_y0-x2.jpg,binary_cropped_B0000384_y0-x2.jpg,,,,1,1,,,,,,,,,,
photo/kiridashi/split_images/binary_images/binary_cropped_B0000384_y1-x0.jpg,binary_cropped_B0000384_y1-x0.jpg,,,,1,1,,,,,,,,,,
photo/kiridashi/split_images/binary_images/binary_cropped_B0000384_y1-x1.jpg,binary_cropped_B0000384_y1-x1.jpg,,,,1,1,,,,,,,,,,
photo/kiridashi/split_images/binary_images/binary_cropped_B0000384_y1-x2.jpg,binary_cropped_B0000384_y1-x2.jpg,,,,1,1,,,,,,,,,,
photo/kiridashi/split_images/binary_images/binary_cropped_B0000385_y0-x0.jpg,binary_cropped_B0000385_y0-x0.jpg,,,,1,1,,,,,,,,,,
photo/kiridashi/split_images/binary_images/binary_cropped_B0000385_y0-x1.jpg,binary_cropped_B0000385_y0-x1.jpg,,,,1,1,,,,,,,,,,
photo/kiridashi/split_images/binary_images/binary_cropped_B0000385_y0-x2.jpg,binary_cropped_B0000385_y0-x2.jpg,,,,1,1,,,,,,,,,,
photo/kiridashi/split_images/binary_images/binary_cropped_B0000385_y1-x0.jpg,binary_cropped_B0000385_y1-x0.jpg,,,,1,1,,,,,,,,,,
photo/kiridashi/split_images/binary_images/binary_cropped_B0000385_y1-x1.jpg,binary_cropped_B0000385_y1-x1.jpg,,,,1,1,,,,,,,,,,
photo/kiridashi/split_images/binary_images/binary_cropped_B0000385_y1-x2.jpg,binary_cropped_B0000385_y1-x2.jpg,,,,1,1,,,,,,,,,,
photo/kiridashi/split_images/binary_images/binary_cropped_B0000386_y0-x0.jpg,binary_cropped_B0000386_y0-x0.jpg,,,,1,1,,,,,,,,,,
photo/kiridashi/split_images/binary_images/binary_cropped_B0000386_y0-x1.jpg,binary_cropped_B0000386_y0-x1.jpg,,,,1,1,,,,,,,,,,
photo/kiridashi/split_images/binary_images/binary_cropped_B0000386_y0-x2.jpg,binary_cropped_B0000386_y0-x2.jpg,,,,1,1,,,,,,,,,,
photo/kiridashi/split_images/binary_images/binary_cropped_B0000386_y1-x0.jpg,binary_cropped_B0000386_y1-x0.jpg,,,,1,1,,,,,,,,,,
photo/kiridashi/split_images/binary_images/binary_cropped_B0000386_y1-x1.jpg,binary_cropped_B0000386_y1-x1.jpg,,,,1,1,,,,,,,,,,
photo/kiridashi/split_images/binary_images/binary_cropped_B0000386_y1-x2.jpg,binary_cropped_B0000386_y1-x2.jpg,,,,1,1,,,,,,,,,,
photo/kiridashi/split_images/binary_images/binary_cropped_B0000387_y0-x0.jpg,binary_cropped_B0000387_y0-x0.jpg,,,,1,1,,,,,,,,,,
photo/kiridashi/split_images/binary_images/binary_cropped_B0000387_y0-x1.jpg,binary_cropped_B0000387_y0-x1.jpg,,,,1,1,,,,,,,,,,
photo/kiridashi/split_images/binary_images/binary_cropped_B0000387_y0-x2.jpg,binary_cropped_B0000387_y0-x2.jpg,,,,1,1,,,,,,,,,,
photo/kiridashi/split_images/binary_images/binary_cropped_B0000387_y1-x0.jpg,binary_cropped_B0000387_y1-x0.jpg,,,,1,1,,,,,,,,,,
photo/kiridashi/split_images/binary_images/binary_cropped_B0000387_y1-x1.jpg,binary_cropped_B0000387_y1-x1.jpg,,,,1,1,,,,,,,,,,
photo/kiridashi/split_images/binary_images/binary_cropped_B0000387_y1-x2.jpg,binary_cropped_B0000387_y1-x2.jpg,,,,1,1,,,,,,,,,,
photo/kiridashi/split_images/binary_images/binary_cropped_B0000388_y0-x0.jpg,binary_cropped_B0000388_y0-x0.jpg,,,,1,1,,,,,,,,,,
photo/kiridashi/split_images/binary_images/binary_cropped_B0000388_y0-x1.jpg,binary_cropped_B0000388_y0-x1.jpg,,,,1,1,,,,,,,,,,
photo/kiridashi/split_images/binary_images/binary_cropped_B0000388_y0-x2.jpg,binary_cropped_B0000388_y0-x2.jpg,,,,1,1,,,,,,,,,,
photo/kiridashi/split_images/binary_images/binary_cropped_B0000388_y1-x0.jpg,binary_cropped_B0000388_y1-x0.jpg,,,,1,1,,,,,,,,,,
photo/kiridashi/split_images/binary_images/binary_cropped_B0000388_y1-x1.jpg,binary_cropped_B0000388_y1-x1.jpg,,,,1,1,,,,,,,,,,
photo/kiridashi/split_images/binary_images/binary_cropped_B0000388_y1-x2.jpg,binary_cropped_B0000388_y1-x2.jpg,,,,1,1,,,,,,,,,,
photo/kiridashi/split_images/binary_images/binary_cropped_B0000389_y0-x0.jpg,binary_cropped_B0000389_y0-x0.jpg,,,,1,1,,,,,,,,,,
photo/kiridashi/split_images/binary_images/binary_cropped_B0000389_y0-x1.jpg,binary_cropped_B0000389_y0-x1.jpg,,,,1,1,,,,,,,,,,
photo/kiridashi/split_images/binary_images/binary_cropped_B0000389_y0-x2.jpg,binary_cropped_B0000389_y0-x2.jpg,,,,1,1,,,,,,,,,,
photo/kiridashi/split_images/binary_images/binary_cropped_B0000389_y1-x0.jpg,binary_cropped_B0000389_y1-x0.jpg,,,,1,1,,,,,,,,,,
photo/kiridashi/split_images/binary_images/binary_cropped_B0000389_y1-x1.jpg,binary_cropped_B0000389_y1-x1.jpg,,,,1,1,,,,,,,,,,
photo/kiridashi/split_images/binary_images/binary_cropped_C0000191_y0-x0.jpg,binary_cropped_C0000191_y0-x0.jpg,,,,96,96,,,,,,,,,,
photo/kiridashi/split_images/binary_images/binary_cropped_C0000191_y0-x1.jpg,binary_cropped_C0000191_y0-x1.jpg,,,,96,96,,,,,,,,,,
photo/kiridashi/split_images/binary_images/binary_cropped_C0000191_y0-x2.jpg,binary_cropped_C0000191_y0-x2.jpg,,,,96,96,,,,,,,,,,
photo/kiridashi/split_images/binary_images/binary_cropped_C0000191_y1-x0.jpg,binary_cropped_C0000191_y1-x0.jpg,,,,96,96,,,,,,,,,,
photo/kiridashi/split_images/binary_images/binary_cropped_C0000191_y1-x1.jpg,binary_cropped_C0000191_y1-x1.jpg,,,,96,96,,,,,,,,,,
photo/kiridashi/split_images/binary_images/binary_cropped_C0000191_y1-x2.jpg,binary_cropped_C0000191_y1-x2.jpg,,,,96,96,,,,,,,,,,
photo/kiridashi/split_images/binary_images/binary_cropped_C0000202_y0-x0.jpg,binary_cropped_C0000202_y0-x0.jpg,,,,96,96,,,,,,,,,,
photo/kiridashi/split_images/binary_images/binary_cropped_C0000202_y0-x1.jpg,binary_cropped_C0000202_y0-x1.jpg,,,,96,96,,,,,,,,,,
photo/kiridashi/split_images/binary_images/binary_cropped_C0000202_y0-x2.jpg,binary_cropped_C0000202_y0-x2.jpg,,,,96,96,,,,,,,,,,
photo/kiridashi/split_images/binary_images/binary_cropped_C0000202_y1-x0.jpg,binary_cropped_C0000202_y1-x0.jpg,,,,96,96,,,,,,,,,,
photo/kiridashi/split_images/binary_images/binary_cropped_C0000202_y1-x1.jpg,binary_cropped_C0000202_y1-x1.jpg,,,,1,1,,,,,,,,,,
photo/kiridashi/split_images/binary_images/binary_cropped_C0000202_y1-x2.jpg,binary_cropped_C0000202_y1-x2.jpg,,,,96,96,,,,,,,,,,
photo/kiridashi/split_images/binary_images/binary_cropped_C0000203_y0-x0.jpg,binary_cropped_C0000203_y0-x0.jpg,,,,96,96,,,,,,,,,,
photo/kiridashi/split_images/binary_images/binary_cropped_C0000203_y0-x1.jpg,binary_cropped_C0000203_y0-x1.jpg,,,,1,1,,,,,,,,,,
photo/kiridashi/split_images/binary_images/binary_cropped_C0000203_y0-x2.jpg,binary_cropped_C0000203_y0-x2.jpg,,,,96,96,,,,,,,,,,
photo/kiridashi/split_images/binary_images/binary_cropped_C0000203_y1-x0.jpg,binary_cropped_C0000203_y1-x0.jpg,,,,1,1,,,,,,,,,,
photo/kiridashi/split_images/binary_images/binary_cropped_C0000203_y1-x1.jpg,binary_cropped_C0000203_y1-x1.jpg,,,,96,96,,,,,,,,,,
photo/kiridashi/split_images/binary_images/binary_cropped_C0000203_y1-x2.jpg,binary_cropped_C0000203_y1-x2.jpg,,,,1,1,,,,,,,,,,
photo/kiridashi/split_images/binary_images/binary_cropped_C0000204_y0-x0.jpg,binary_cropped_C0000204_y0-x0.jpg,,,,96,96,,,,,,,,,,
photo/kiridashi/split_images/binary_images/binary_cropped_C0000204_y0-x1.jpg,binary_cropped_C0000204_y0-x1.jpg,,,,96,96,,,,,,,,,,
photo/kiridashi/split_images/binary_images/binary_cropped_C0000204_y0-x2.jpg,binary_cropped_C0000204_y0-x2.jpg,,,,96,96,,,,,,,,,,
photo/kiridashi/split_images/binary_images/binary_cropped_C0000204_y1-x0.jpg,binary_cropped_C0000204_y1-x0.jpg,,,,1,1,,,,,,,,,,
photo/kiridashi/split_images/binary_images/binary_cropped_C0000204_y1-x1.jpg,binary_cropped_C0000204_y1-x1.jpg,,,,96,96,,,,,,,,,,
photo/kiridashi/split_images/binary_images/binary_cropped_C0000204_y1-x2.jpg,binary_cropped_C0000204_y1-x2.jpg,,,,1,1,,,,,,,,,,
photo/kiridashi/split_images/binary_images/binary_cropped_C0000205_y0-x0.jpg,binary_cropped_C0000205_y0-x0.jpg,,,,1,1,,,,,,,,,,
photo/kiridashi/split_images/binary_images/binary_cropped_C0000205_y0-x1.jpg,binary_cropped_C0000205_y0-x1.jpg,,,,96,96,,,,,,,,,,
photo/kiridashi/split_images/binary_images/binary_cropped_C0000205_y0-x2.jpg,binary_cropped_C0000205_y0-x2.jpg,,,,96,96,,,,,,,,,,
photo/kiridashi/split_images/binary_images/binary_cropped_C0000205_y1-x0.jpg,binary_cropped_C0000205_y1-x0.jpg,,,,96,96,,,,,,,,,,
photo/kiridashi/split_images/binary_images/binary_cropped_C0000205_y1-x1.jpg,binary_cropped_C0000205_y1-x1.jpg,,,,96,96,,,,,,,,,,
photo/kiridashi/split_images/binary_images/binary_cropped_C0000205_y1-x2.jpg,binary_cropped_C0000205_y1-x2.jpg,,,,96,96,,,,,,,,,,
photo/kiridashi/split_images/binary_images/binary_cropped_C0000206_y0-x0.jpg,binary_cropped_C0000206_y0-x0.jpg,,,,96,96,,,,,,,,,,
photo/kiridashi/split_images/binary_images/binary_cropped_C0000206_y0-x1.jpg,binary_cropped_C0000206_y0-x1.jpg,,,,96,96,,,,,,,,,,
photo/kiridashi/split_images/binary_images/binary_cropped_C0000206_y0-x2.jpg,binary_cropped_C0000206_y0-x2.jpg,,,,96,96,,,,,,,,,,
photo/kiridashi/split_images/binary_images/binary_cropped_C0000206_y1-x0.jpg,binary_cropped_C0000206_y1-x0.jpg,,,,96,96,,,,,,,,,,
photo/kiridashi/split_images/binary_images/binary_cropped_C0000206_y1-x1.jpg,binary_cropped_C0000206_y1-x1.jpg,,,,1,1,,,,,,,,,,
photo/kiridashi/split_images/binary_images/binary_cropped_C0000206_y1-x2.jpg,binary_cropped_C0000206_y1-x2.jpg,,,,96,96,,,,,,,,,,
photo/kiridashi/split_images/binary_images/binary_cropped_C0000207_y0-x0.jpg,binary_cropped_C0000207_y0-x0.jpg,,,,96,96,,,,,,,,,,
photo/kiridashi/split_images/binary_images/binary_cropped_C0000207_y0-x1.jpg,binary_cropped_C0000207_y0-x1.jpg,,,,1,1,,,,,,,,,,
photo/kiridashi/split_images/binary_images/binary_cropped_C0000207_y0-x2.jpg,binary_cropped_C0000207_y0-x2.jpg,,,,96,96,,,,,,,,,,
photo/kiridashi/split_images/binary_images/binary_cropped_C0000207_y1-x0.jpg,binary_cropped_C0000207_y1-x0.jpg,,,,1,1,,,,,,,,,,
photo/kiridashi/split_images/binary_images/binary_cropped_C0000207_y1-x1.jpg,binary_cropped_C0000207_y1-x1.jpg,,,,96,96,,,,,,,,,,
photo/kiridashi/split_images/binary_images/binary_cropped_C0000207_y1-x2.jpg,binary_cropped_C0000207_y1-x2.jpg,,,,1,1,,,,,,,,,,
photo/kiridashi/split_images/binary_images/binary_cropped_C0000208_y0-x0.jpg,binary_cropped_C0000208_y0-x0.jpg,,,,96,96,,,,,,,,,,
photo/kiridashi/split_images/binary_images/binary_cropped_C0000208_y0-x1.jpg,binary_cropped_C0000208_y0-x1.jpg,,,,96,96,,,,,,,,,,
photo/kiridashi/split_images/binary_images/binary_cropped_C0000208_y0-x2.jpg,binary_cropped_C0000208_y0-x2.jpg,,,,96,96,,,,,,,,,,
photo/kiridashi/split_images/binary_images/binary_cropped_C0000208_y1-x0.jpg,binary_cropped_C0000208_y1-x0.jpg,,,,1,1,,,,,,,,,,
photo/kiridashi/split_images/binary_images/binary_cropped_C0000208_y1-x1.jpg,binary_cropped_C0000208_y1-x1.jpg,,,,96,96,,,,,,,,,,
photo/kiridashi/split_images/binary_images/binary_cropped_C0000208_y1-x2.jpg,binary_cropped_C0000208_y1-x2.jpg,,,,96,96,,,,,,,,,,
photo/kiridashi/split_images/binary_images/binary_cropped_C0000209_y0-x0.jpg,binary_cropped_C0000209_y0-x0.jpg,,,,96,96,,,,,,,,,,
photo/kiridashi/split_images/binary_images/binary_cropped_C0000209_y0-x1.jpg,binary_cropped_C0000209_y0-x1.jpg,,,,96,96,,,,,,,,,,
photo/kiridashi/split_images/binary_images/binary_cropped_C0000209_y0-x2.jpg,binary_cropped_C0000209_y0-x2.jpg,,,,96,96,,,,,,,,,,
photo/kiridashi/split_images/binary_images/binary_cropped_C0000209_y1-x0.jpg,binary_cropped_C0000209_y1-x0.jpg,,,,96,96,,,,,,,,,,
photo/kiridashi/split_images/binary_images/binary_cropped_C0000209_y1-x1.jpg,binary_cropped_C0000209_y1-x1.jpg,,,,1,1,,,,,,,,,,
photo/kiridashi/split_images/binary_images/binary_cropped_C0000209_y1-x2.jpg,binary_cropped_C0000209_y1-x2.jpg,,,,96,96,,,,,,,,,,
photo/kiridashi/split_images/binary_images/binary_cropped_C0000210_y0-x0.jpg,binary_cropped_C0000210_y0-x0.jpg,,,,96,96,,,,,,,,,,
photo/kiridashi/split_images/binary_images/binary_cropped_C0000210_y0-x1.jpg,binary_cropped_C0000210_y0-x1.jpg,,,,96,96,,,,,,,,,,
photo/kiridashi/split_images/binary_images/binary_cropped_C0000210_y0-x2.jpg,binary_cropped_C0000210_y0-x2.jpg,,,,96,96,,,,,,,,,,
photo/kiridashi/split_images/binary_images/binary_cropped_C0000210_y1-x0.jpg,binary_cropped_C0000210_y1-x0.jpg,,,,96,96,,,,,,,,,,
photo/kiridashi/split_images/binary_images/binary_cropped_C0000210_y1-x1.jpg,binary_cropped_C0000210_y1-x1.jpg,,,,1,1,,,,,,,,,,
photo/kiridashi/split_images/binary_images/binary_cropped_C0000210_y1-x2.jpg,binary_cropped_C0000210_y1-x2.jpg,,,,96,96,,,,,,,,,,
photo/kiridashi/split_images/binary_images/binary_cropped_C0000211_y0-x0.jpg,binary_cropped_C0000211_y0-x0.jpg,,,,96,96,,,,,,,,,,
photo/kiridashi/split_images/binary_images/binary_cropped_C0000211_y0-x1.jpg,binary_cropped_C0000211_y0-x1.jpg,,,,1,1,,,,,,,,,,
photo/kiridashi/split_images/binary_images/binary_cropped_C0000211_y0-x2.jpg,binary_cropped_C0000211_y0-x2.jpg,,,,96,96,,,,,,,,,,
photo/kiridashi/split_images/binary_images/binary_cropped_C0000211_y1-x0.jpg,binary_cropped_C0000211_y1-x0.jpg,,,,96,96,,,,,,,,,,
photo/kiridashi/split_images/binary_images/binary_cropped_C0000211_y1-x1.jpg,binary_cropped_C0000211_y1-x1.jpg,,,,96,96,,,,,,,,,,
photo/kiridashi/split_images/binary_images/binary_cropped_C0000211_y1-x2.jpg,binary_cropped_C0000211_y1-x2.jpg,,,,96,96,,,,,,,,,,
photo/kiridashi/split_images/binary_images/binary_cropped_C0000212_y0-x0.jpg,binary_cropped_C0000212_y0-x0.jpg,,,,96,96,,,,,,,,,,
photo/kiridashi/split_images/binary_images/binary_cropped_C0000212_y0-x1.jpg,binary_cropped_C0000212_y0-x1.jpg,,,,1,1,,,,,,,,,,
photo/kiridashi/split_images/binary_images/binary_cropped_C0000212_y0-x2.jpg,binary_cropped_C0000212_y0-x2.jpg,,,,96,96,,,,,,,,,,
photo/kiridashi/split_images/binary_images/binary_cropped_C0000212_y1-x0.jpg,binary_cropped_C0000212_y1-x0.jpg,,,,96,96,,,,,,,,,,
photo/kiridashi/split_images/binary_images/binary_cropped_C0000212_y1-x1.jpg,binary_cropped_C0000212_y1-x1.jpg,,,,96,96,,,,,,,,,,
photo/kiridashi/split_images/binary_images/binary_cropped_C0000212_y1-x2.jpg,binary_cropped_C0000212_y1-x2.jpg,,,,96,96,,,,,,,,,,
photo/kiridashi/split_images/binary_images/binary_cropped_C0000213_y0-x0.jpg,binary_cropped_C0000213_y0-x0.jpg,,,,1,1,,,,,,,,,,
photo/kiridashi/split_images/binary_images/binary_cropped_C0000213_y0-x1.jpg,binary_cropped_C0000213_y0-x1.jpg,,,,96,96,,,,,,,,,,
photo/kiridashi/split_images/binary_images/binary_cropped_C0000213_y0-x2.jpg,binary_cropped_C0000213_y0-x2.jpg,,,,1,1,,,,,,,,,,
photo/kiridashi/split_images/binary_images/binary_cropped_C0000213_y1-x0.jpg,binary_cropped_C0000213_y1-x0.jpg,,,,1,1,,,,,,,,,,
photo/kiridashi/split_images/binary_images/binary_cropped_C0000213_y1-x1.jpg,binary_cropped_C0000213_y1-x1.jpg,,,,1,1,,,,,,,,,,
photo/kiridashi/split_images/binary_images/binary_cropped_C0000213_y1-x2.jpg,binary_cropped_C0000213_y1-x2.jpg,,,,96,96,,,,,,,,,,
photo/kiridashi/split_images/binary_images/binary_cropped_C0000214_y0-x0.jpg,binary_cropped_C0000214_y0-x0.jpg,,,,96,96,,,,,,,,,,
photo/kiridashi/split_images/binary_images/binary_cropped_C0000214_y0-x1.jpg,binary_cropped_C0000214_y0-x1.jpg,,,,96,96,,,,,,,,,,
photo/kiridashi/split_images/binary_images/binary_cropped_C0000214_y0-x2.jpg,binary_cropped_C0000214_y0-x2.jpg,,,,96,96,,,,,,,,,,
photo/kiridashi/split_images/binary_images/binary_cropped_C0000214_y1-x0.jpg,binary_cropped_C0000214_y1-x0.jpg,,,,96,96,,,,,,,,,,
photo/kiridashi/split_images/binary_images/binary_cropped_C0000214_y1-x1.jpg,binary_cropped_C0000214_y1-x1.jpg,,,,1,1,,,,,,,,,,
photo/kiridashi/split_images/binary_images/binary_cropped_C0000214_y1-x2.jpg,binary_cropped_C0000214_y1-x2.jpg,,,,96,96,,,,,,,,,,
photo/kiridashi/split_images/binary_images/binary_cropped_C0000215_y0-x0.jpg,binary_cropped_C0000215_y0-x0.jpg,,,,96,96,,,,,,,,,,
photo/kiridashi/split_images/binary_images/binary_cropped_C0000215_y0-x1.jpg,binary_cropped_C0000215_y0-x1.jpg,,,,96,96,,,,,,,,,,
photo/kiridashi/split_images/binary_images/binary_cropped_C0000215_y0-x2.jpg,binary_cropped_C0000215_y0-x2.jpg,,,,96,96,,,,,,,,,,
photo/kiridashi/split_images/binary_images/binary_cropped_C0000215_y1-x0.jpg,binary_cropped_C0000215_y1-x0.jpg,,,,1,1,,,,,,,,,,
photo/kiridashi/split_images/binary_images/binary_cropped_C0000215_y1-x1.jpg,binary_cropped_C0000215_y1-x1.jpg,,,,96,96,,,,,,,,,,
photo/kiridashi/split_images/binary_images/binary_cropped_C0000215_y1-x2.jpg,binary_cropped_C0000215_y1-x2.jpg,,,,96,96,,,,,,,,,,
photo/kiridashi/split_images/binary_images/binary_cropped_C0000216_y0-x0.jpg,binary_cropped_C0000216_y0-x0.jpg,,,,96,96,,,,,,,,,,
photo/kiridashi/split_images/binary_images/binary_cropped_C0000216_y0-x1.jpg,binary_cropped_C0000216_y0-x1.jpg,,,,1,1,,,,,,,,,,
photo/kiridashi/split_images/binary_images/binary_cropped_C0000216_y0-x2.jpg,binary_cropped_C0000216_y0-x2.jpg,,,,96,96,,,,,,,,,,
photo/kiridashi/split_images/binary_images/binary_cropped_C0000216_y1-x0.jpg,binary_cropped_C0000216_y1-x0.jpg,,,,1,1,,,,,,,,,,
photo/kiridashi/split_images/binary_images/binary_cropped_C0000216_y1-x1.jpg,binary_cropped_C0000216_y1-x1.jpg,,,,1,1,,,,,,,,,,
photo/kiridashi/split_images/binary_images/binary_cropped_C0000216_y1-x2.jpg,binary_cropped_C0000216_y1-x2.jpg,,,,1,1,,,,,,,,,,
photo/kiridashi/split_images/binary_images/binary_cropped_C0000217_y0-x0.jpg,binary_cropped_C0000217_y0-x0.jpg,,,,96,96,,,,,,,,,,
photo/kiridashi/split_images/binary_images/binary_cropped_C0000217_y0-x1.jpg,binary_cropped_C0000217_y0-x1.jpg,,,,1,1,,,,,,,,,,
photo/kiridashi/split_images/binary_images/binary_cropped_C0000217_y0-x2.jpg,binary_cropped_C0000217_y0-x2.jpg,,,,96,96,,,,,,,,,,
photo/kiridashi/split_images/binary_images/binary_cropped_C0000217_y1-x0.jpg,binary_cropped_C0000217_y1-x0.jpg,,,,96,96,,,,,,,,,,
photo/kiridashi/split_images/binary_images/binary_cropped_C0000217_y1-x1.jpg,binary_cropped_C0000217_y1-x1.jpg,,,,1,1,,,,,,,,,,
photo/kiridashi/split_images/binary_images/binary_cropped_C0000217_y1-x2.jpg,binary_cropped_C0000217_y1-x2.jpg,,,,96,96,,,,,,,,,,
photo/kiridashi/split_images/binary_images/binary_cropped_C0000218_y0-x0.jpg,binary_cropped_C0000218_y0-x0.jpg,,,,96,96,,,,,,,,,,
photo/kiridashi/split_images/binary_images/binary_cropped_C0000218_y0-x1.jpg,binary_cropped_C0000218_y0-x1.jpg,,,,96,96,,,,,,,,,,
photo/kiridashi/split_images/binary_images/binary_cropped_C0000218_y0-x2.jpg,binary_cropped_C0000218_y0-x2.jpg,,,,96,96,,,,,,,,,,
photo/kiridashi/split_images/binary_images/binary_cropped_C0000218_y1-x0.jpg,binary_cropped_C0000218_y1-x0.jpg,,,,96,96,,,,,,,,,,
photo/kiridashi/split_images/binary_images/binary_cropped_C0000218_y1-x1.jpg,binary_cropped_C0000218_y1-x1.jpg,,,,96,96,,,,,,,,,,
photo/kiridashi/split_images/binary_images/binary_cropped_C0000218_y1-x2.jpg,binary_cropped_C0000218_y1-x2.jpg,,,,96,96,,,,,,,,,,
photo/kiridashi/split_images/binary_images/binary_cropped_C0000219_y0-x0.jpg,binary_cropped_C0000219_y0-x0.jpg,,,,96,96,,,,,,,,,,
photo/kiridashi/split_images/binary_images/binary_cropped_C0000219_y0-x1.jpg,binary_cropped_C0000219_y0-x1.jpg,,,,96,96,,,,,,,,,,
photo/kiridashi/split_images/binary_images/binary_cropped_C0000219_y0-x2.jpg,binary_cropped_C0000219_y0-x2.jpg,,,,96,96,,,,,,,,,,
photo/kiridashi/split_images/binary_images/binary_cropped_C0000219_y1-x0.jpg,binary_cropped_C0000219_y1-x0.jpg,,,,96,96,,,,,,,,,,
photo/kiridashi/split_images/binary_images/binary_cropped_C0000219_y1-x1.jpg,binary_cropped_C0000219_y1-x1.jpg,,,,96,96,,,,,,,,,,
photo/kiridashi/split_images/binary_images/binary_cropped_C0000219_y1-x2.jpg,binary_cropped_C0000219_y1-x2.jpg,,,,96,96,,,,,,,,,,
photo/kiridashi/split_images/binary_images/binary_cropped_C0000220_y0-x0.jpg,binary_cropped_C0000220_y0-x0.jpg,,,,96,96,,,,,,,,,,
photo/kiridashi/split_images/binary_images/binary_cropped_C0000220_y0-x1.jpg,binary_cropped_C0000220_y0-x1.jpg,,,,1,1,,,,,,,,,,
photo/kiridashi/split_images/binary_images/binary_cropped_C0000220_y0-x2.jpg,binary_cropped_C0000220_y0-x2.jpg,,,,96,96,,,,,,,,,,
photo/kiridashi/split_images/binary_images/binary_cropped_C0000220_y1-x0.jpg,binary_cropped_C0000220_y1-x0.jpg,,,,96,96,,,,,,,,,,
photo/kiridashi/split_images/binary_images/binary_cropped_C0000220_y1-x1.jpg,binary_cropped_C0000220_y1-x1.jpg,,,,96,96,,,,,,,,,,
photo/kiridashi/split_images/binary_images/binary_cropped_C0000220_y1-x2.jpg,binary_cropped_C0000220_y1-x2.jpg,,,,96,96,,,,,,,,,,
photo/kiridashi/split_images/binary_images/binary_cropped_C0000221_y0-x0.jpg,binary_cropped_C0000221_y0-x0.jpg,,,,96,96,,,,,,,,,,
photo/kiridashi/split_images/binary_images/binary_cropped_C0000221_y0-x1.jpg,binary_cropped_C0000221_y0-x1.jpg,,,,96,96,,,,,,,,,,
photo/kiridashi/split_images/binary_images/binary_cropped_C0000221_y0-x2.jpg,binary_cropped_C0000221_y0-x2.jpg,,,,96,96,,,,,,,,,,
photo/kiridashi/split_images/binary_images/binary_cropped_C0000221_y1-x0.jpg,binary_cropped_C0000221_y1-x0.jpg,,,,96,96,,,,,,,,,,
photo/kiridashi/split_images/binary_images/binary_cropped_C0000221_y1-x1.jpg,binary_cropped_C0000221_y1-x1.jpg,,,,96,96,,,,,,,,,,
photo/kiridashi/split_images/binary_images/binary_cropped_C0000221_y1-x2.jpg,binary_cropped_C0000221_y1-x2.jpg,,,,96,96,,,,,,,,,,
photo/kiridashi/split_images/binary_images/binary_cropped_C0000222_y0-x0.jpg,binary_cropped_C0000222_y0-x0.jpg,,,,96,96,,,,,,,,,,
photo/kiridashi/split_images/binary_images/binary_cropped_C0000222_y0-x1.jpg,binary_cropped_C0000222_y0-x1.jpg,,,,96,96,,,,,,,,,,
photo/kiridashi/split_images/binary_images/binary_cropped_C0000222_y0-x2.jpg,binary_cropped_C0000222_y0-x2.jpg,,,,96,96,,,,,,,,,,
photo/kiridashi/split_images/binary_images/binary_cropped_C0000222_y1-x0.jpg,binary_cropped_C0000222_y1-x0.jpg,,,,96,96,,,,,,,,,,
photo/kiridashi/split_images/binary_images/binary_cropped_C0000222_y1-x1.jpg,binary_cropped_C0000222_y1-x1.jpg,,,,1,1,,,,,,,,,,
photo/kiridashi/split_images/binary_images/binary_cropped_C0000222_y1-x2.jpg,binary_cropped_C0000222_y1-x2.jpg,,,,96,96,,,,,,,,,,
photo/kiridashi/split_images/binary_images/binary_cropped_C0000223_y0-x0.jpg,binary_cropped_C0000223_y0-x0.jpg,,,,96,96,,,,,,,,,,
photo/kiridashi/split_images/binary_images/binary_cropped_C0000223_y0-x1.jpg,binary_cropped_C0000223_y0-x1.jpg,,,,96,96,,,,,,,,,,
photo/kiridashi/split_images/binary_images/binary_cropped_C0000223_y0-x2.jpg,binary_cropped_C0000223_y0-x2.jpg,,,,96,96,,,,,,,,,,
photo/kiridashi/split_images/binary_images/binary_cropped_C0000223_y1-x0.jpg,binary_cropped_C0000223_y1-x0.jpg,,,,96,96,,,,,,,,,,
photo/kiridashi/split_images/binary_images/binary_cropped_C0000223_y1-x1.jpg,binary_cropped_C0000223_y1-x1.jpg,,,,1,1,,,,,,,,,,
photo/kiridashi/split_images/binary_images/binary_cropped_C0000223_y1-x2.jpg,binary_cropped_C0000223_y1-x2.jpg,,,,96,96,,,,,,,,,,
photo/kiridashi/split_images/binary_images/binary_cropped_C0000224_y0-x0.jpg,binary_cropped_C0000224_y0-x0.jpg,,,,96,96,,,,,,,,,,
photo/kiridashi/split_images/binary_images/binary_cropped_C0000224_y0-x1.jpg,binary_cropped_C0000224_y0-x1.jpg,,,,96,96,,,,,,,,,,
photo/kiridashi/split_images/binary_images/binary_cropped_C0000224_y0-x2.jpg,binary_cropped_C0000224_y0-x2.jpg,,,,1,1,,,,,,,,,,
photo/kiridashi/split_images/binary_images/binary_cropped_C0000224_y1-x0.jpg,binary_cropped_C0000224_y1-x0.jpg,,,,96,96,,,,,,,,,,
photo/kiridashi/split_images/binary_images/binary_cropped_C0000224_y1-x1.jpg,binary_cropped_C0000224_y1-x1.jpg,,,,1,1,,,,,,,,,,
photo/kiridashi/split_images/binary_images/binary_cropped_C0000224_y1-x2.jpg,binary_cropped_C0000224_y1-x2.jpg,,,,96,96,,,,,,,,,,
photo/kiridashi/split_images/cropped_B0000386_y0-x0.jpg,cropped_B0000386_y0-x0.jpg,,,,96,96,,,,,,,,,,
photo/kiridashi/split_images/cropped_B0000386_y0-x1.jpg,cropped_B0000386_y0-x1.jpg,,,,96,96,,,,,,,,,,
photo/kiridashi/split_images/cropped_B0000386_y0-x2.jpg,cropped_B0000386_y0-x2.jpg,,,,96,96,,,,,,,,,,
photo/kiridashi/split_images/cropped_B0000386_y1-x0.jpg,cropped_B0000386_y1-x0.jpg,,,,96,96,,,,,,,,,,
photo/kiridashi/split_images/cropped_B0000386_y1-x1.jpg,cropped_B0000386_y1-x1.jpg,,,,96,96,,,,,,,,,,
photo/kiridashi/split_images/cropped_B0000386_y1-x2.jpg,cropped_B0000386_y1-x2.jpg,,,,96,96,,,,,,,,,,
photo/kiridashi/split_images/cropped_B0000387_y0-x0.jpg,cropped_B0000387_y0-x0.jpg,,,,96,96,,,,,,,,,,
photo/kiridashi/split_images/cropped_B0000387_y0-x1.jpg,cropped_B0000387_y0-x1.jpg,,,,96,96,,,,,,,,,,
photo/kiridashi/split_images/cropped_B0000387_y0-x2.jpg,cropped_B0000387_y0-x2.jpg,,,,96,96,,,,,,,,,,
photo/kiridashi/split_images/cropped_B0000387_y1-x0.jpg,cropped_B0000387_y1-x0.jpg,,,,96,96,,,,,,,,,,
photo/kiridashi/split_images/cropped_B0000387_y1-x1.jpg,cropped_B0000387_y1-x1.jpg,,,,96,96,,,,,,,,,,
photo/kiridashi/split_images/cropped_B0000387_y1-x2.jpg,cropped_B0000387_y1-x2.jpg,,,,96,96,,,,,,,,,,
photo/kiridashi/split_images/cropped_B0000388_y0-x0.jpg,cropped_B0000388_y0-x0.jpg,,,,96,96,,,,,,,,,,
photo/kiridashi/split_images/cropped_B0000388_y0-x1.jpg,cropped_B0000388_y0-x1.jpg,,,,96,96,,,,,,,,,,
photo/kiridashi/split_images/cropped_B0000388_y0-x2.jpg,cropped_B0000388_y0-x2.jpg,,,,96,96,,,,,,,,,,
photo/kiridashi/split_images/cropped_B0000388_y1-x0.jpg,cropped_B0000388_y1-x0.jpg,,,,96,96,,,,,,,,,,
photo/kiridashi/split_images/cropped_B0000388_y1-x1.jpg,cropped_B0000388_y1-x1.jpg,,,,96,96,,,,,,,,,,
photo/kiridashi/split_images/cropped_B0000388_y1-x2.jpg,cropped_B0000388_y1-x2.jpg,,,,96,96,,,,,,,,,,
photo/kiridashi/split_images/cropped_B0000389_y0-x0.jpg,cropped_B0000389_y0-x0.jpg,,,,96,96,,,,,,,,,,
photo/kiridashi/split_images/cropped_B0000389_y0-x1.jpg,cropped_B0000389_y0-x1.jpg,,,,96,96,,,,,,,,,,
photo/kiridashi/split_images/cropped_B0000389_y0-x2.jpg,cropped_B0000389_y0-x2.jpg,,,,96,96,,,,,,,,,,
photo/kiridashi/split_images/cropped_B0000389_y1-x0.jpg,cropped_B0000389_y1-x0.jpg,,,,96,96,,,,,,,,,,
photo/kiridashi/split_images/cropped_B0000389_y1-x1.jpg,cropped_B0000389_y1-x1.jpg,,,,96,96,,,,,,,,,,
photo/kiridashi/split_images/cropped_B0000389_y1-x2.jpg,cropped_B0000389_y1-x2.jpg,,,,96,96,,,,,,,,,,
