plate,well,sample,light,temp
P01,y0-x0,Sp,PFD100,25
P01,y0-x1,Wa,PFD100,25
P01,y0-x2,Sp,PFD100,25
P01,y1-x0,Wa,PFD100,25
P01,y1-x1,Sp,PFD100,25
P01,y1-x2,Wa,PFD100,25
P02,y0-x0,Si,PFD100,25
P02,y0-x1,Wg,PFD100,25
P02,y0-x2,Si,PFD100,25
P02,y1-x0,Wg,PFD100,25
P02,y1-x1,Si,PFD100,25
P02,y1-x2,Wg,PFD100,25
P03,y0-x0,Wa,PFD100,25
P03,y0-x1,Sp,PFD100,25
P03,y0-x2,Wa,PFD100,25
P03,y1-x0,Sp,PFD100,25
P03,y1-x1,Wa,PFD100,25
P03,y1-x2,Sp,PFD100,25
P04,y0-x0,Wg,PFD100,25
P04,y0-x1,Si,PFD100,25
P04,y0-x2,Wg,PFD100,25
P04,y1-x0,Si,PFD100,25
P04,y1-x1,Wg,PFD100,25
P04,y1-x2,Si,PFD100,25
P05,y0-x0,Sp,PFD1000,25
P05,y0-x1,Wa,PFD1000,25
P05,y0-x2,Sp,PFD1000,25
P05,y1-x0,Wa,PFD1000,25
P05,y1-x1,Sp,PFD1000,25
P05,y1-x2,Wa,PFD1000,25
P06,y0-x0,Si,PFD1000,25
P06,y0-x1,Wg,PFD1000,25
P06,y0-x2,Si,PFD1000,25
P06,y1-x0,Wg,PFD1000,25
P06,y1-x1,Si,PFD1000,25
P06,y1-x2,Wg,PFD1000,25
P07,y0-x0,Wa,PFD1000,25
P07,y0-x1,Sp,PFD1000,25
P07,y0-x2,Wa,PFD1000,25
P07,y1-x0,Sp,PFD1000,25
P07,y1-x1,Wa,PFD1000,25
P07,y1-x2,Sp,PFD1000,25
P08,y0-x0,Wg,PFD1000,25
P08,y0-x1,Si,PFD1000,25
P08,y0-x2,Wg,PFD1000,25
P08,y1-x0,Si,PFD1000,25
P08,y1-x1,Wg,PFD1000,25
P08,y1-x2,Si,PFD1000,25
